DATE,REG,FLTS,YEAR,ROLL_MED_7
2019-01-01,EUR,20268,2019,NA
2019-01-02,EUR,26259,2019,NA
2019-01-03,EUR,26649,2019,NA
2019-01-04,EUR,27162,2019,26259
2019-01-05,EUR,23270,2019,26259
2019-01-06,EUR,25876,2019,25876
2019-01-07,EUR,26771,2019,25876
2019-01-08,EUR,24643,2019,25876
2019-01-09,EUR,25607,2019,25876
2019-01-10,EUR,25881,2019,25607
2019-01-11,EUR,26726,2019,25607
2019-01-12,EUR,21546,2019,25607
2019-01-13,EUR,24247,2019,25540
2019-01-14,EUR,26331,2019,25540
2019-01-15,EUR,24143,2019,25540
2019-01-16,EUR,25540,2019,25540
2019-01-17,EUR,26277,2019,25540
2019-01-18,EUR,28037,2019,25540
2019-01-19,EUR,21468,2019,25540
2019-01-20,EUR,24590,2019,25195
2019-01-21,EUR,26847,2019,25195
2019-01-22,EUR,24683,2019,25195
2019-01-23,EUR,25195,2019,25195
2019-01-24,EUR,26318,2019,25195
2019-01-25,EUR,27564,2019,25195
2019-01-26,EUR,21253,2019,25195
2019-01-27,EUR,24364,2019,25307
2019-01-28,EUR,26335,2019,25307
2019-01-29,EUR,24776,2019,25307
2019-01-30,EUR,25307,2019,25307
2019-01-31,EUR,26447,2019,25307
2019-02-01,EUR,27382,2019,25307
2019-02-02,EUR,21697,2019,25307
2019-02-03,EUR,24055,2019,25995
2019-02-04,EUR,26518,2019,25995
2019-02-05,EUR,25080,2019,25995
2019-02-06,EUR,25995,2019,25995
2019-02-07,EUR,27034,2019,25995
2019-02-08,EUR,28196,2019,25995
2019-02-09,EUR,22119,2019,25995
2019-02-10,EUR,24678,2019,25682
2019-02-11,EUR,26921,2019,25682
2019-02-12,EUR,25586,2019,25682
2019-02-13,EUR,25682,2019,25682
2019-02-14,EUR,27575,2019,25742
2019-02-15,EUR,29198,2019,25742
2019-02-16,EUR,23459,2019,25886
2019-02-17,EUR,25742,2019,26312
2019-02-18,EUR,27233,2019,26312
2019-02-19,EUR,25886,2019,26312
2019-02-20,EUR,26312,2019,26312
2019-02-21,EUR,27733,2019,26312
2019-02-22,EUR,28732,2019,26312
2019-02-23,EUR,23538,2019,26329
2019-02-24,EUR,26259,2019,27028
2019-02-25,EUR,27791,2019,27028
2019-02-26,EUR,26329,2019,27028
2019-02-27,EUR,27028,2019,27028
2019-02-28,EUR,28075,2019,27028
2019-03-01,EUR,28886,2019,27028
2019-03-02,EUR,23449,2019,27028
2019-03-03,EUR,25714,2019,27319
2019-03-04,EUR,27380,2019,27319
2019-03-05,EUR,26509,2019,27319
2019-03-06,EUR,27319,2019,27319
2019-03-07,EUR,28081,2019,27319
2019-03-08,EUR,29181,2019,27319
2019-03-09,EUR,23149,2019,27319
2019-03-10,EUR,25696,2019,26907
2019-03-11,EUR,28193,2019,26907
2019-03-12,EUR,26772,2019,26907
2019-03-13,EUR,26907,2019,26907
2019-03-14,EUR,28131,2019,26907
2019-03-15,EUR,29504,2019,26907
2019-03-16,EUR,23303,2019,26907
2019-03-17,EUR,25948,2019,27855
2019-03-18,EUR,28415,2019,27855
2019-03-19,EUR,26761,2019,27855
2019-03-20,EUR,27855,2019,27855
2019-03-21,EUR,28685,2019,27855
2019-03-22,EUR,29918,2019,27855
2019-03-23,EUR,23296,2019,27855
2019-03-24,EUR,26268,2019,27845
2019-03-25,EUR,28061,2019,27845
2019-03-26,EUR,27177,2019,27845
2019-03-27,EUR,27845,2019,27845
2019-03-28,EUR,28733,2019,27845
2019-03-29,EUR,29845,2019,27845
2019-03-30,EUR,23527,2019,28733
2019-03-31,EUR,27470,2019,29811
2019-04-01,EUR,30609,2019,29845
2019-04-02,EUR,29811,2019,30444
2019-04-03,EUR,30444,2019,30444
2019-04-04,EUR,30924,2019,30444
2019-04-05,EUR,31668,2019,30357
2019-04-06,EUR,25790,2019,30357
2019-04-07,EUR,28082,2019,30357
2019-04-08,EUR,30357,2019,30357
2019-04-09,EUR,29891,2019,30357
2019-04-10,EUR,30889,2019,30357
2019-04-11,EUR,31608,2019,30357
2019-04-12,EUR,32654,2019,30540
2019-04-13,EUR,27264,2019,30540
2019-04-14,EUR,28818,2019,30540
2019-04-15,EUR,30540,2019,30540
2019-04-16,EUR,29946,2019,29946
2019-04-17,EUR,30941,2019,29946
2019-04-18,EUR,31693,2019,29946
2019-04-19,EUR,29546,2019,29546
2019-04-20,EUR,26612,2019,29546
2019-04-21,EUR,27663,2019,29546
2019-04-22,EUR,29486,2019,29546
2019-04-23,EUR,30769,2019,30769
2019-04-24,EUR,30968,2019,30769
2019-04-25,EUR,31741,2019,30769
2019-04-26,EUR,31742,2019,30968
2019-04-27,EUR,27545,2019,30968
2019-04-28,EUR,29350,2019,30564
2019-04-29,EUR,30990,2019,30564
2019-04-30,EUR,30564,2019,30564
2019-05-01,EUR,29187,2019,30564
2019-05-02,EUR,31555,2019,30564
2019-05-03,EUR,32711,2019,30564
2019-05-04,EUR,28102,2019,31555
2019-05-05,EUR,30324,2019,31555
2019-05-06,EUR,31895,2019,31396
2019-05-07,EUR,31848,2019,31396
2019-05-08,EUR,31396,2019,31396
2019-05-09,EUR,30832,2019,31396
2019-05-10,EUR,33617,2019,31396
2019-05-11,EUR,28248,2019,31355
2019-05-12,EUR,30477,2019,31355
2019-05-13,EUR,32411,2019,31884
2019-05-14,EUR,31355,2019,31884
2019-05-15,EUR,31884,2019,31884
2019-05-16,EUR,32573,2019,31884
2019-05-17,EUR,32669,2019,31884
2019-05-18,EUR,28298,2019,31884
2019-05-19,EUR,30266,2019,32453
2019-05-20,EUR,32453,2019,32453
2019-05-21,EUR,31008,2019,32453
2019-05-22,EUR,32561,2019,32453
2019-05-23,EUR,33540,2019,32453
2019-05-24,EUR,34447,2019,32561
2019-05-25,EUR,29293,2019,32561
2019-05-26,EUR,31120,2019,33137
2019-05-27,EUR,33137,2019,32535
2019-05-28,EUR,32535,2019,32535
2019-05-29,EUR,33836,2019,32535
2019-05-30,EUR,31850,2019,32782
2019-05-31,EUR,32782,2019,32782
2019-06-01,EUR,30411,2019,33678
2019-06-02,EUR,33678,2019,33678
2019-06-03,EUR,34346,2019,33841
2019-06-04,EUR,33841,2019,34346
2019-06-05,EUR,34494,2019,34346
2019-06-06,EUR,34638,2019,34346
2019-06-07,EUR,35856,2019,33994
2019-06-08,EUR,31211,2019,34494
2019-06-09,EUR,32102,2019,34600
2019-06-10,EUR,33994,2019,34600
2019-06-11,EUR,34600,2019,34600
2019-06-12,EUR,34967,2019,34600
2019-06-13,EUR,36045,2019,34600
2019-06-14,EUR,36508,2019,34967
2019-06-15,EUR,31553,2019,34967
2019-06-16,EUR,33570,2019,35344
2019-06-17,EUR,35597,2019,35344
2019-06-18,EUR,34899,2019,35344
2019-06-19,EUR,35344,2019,35344
2019-06-20,EUR,35507,2019,35344
2019-06-21,EUR,35810,2019,35344
2019-06-22,EUR,31496,2019,35344
2019-06-23,EUR,33768,2019,35473
2019-06-24,EUR,35540,2019,35473
2019-06-25,EUR,34984,2019,35473
2019-06-26,EUR,35473,2019,35473
2019-06-27,EUR,36488,2019,35473
2019-06-28,EUR,36913,2019,35473
2019-06-29,EUR,32379,2019,35473
2019-06-30,EUR,34197,2019,35663
2019-07-01,EUR,35825,2019,35663
2019-07-02,EUR,35183,2019,35663
2019-07-03,EUR,35663,2019,35663
2019-07-04,EUR,36479,2019,35663
2019-07-05,EUR,36775,2019,35663
2019-07-06,EUR,32342,2019,35663
2019-07-07,EUR,33785,2019,35509
2019-07-08,EUR,35707,2019,35509
2019-07-09,EUR,35072,2019,35509
2019-07-10,EUR,35509,2019,35509
2019-07-11,EUR,36313,2019,35509
2019-07-12,EUR,36302,2019,35509
2019-07-13,EUR,32534,2019,35509
2019-07-14,EUR,33949,2019,35322
2019-07-15,EUR,35803,2019,35322
2019-07-16,EUR,35032,2019,35322
2019-07-17,EUR,35322,2019,35322
2019-07-18,EUR,36063,2019,35322
2019-07-19,EUR,36492,2019,35322
2019-07-20,EUR,32597,2019,35322
2019-07-21,EUR,33726,2019,34906
2019-07-22,EUR,35384,2019,34906
2019-07-23,EUR,34888,2019,34906
2019-07-24,EUR,34906,2019,34906
2019-07-25,EUR,35402,2019,34906
2019-07-26,EUR,35894,2019,34906
2019-07-27,EUR,32212,2019,34906
2019-07-28,EUR,33719,2019,35163
2019-07-29,EUR,35365,2019,35163
2019-07-30,EUR,34505,2019,35163
2019-07-31,EUR,35163,2019,35163
2019-08-01,EUR,35483,2019,35163
2019-08-02,EUR,35666,2019,34600
2019-08-03,EUR,32544,2019,34600
2019-08-04,EUR,33683,2019,33948
2019-08-05,EUR,34600,2019,33948
2019-08-06,EUR,33942,2019,33948
2019-08-07,EUR,33948,2019,33948
2019-08-08,EUR,34994,2019,33948
2019-08-09,EUR,35556,2019,33948
2019-08-10,EUR,32451,2019,34149
2019-08-11,EUR,33554,2019,34590
2019-08-12,EUR,34590,2019,34530
2019-08-13,EUR,34149,2019,34530
2019-08-14,EUR,34708,2019,34530
2019-08-15,EUR,34530,2019,34530
2019-08-16,EUR,35429,2019,34530
2019-08-17,EUR,32403,2019,34642
2019-08-18,EUR,34038,2019,34642
2019-08-19,EUR,35192,2019,35162
2019-08-20,EUR,34642,2019,35162
2019-08-21,EUR,35162,2019,35162
2019-08-22,EUR,35997,2019,35162
2019-08-23,EUR,36291,2019,35162
2019-08-24,EUR,32370,2019,35162
2019-08-25,EUR,33961,2019,35534
2019-08-26,EUR,35534,2019,35534
2019-08-27,EUR,35093,2019,35534
2019-08-28,EUR,35593,2019,35534
2019-08-29,EUR,36423,2019,35534
2019-08-30,EUR,36705,2019,35321
2019-08-31,EUR,32534,2019,35321
2019-09-01,EUR,33778,2019,35321
2019-09-02,EUR,35321,2019,35321
2019-09-03,EUR,35075,2019,35321
2019-09-04,EUR,35497,2019,35321
2019-09-05,EUR,36110,2019,35321
2019-09-06,EUR,35842,2019,35075
2019-09-07,EUR,31429,2019,34606
2019-09-08,EUR,33696,2019,34606
2019-09-09,EUR,34606,2019,34606
2019-09-10,EUR,33903,2019,34606
2019-09-11,EUR,35029,2019,34606
2019-09-12,EUR,36076,2019,34606
2019-09-13,EUR,36331,2019,34989
2019-09-14,EUR,31255,2019,34989
2019-09-15,EUR,33368,2019,34768
2019-09-16,EUR,34989,2019,34768
2019-09-17,EUR,34385,2019,34768
2019-09-18,EUR,34768,2019,34768
2019-09-19,EUR,35640,2019,34768
2019-09-20,EUR,36056,2019,34635
2019-09-21,EUR,30728,2019,34635
2019-09-22,EUR,32771,2019,34635
2019-09-23,EUR,34635,2019,34635
2019-09-24,EUR,33798,2019,34635
2019-09-25,EUR,34764,2019,34635
2019-09-26,EUR,35254,2019,34635
2019-09-27,EUR,35269,2019,33972
2019-09-28,EUR,30503,2019,33972
2019-09-29,EUR,32428,2019,33474
2019-09-30,EUR,33972,2019,33474
2019-10-01,EUR,32684,2019,33474
2019-10-02,EUR,33474,2019,33474
2019-10-03,EUR,33674,2019,33474
2019-10-04,EUR,34097,2019,32982
2019-10-05,EUR,29083,2019,32982
2019-10-06,EUR,31464,2019,31808
2019-10-07,EUR,32982,2019,31808
2019-10-08,EUR,31604,2019,31808
2019-10-09,EUR,31808,2019,31808
2019-10-10,EUR,33326,2019,31808
2019-10-11,EUR,33974,2019,31808
2019-10-12,EUR,28580,2019,31808
2019-10-13,EUR,30765,2019,32047
2019-10-14,EUR,32473,2019,32047
2019-10-15,EUR,31471,2019,32047
2019-10-16,EUR,32047,2019,32047
2019-10-17,EUR,33154,2019,32047
2019-10-18,EUR,33545,2019,32047
2019-10-19,EUR,28371,2019,32047
2019-10-20,EUR,30176,2019,32012
2019-10-21,EUR,32429,2019,32012
2019-10-22,EUR,31189,2019,32012
2019-10-23,EUR,32012,2019,32012
2019-10-24,EUR,32921,2019,32012
2019-10-25,EUR,32776,2019,31189
2019-10-26,EUR,28149,2019,29743
2019-10-27,EUR,28146,2019,28954
2019-10-28,EUR,29743,2019,28954
2019-10-29,EUR,28371,2019,28515
2019-10-30,EUR,28954,2019,28515
2019-10-31,EUR,29603,2019,28515
2019-11-01,EUR,28515,2019,28515
2019-11-02,EUR,23803,2019,28515
2019-11-03,EUR,27379,2019,27379
2019-11-04,EUR,29129,2019,27379
2019-11-05,EUR,27359,2019,27379
2019-11-06,EUR,27378,2019,27379
2019-11-07,EUR,27730,2019,27378
2019-11-08,EUR,28931,2019,27378
2019-11-09,EUR,22178,2019,27378
2019-11-10,EUR,25791,2019,26433
2019-11-11,EUR,27815,2019,26433
2019-11-12,EUR,26119,2019,26433
2019-11-13,EUR,26433,2019,26433
2019-11-14,EUR,28019,2019,26433
2019-11-15,EUR,29268,2019,26433
2019-11-16,EUR,22053,2019,26433
2019-11-17,EUR,25531,2019,26517
2019-11-18,EUR,27947,2019,26517
2019-11-19,EUR,25982,2019,26517
2019-11-20,EUR,26517,2019,26517
2019-11-21,EUR,27527,2019,26517
2019-11-22,EUR,29228,2019,26517
2019-11-23,EUR,21783,2019,26517
2019-11-24,EUR,25462,2019,26232
2019-11-25,EUR,27027,2019,26232
2019-11-26,EUR,25707,2019,26232
2019-11-27,EUR,26232,2019,26232
2019-11-28,EUR,27345,2019,26232
2019-11-29,EUR,28679,2019,26232
2019-11-30,EUR,21727,2019,26232
2019-12-01,EUR,25156,2019,26799
2019-12-02,EUR,27779,2019,26475
2019-12-03,EUR,25951,2019,26475
2019-12-04,EUR,26799,2019,26475
2019-12-05,EUR,26475,2019,26475
2019-12-06,EUR,28076,2019,26475
2019-12-07,EUR,21591,2019,26475
2019-12-08,EUR,25303,2019,26475
2019-12-09,EUR,27826,2019,26866
2019-12-10,EUR,25326,2019,26866
2019-12-11,EUR,26866,2019,26866
2019-12-12,EUR,27484,2019,26866
2019-12-13,EUR,28387,2019,26866
2019-12-14,EUR,22306,2019,26866
2019-12-15,EUR,25536,2019,27484
2019-12-16,EUR,28000,2019,27501
2019-12-17,EUR,25992,2019,27501
2019-12-18,EUR,27501,2019,27501
2019-12-19,EUR,28907,2019,27501
2019-12-20,EUR,29940,2019,26575
2019-12-21,EUR,25081,2019,26575
2019-12-22,EUR,26105,2019,26105
2019-12-23,EUR,26575,2019,25081
2019-12-24,EUR,19231,2019,25081
2019-12-25,EUR,14235,2019,23775
2019-12-26,EUR,23700,2019,23775
2019-12-27,EUR,26854,2019,23775
2019-12-28,EUR,23775,2019,23775
2019-12-29,EUR,25213,2019,23775
2019-12-30,EUR,25468,2019,25213
2019-12-31,EUR,19548,2019,25213
2020-01-01,EUR,20166,2020,25213
2020-01-02,EUR,26396,2020,25468
2020-01-03,EUR,27033,2020,26253
2020-01-04,EUR,24015,2020,26253
2020-01-05,EUR,26253,2020,26253
2020-01-06,EUR,26652,2020,25696
2020-01-07,EUR,24719,2020,25696
2020-01-08,EUR,24949,2020,25696
2020-01-09,EUR,25696,2020,24949
2020-01-10,EUR,27581,2020,24949
2020-01-11,EUR,21811,2020,24949
2020-01-12,EUR,24816,2020,24816
2020-01-13,EUR,26185,2020,24816
2020-01-14,EUR,23300,2020,24816
2020-01-15,EUR,24556,2020,24816
2020-01-16,EUR,25944,2020,24605
2020-01-17,EUR,27457,2020,24605
2020-01-18,EUR,21142,2020,24605
2020-01-19,EUR,24605,2020,24605
2020-01-20,EUR,26358,2020,24605
2020-01-21,EUR,24285,2020,24605
2020-01-22,EUR,24583,2020,24605
2020-01-23,EUR,26266,2020,24583
2020-01-24,EUR,27687,2020,24583
2020-01-25,EUR,21039,2020,24583
2020-01-26,EUR,24575,2020,24575
2020-01-27,EUR,26408,2020,24575
2020-01-28,EUR,23879,2020,24575
2020-01-29,EUR,24537,2020,24575
2020-01-30,EUR,26153,2020,24659
2020-01-31,EUR,27821,2020,24659
2020-02-01,EUR,21548,2020,24659
2020-02-02,EUR,24659,2020,24974
2020-02-03,EUR,26527,2020,24974
2020-02-04,EUR,24105,2020,24974
2020-02-05,EUR,24974,2020,24974
2020-02-06,EUR,26541,2020,24974
2020-02-07,EUR,27650,2020,24105
2020-02-08,EUR,22070,2020,24120
2020-02-09,EUR,21776,2020,24120
2020-02-10,EUR,24041,2020,24120
2020-02-11,EUR,24120,2020,24120
2020-02-12,EUR,25513,2020,24120
2020-02-13,EUR,26911,2020,24859
2020-02-14,EUR,28748,2020,25513
2020-02-15,EUR,23024,2020,25546
2020-02-16,EUR,24859,2020,26158
2020-02-17,EUR,26966,2020,26158
2020-02-18,EUR,25546,2020,26158
2020-02-19,EUR,26158,2020,26158
2020-02-20,EUR,27125,2020,26158
2020-02-21,EUR,28861,2020,26158
2020-02-22,EUR,23504,2020,26158
2020-02-23,EUR,25549,2020,25927
2020-02-24,EUR,27612,2020,25927
2020-02-25,EUR,25654,2020,25927
2020-02-26,EUR,25927,2020,25927
2020-02-27,EUR,26761,2020,25927
2020-02-28,EUR,28645,2020,25927
2020-02-29,EUR,22740,2020,25927
2020-03-01,EUR,25550,2020,25898
2020-03-02,EUR,27056,2020,25898
2020-03-03,EUR,25397,2020,25898
2020-03-04,EUR,25898,2020,25898
2020-03-05,EUR,26379,2020,25898
2020-03-06,EUR,27324,2020,25426
2020-03-07,EUR,21737,2020,25426
2020-03-08,EUR,24355,2020,24355
2020-03-09,EUR,25426,2020,23619
2020-03-10,EUR,23115,2020,23619
2020-03-11,EUR,23103,2020,23619
2020-03-12,EUR,23619,2020,23115
2020-03-13,EUR,24423,2020,23103
2020-03-14,EUR,18672,2020,19775
2020-03-15,EUR,19775,2020,18892
2020-03-16,EUR,18892,2020,18672
2020-03-17,EUR,15056,2020,15056
2020-03-18,EUR,13642,2020,13642
2020-03-19,EUR,12540,2020,12540
2020-03-20,EUR,12064,2020,12064
2020-03-21,EUR,7867,2020,7867
2020-03-22,EUR,7437,2020,7437
2020-03-23,EUR,6762,2020,6762
2020-03-24,EUR,6191,2020,6191
2020-03-25,EUR,5759,2020,5836
2020-03-26,EUR,5836,2020,5759
2020-03-27,EUR,5588,2020,5588
2020-03-28,EUR,3528,2020,4177
2020-03-29,EUR,3306,2020,4177
2020-03-30,EUR,4012,2020,4050
2020-03-31,EUR,4177,2020,4050
2020-04-01,EUR,4372,2020,4050
2020-04-02,EUR,4050,2020,4050
2020-04-03,EUR,4058,2020,4050
2020-04-04,EUR,2524,2020,3829
2020-04-05,EUR,2643,2020,3829
2020-04-06,EUR,3610,2020,3829
2020-04-07,EUR,3829,2020,3610
2020-04-08,EUR,4036,2020,3610
2020-04-09,EUR,3844,2020,3610
2020-04-10,EUR,2994,2020,2994
2020-04-11,EUR,2191,2020,2994
2020-04-12,EUR,2060,2020,2994
2020-04-13,EUR,2588,2020,2994
2020-04-14,EUR,3681,2020,3681
2020-04-15,EUR,3997,2020,3681
2020-04-16,EUR,4117,2020,3681
2020-04-17,EUR,3894,2020,3762
2020-04-18,EUR,2264,2020,3894
2020-04-19,EUR,2423,2020,3894
2020-04-20,EUR,3762,2020,3894
2020-04-21,EUR,3994,2020,3994
2020-04-22,EUR,4339,2020,3994
2020-04-23,EUR,4465,2020,3994
2020-04-24,EUR,4226,2020,4073
2020-04-25,EUR,2444,2020,4226
2020-04-26,EUR,2663,2020,4226
2020-04-27,EUR,4073,2020,4226
2020-04-28,EUR,4253,2020,4073
2020-04-29,EUR,4538,2020,4073
2020-04-30,EUR,4464,2020,4073
2020-05-01,EUR,3355,2020,4253
2020-05-02,EUR,2419,2020,4298
2020-05-03,EUR,2852,2020,4298
2020-05-04,EUR,4298,2020,4298
2020-05-05,EUR,4464,2020,4464
2020-05-06,EUR,4765,2020,4464
2020-05-07,EUR,4972,2020,4464
2020-05-08,EUR,4482,2020,4471
2020-05-09,EUR,2852,2020,4482
2020-05-10,EUR,2988,2020,4482
2020-05-11,EUR,4471,2020,4482
2020-05-12,EUR,4962,2020,4962
2020-05-13,EUR,5155,2020,4962
2020-05-14,EUR,5336,2020,4962
2020-05-15,EUR,5326,2020,5033
2020-05-16,EUR,3212,2020,5155
2020-05-17,EUR,3259,2020,5282
2020-05-18,EUR,5033,2020,5033
2020-05-19,EUR,5282,2020,4982
2020-05-20,EUR,5858,2020,4982
2020-05-21,EUR,4814,2020,4982
2020-05-22,EUR,4982,2020,4982
2020-05-23,EUR,3342,2020,4982
2020-05-24,EUR,3659,2020,4982
2020-05-25,EUR,5042,2020,5042
2020-05-26,EUR,5544,2020,5544
2020-05-27,EUR,5995,2020,5544
2020-05-28,EUR,5900,2020,5544
2020-05-29,EUR,5889,2020,5544
2020-05-30,EUR,3568,2020,5889
2020-05-31,EUR,3554,2020,5889
2020-06-01,EUR,5036,2020,5889
2020-06-02,EUR,5978,2020,5978
2020-06-03,EUR,6561,2020,5978
2020-06-04,EUR,6758,2020,5978
2020-06-05,EUR,6699,2020,6518
2020-06-06,EUR,4398,2020,6561
2020-06-07,EUR,4771,2020,6656
2020-06-08,EUR,6518,2020,6656
2020-06-09,EUR,6656,2020,6656
2020-06-10,EUR,7170,2020,6656
2020-06-11,EUR,6879,2020,6656
2020-06-12,EUR,7247,2020,6879
2020-06-13,EUR,4629,2020,7170
2020-06-14,EUR,5181,2020,7247
2020-06-15,EUR,7873,2020,7753
2020-06-16,EUR,7753,2020,7873
2020-06-17,EUR,8168,2020,7873
2020-06-18,EUR,8360,2020,7873
2020-06-19,EUR,8585,2020,8168
2020-06-20,EUR,5949,2020,8360
2020-06-21,EUR,6908,2020,8585
2020-06-22,EUR,8836,2020,8717
2020-06-23,EUR,8717,2020,8836
2020-06-24,EUR,9158,2020,8836
2020-06-25,EUR,9517,2020,8836
2020-06-26,EUR,9803,2020,9144
2020-06-27,EUR,6682,2020,9158
2020-06-28,EUR,7508,2020,9233
2020-06-29,EUR,9144,2020,9233
2020-06-30,EUR,9233,2020,9233
2020-07-01,EUR,12688,2020,11030
2020-07-02,EUR,12651,2020,11811
2020-07-03,EUR,13909,2020,12651
2020-07-04,EUR,11030,2020,12651
2020-07-05,EUR,11811,2020,12651
2020-07-06,EUR,12924,2020,12924
2020-07-07,EUR,12287,2020,12924
2020-07-08,EUR,13085,2020,12924
2020-07-09,EUR,13122,2020,12924
2020-07-10,EUR,14538,2020,13085
2020-07-11,EUR,11858,2020,13085
2020-07-12,EUR,12324,2020,13122
2020-07-13,EUR,13311,2020,13311
2020-07-14,EUR,12743,2020,13311
2020-07-15,EUR,14115,2020,13311
2020-07-16,EUR,14623,2020,13725
2020-07-17,EUR,15755,2020,14115
2020-07-18,EUR,13232,2020,14115
2020-07-19,EUR,13725,2020,14427
2020-07-20,EUR,14766,2020,14427
2020-07-21,EUR,13890,2020,14427
2020-07-22,EUR,14427,2020,14427
2020-07-23,EUR,15130,2020,14427
2020-07-24,EUR,16194,2020,14427
2020-07-25,EUR,14126,2020,14427
2020-07-26,EUR,14245,2020,14839
2020-07-27,EUR,14980,2020,14839
2020-07-28,EUR,14027,2020,14839
2020-07-29,EUR,14839,2020,14980
2020-07-30,EUR,15304,2020,15304
2020-07-31,EUR,16499,2020,16106
2020-08-01,EUR,16106,2020,16106
2020-08-02,EUR,16259,2020,16259
2020-08-03,EUR,16813,2020,16302
2020-08-04,EUR,15602,2020,16302
2020-08-05,EUR,16302,2020,16302
2020-08-06,EUR,16670,2020,16521
2020-08-07,EUR,18079,2020,16521
2020-08-08,EUR,16220,2020,16521
2020-08-09,EUR,16521,2020,16521
2020-08-10,EUR,17070,2020,16470
2020-08-11,EUR,15590,2020,16470
2020-08-12,EUR,16128,2020,16470
2020-08-13,EUR,16470,2020,16470
2020-08-14,EUR,18174,2020,16470
2020-08-15,EUR,16382,2020,16470
2020-08-16,EUR,17095,2020,16652
2020-08-17,EUR,17278,2020,17095
2020-08-18,EUR,15798,2020,17095
2020-08-19,EUR,16652,2020,17095
2020-08-20,EUR,17167,2020,17167
2020-08-21,EUR,18285,2020,17167
2020-08-22,EUR,16241,2020,17167
2020-08-23,EUR,17225,2020,17167
2020-08-24,EUR,17552,2020,17225
2020-08-25,EUR,16116,2020,17225
2020-08-26,EUR,16724,2020,17225
2020-08-27,EUR,17628,2020,17395
2020-08-28,EUR,18721,2020,17395
2020-08-29,EUR,16215,2020,17395
2020-08-30,EUR,17395,2020,17395
2020-08-31,EUR,17938,2020,16983
2020-09-01,EUR,15872,2020,16983
2020-09-02,EUR,16221,2020,16983
2020-09-03,EUR,16983,2020,16321
2020-09-04,EUR,18225,2020,16321
2020-09-05,EUR,15175,2020,16321
2020-09-06,EUR,16321,2020,16321
2020-09-07,EUR,16762,2020,16321
2020-09-08,EUR,15293,2020,16321
2020-09-09,EUR,15988,2020,16321
2020-09-10,EUR,16628,2020,16126
2020-09-11,EUR,18008,2020,16126
2020-09-12,EUR,14556,2020,16126
2020-09-13,EUR,16126,2020,16126
2020-09-14,EUR,16269,2020,16019
2020-09-15,EUR,14865,2020,16019
2020-09-16,EUR,15409,2020,16019
2020-09-17,EUR,16019,2020,15457
2020-09-18,EUR,17474,2020,15457
2020-09-19,EUR,13850,2020,15457
2020-09-20,EUR,15457,2020,15457
2020-09-21,EUR,15782,2020,15457
2020-09-22,EUR,14437,2020,15457
2020-09-23,EUR,15010,2020,15457
2020-09-24,EUR,15645,2020,15010
2020-09-25,EUR,17073,2020,15010
2020-09-26,EUR,13491,2020,15010
2020-09-27,EUR,15002,2020,15177
2020-09-28,EUR,15378,2020,15104
2020-09-29,EUR,14149,2020,15104
2020-09-30,EUR,15177,2020,15104
2020-10-01,EUR,15104,2020,15104
2020-10-02,EUR,16165,2020,14659
2020-10-03,EUR,12726,2020,14659
2020-10-04,EUR,13984,2020,13984
2020-10-05,EUR,14659,2020,13984
2020-10-06,EUR,12950,2020,13984
2020-10-07,EUR,13796,2020,13984
2020-10-08,EUR,14481,2020,13908
2020-10-09,EUR,16355,2020,13908
2020-10-10,EUR,12601,2020,13908
2020-10-11,EUR,13908,2020,13908
2020-10-12,EUR,14307,2020,13654
2020-10-13,EUR,12680,2020,13654
2020-10-14,EUR,13463,2020,13654
2020-10-15,EUR,13654,2020,13654
2020-10-16,EUR,16320,2020,13654
2020-10-17,EUR,12830,2020,13654
2020-10-18,EUR,13840,2020,13654
2020-10-19,EUR,13936,2020,13703
2020-10-20,EUR,12136,2020,13703
2020-10-21,EUR,12791,2020,13703
2020-10-22,EUR,13703,2020,13259
2020-10-23,EUR,15428,2020,13259
2020-10-24,EUR,12395,2020,13259
2020-10-25,EUR,13259,2020,13259
2020-10-26,EUR,13479,2020,13259
2020-10-27,EUR,11838,2020,13259
2020-10-28,EUR,12609,2020,13259
2020-10-29,EUR,13412,2020,12851
2020-10-30,EUR,14822,2020,12610
2020-10-31,EUR,11463,2020,12610
2020-11-01,EUR,12851,2020,12610
2020-11-02,EUR,12610,2020,11730
2020-11-03,EUR,10909,2020,11730
2020-11-04,EUR,11606,2020,11730
2020-11-05,EUR,11730,2020,11606
2020-11-06,EUR,13234,2020,11116
2020-11-07,EUR,9352,2020,11116
2020-11-08,EUR,10869,2020,10869
2020-11-09,EUR,11116,2020,10768
2020-11-10,EUR,9702,2020,10768
2020-11-11,EUR,9969,2020,10768
2020-11-12,EUR,10768,2020,9969
2020-11-13,EUR,11926,2020,9969
2020-11-14,EUR,8003,2020,9969
2020-11-15,EUR,9564,2020,10124
2020-11-16,EUR,10495,2020,10007
2020-11-17,EUR,9223,2020,10007
2020-11-18,EUR,10124,2020,10007
2020-11-19,EUR,10007,2020,10007
2020-11-20,EUR,11180,2020,9854
2020-11-21,EUR,7444,2020,9854
2020-11-22,EUR,8733,2020,9649
2020-11-23,EUR,9854,2020,9629
2020-11-24,EUR,8790,2020,9629
2020-11-25,EUR,9649,2020,9629
2020-11-26,EUR,9629,2020,9629
2020-11-27,EUR,10805,2020,9629
2020-11-28,EUR,7124,2020,9629
2020-11-29,EUR,8570,2020,9629
2020-11-30,EUR,9822,2020,9660
2020-12-01,EUR,8682,2020,9660
2020-12-02,EUR,9660,2020,9660
2020-12-03,EUR,9875,2020,9660
2020-12-04,EUR,11305,2020,9660
2020-12-05,EUR,7581,2020,9660
2020-12-06,EUR,8556,2020,9747
2020-12-07,EUR,9747,2020,9747
2020-12-08,EUR,9103,2020,9747
2020-12-09,EUR,9853,2020,9747
2020-12-10,EUR,10430,2020,9747
2020-12-11,EUR,11734,2020,9853
2020-12-12,EUR,8024,2020,10232
2020-12-13,EUR,9271,2020,10430
2020-12-14,EUR,10841,2020,10841
2020-12-15,EUR,10232,2020,10841
2020-12-16,EUR,11214,2020,11214
2020-12-17,EUR,12819,2020,11980
2020-12-18,EUR,14934,2020,12223
2020-12-19,EUR,11980,2020,12223
2020-12-20,EUR,12223,2020,12374
2020-12-21,EUR,12374,2020,12223
2020-12-22,EUR,11520,2020,11980
2020-12-23,EUR,12729,2020,11520
2020-12-24,EUR,8665,2020,10631
2020-12-25,EUR,5787,2020,10470
2020-12-26,EUR,8518,2020,9462
2020-12-27,EUR,10631,2020,9462
2020-12-28,EUR,10470,2020,9462
2020-12-29,EUR,9462,2020,9462
2020-12-30,EUR,10736,2020,9776
2020-12-31,EUR,7070,2020,9776
2021-01-01,EUR,6446,2021,9776
2021-01-02,EUR,9776,2021,9782
2021-01-03,EUR,12176,2021,9782
2021-01-04,EUR,11555,2021,9940
2021-01-05,EUR,9782,2021,10107
2021-01-06,EUR,9940,2021,10107
2021-01-07,EUR,10107,2021,10107
2021-01-08,EUR,11483,2021,9940
2021-01-09,EUR,8632,2021,9940
2021-01-10,EUR,10303,2021,9838
2021-01-11,EUR,9838,2021,9607
2021-01-12,EUR,8495,2021,9607
2021-01-13,EUR,9235,2021,9607
2021-01-14,EUR,9607,2021,9235
2021-01-15,EUR,10699,2021,9235
2021-01-16,EUR,7345,2021,9235
2021-01-17,EUR,8369,2021,9185
2021-01-18,EUR,9529,2021,9180
2021-01-19,EUR,8341,2021,9180
2021-01-20,EUR,9185,2021,9180
2021-01-21,EUR,9180,2021,9180
2021-01-22,EUR,10322,2021,9180
2021-01-23,EUR,6944,2021,9180
2021-01-24,EUR,8041,2021,8746
2021-01-25,EUR,9279,2021,8746
2021-01-26,EUR,8379,2021,8746
2021-01-27,EUR,8746,2021,8746
2021-01-28,EUR,9425,2021,8746
2021-01-29,EUR,10166,2021,8746
2021-01-30,EUR,6993,2021,8746
2021-01-31,EUR,8251,2021,9044
2021-02-01,EUR,9113,2021,9044
2021-02-02,EUR,8320,2021,9044
2021-02-03,EUR,9044,2021,9044
2021-02-04,EUR,9645,2021,9044
2021-02-05,EUR,10583,2021,8453
2021-02-06,EUR,7077,2021,8453
2021-02-07,EUR,7473,2021,8453
2021-02-08,EUR,8453,2021,8453
2021-02-09,EUR,7818,2021,8453
2021-02-10,EUR,9012,2021,8453
2021-02-11,EUR,9593,2021,8453
2021-02-12,EUR,10642,2021,9012
2021-02-13,EUR,7712,2021,9012
2021-02-14,EUR,8194,2021,9094
2021-02-15,EUR,9141,2021,9094
2021-02-16,EUR,8041,2021,9094
2021-02-17,EUR,9094,2021,9094
2021-02-18,EUR,9643,2021,9094
2021-02-19,EUR,10609,2021,9094
2021-02-20,EUR,7725,2021,9094
2021-02-21,EUR,8514,2021,9468
2021-02-22,EUR,9468,2021,9468
2021-02-23,EUR,8515,2021,9468
2021-02-24,EUR,9580,2021,9468
2021-02-25,EUR,10133,2021,9468
2021-02-26,EUR,11006,2021,9580
2021-02-27,EUR,7805,2021,9580
2021-02-28,EUR,8802,2021,9799
2021-03-01,EUR,9857,2021,9799
2021-03-02,EUR,8882,2021,9799
2021-03-03,EUR,9799,2021,9799
2021-03-04,EUR,10308,2021,9799
2021-03-05,EUR,11138,2021,9799
2021-03-06,EUR,7764,2021,9799
2021-03-07,EUR,8690,2021,9878
2021-03-08,EUR,9984,2021,9776
2021-03-09,EUR,8959,2021,9776
2021-03-10,EUR,9878,2021,9776
2021-03-11,EUR,9776,2021,9776
2021-03-12,EUR,11066,2021,9767
2021-03-13,EUR,7425,2021,9767
2021-03-14,EUR,8674,2021,9767
2021-03-15,EUR,9767,2021,9767
2021-03-16,EUR,9161,2021,9767
2021-03-17,EUR,10082,2021,9767
2021-03-18,EUR,10602,2021,9767
2021-03-19,EUR,11538,2021,10082
2021-03-20,EUR,8130,2021,10082
2021-03-21,EUR,9079,2021,10363
2021-03-22,EUR,10363,2021,10363
2021-03-23,EUR,9392,2021,10363
2021-03-24,EUR,10573,2021,10363
2021-03-25,EUR,11452,2021,10363
2021-03-26,EUR,12766,2021,10573
2021-03-27,EUR,9027,2021,10573
2021-03-28,EUR,10352,2021,10543
2021-03-29,EUR,11335,2021,10543
2021-03-30,EUR,10543,2021,10543
2021-03-31,EUR,6,2021,10543
2021-04-01,EUR,12272,2021,10543
2021-04-02,EUR,11712,2021,10123
2021-04-03,EUR,9158,2021,9934
2021-04-04,EUR,9503,2021,10123
2021-04-05,EUR,10123,2021,10123
2021-04-06,EUR,9934,2021,10123
2021-04-07,EUR,10965,2021,10123
2021-04-08,EUR,11713,2021,10965
2021-04-09,EUR,12923,2021,11043
2021-04-10,EUR,9637,2021,11043
2021-04-11,EUR,11043,2021,11043
2021-04-12,EUR,11272,2021,11043
2021-04-13,EUR,10094,2021,11043
2021-04-14,EUR,10982,2021,11043
2021-04-15,EUR,11500,2021,10982
2021-04-16,EUR,12657,2021,10982
2021-04-17,EUR,9060,2021,10982
2021-04-18,EUR,10478,2021,10913
2021-04-19,EUR,11251,2021,10913
2021-04-20,EUR,10269,2021,10913
2021-04-21,EUR,10913,2021,10913
2021-04-22,EUR,11430,2021,10913
2021-04-23,EUR,12631,2021,10913
2021-04-24,EUR,9210,2021,10913
2021-04-25,EUR,10188,2021,11174
2021-04-26,EUR,11174,2021,11174
2021-04-27,EUR,10164,2021,11174
2021-04-28,EUR,11345,2021,11174
2021-04-29,EUR,12158,2021,11174
2021-04-30,EUR,12756,2021,11345
2021-05-01,EUR,9561,2021,11345
2021-05-02,EUR,10071,2021,11234
2021-05-03,EUR,11458,2021,11234
2021-05-04,EUR,10263,2021,11234
2021-05-05,EUR,11234,2021,11234
2021-05-06,EUR,11816,2021,11234
2021-05-07,EUR,13341,2021,11234
2021-05-08,EUR,10189,2021,11234
2021-05-09,EUR,10944,2021,11816
2021-05-10,EUR,11933,2021,11452
2021-05-11,EUR,10966,2021,11452
2021-05-12,EUR,12594,2021,11452
2021-05-13,EUR,11452,2021,11933
2021-05-14,EUR,12222,2021,12222
2021-05-15,EUR,9886,2021,12222
2021-05-16,EUR,12233,2021,12222
2021-05-17,EUR,12852,2021,12233
2021-05-18,EUR,11962,2021,12659
2021-05-19,EUR,12659,2021,12659
2021-05-20,EUR,14088,2021,12659
2021-05-21,EUR,15585,2021,12659
2021-05-22,EUR,11337,2021,12659
2021-05-23,EUR,12271,2021,13300
2021-05-24,EUR,13711,2021,13300
2021-05-25,EUR,12406,2021,13300
2021-05-26,EUR,13300,2021,13300
2021-05-27,EUR,14218,2021,13677
2021-05-28,EUR,16474,2021,13677
2021-05-29,EUR,12559,2021,14050
2021-05-30,EUR,13677,2021,14218
2021-05-31,EUR,14050,2021,14605
2021-06-01,EUR,14605,2021,14605
2021-06-02,EUR,15621,2021,14605
2021-06-03,EUR,15940,2021,15621
2021-06-04,EUR,17360,2021,15940
2021-06-05,EUR,14401,2021,15940
2021-06-06,EUR,16363,2021,15940
2021-06-07,EUR,16258,2021,16258
2021-06-08,EUR,14624,2021,16258
2021-06-09,EUR,15614,2021,16258
2021-06-10,EUR,16783,2021,16258
2021-06-11,EUR,18331,2021,16519
2021-06-12,EUR,14693,2021,16519
2021-06-13,EUR,16519,2021,16783
2021-06-14,EUR,17132,2021,17132
2021-06-15,EUR,15862,2021,17132
2021-06-16,EUR,17376,2021,17132
2021-06-17,EUR,18226,2021,17376
2021-06-18,EUR,19837,2021,18050
2021-06-19,EUR,16527,2021,18050
2021-06-20,EUR,18050,2021,18133
2021-06-21,EUR,18421,2021,18133
2021-06-22,EUR,17168,2021,18133
2021-06-23,EUR,18133,2021,18133
2021-06-24,EUR,19351,2021,18421
2021-06-25,EUR,21105,2021,19351
2021-06-26,EUR,17926,2021,19351
2021-06-27,EUR,19444,2021,19351
2021-06-28,EUR,19940,2021,19444
2021-06-29,EUR,18176,2021,19444
2021-06-30,EUR,4,2021,19940
2021-07-01,EUR,22247,2021,21202
2021-07-02,EUR,23784,2021,21866
2021-07-03,EUR,21202,2021,21866
2021-07-04,EUR,21866,2021,21866
2021-07-05,EUR,22094,2021,21866
2021-07-06,EUR,20307,2021,21866
2021-07-07,EUR,21579,2021,21892
2021-07-08,EUR,22445,2021,22094
2021-07-09,EUR,24441,2021,22445
2021-07-10,EUR,21892,2021,22445
2021-07-11,EUR,22510,2021,22445
2021-07-12,EUR,22762,2021,22510
2021-07-13,EUR,20805,2021,22510
2021-07-14,EUR,21582,2021,22762
2021-07-15,EUR,22959,2021,22879
2021-07-16,EUR,25210,2021,22959
2021-07-17,EUR,22879,2021,22959
2021-07-18,EUR,23277,2021,22959
2021-07-19,EUR,23809,2021,23277
2021-07-20,EUR,22425,2021,23277
2021-07-21,EUR,22888,2021,23564
2021-07-22,EUR,23840,2021,23809
2021-07-23,EUR,25816,2021,23564
2021-07-24,EUR,23564,2021,23564
2021-07-25,EUR,24189,2021,23564
2021-07-26,EUR,22552,2021,23564
2021-07-27,EUR,22381,2021,23564
2021-07-28,EUR,23077,2021,24097
2021-07-29,EUR,24097,2021,24097
2021-07-30,EUR,25963,2021,24211
2021-07-31,EUR,24211,2021,24211
2021-08-01,EUR,25064,2021,24211
2021-08-02,EUR,24718,2021,24271
2021-08-03,EUR,23048,2021,24271
2021-08-04,EUR,23532,2021,24271
2021-08-05,EUR,24271,2021,24271
2021-08-06,EUR,25807,2021,24271
2021-08-07,EUR,23909,2021,24271
2021-08-08,EUR,24839,2021,24271
2021-08-09,EUR,24321,2021,24321
2021-08-10,EUR,23022,2021,24321
2021-08-11,EUR,23513,2021,24321
2021-08-12,EUR,24459,2021,24321
2021-08-13,EUR,25930,2021,24459
2021-08-14,EUR,24303,2021,24459
2021-08-15,EUR,25065,2021,24459
2021-08-16,EUR,24562,2021,24562
2021-08-17,EUR,23187,2021,24562
2021-08-18,EUR,24081,2021,24562
2021-08-19,EUR,24669,2021,24562
2021-08-20,EUR,26350,2021,24669
2021-08-21,EUR,24280,2021,24669
2021-08-22,EUR,25352,2021,24669
2021-08-23,EUR,25080,2021,25080
2021-08-24,EUR,23668,2021,25080
2021-08-25,EUR,24600,2021,25080
2021-08-26,EUR,25308,2021,25080
2021-08-27,EUR,26793,2021,25308
2021-08-28,EUR,24368,2021,25308
2021-08-29,EUR,25592,2021,25308
2021-08-30,EUR,25759,2021,25293
2021-08-31,EUR,24303,2021,25293
2021-09-01,EUR,24588,2021,25293
2021-09-02,EUR,25293,2021,25172
2021-09-03,EUR,26758,2021,24861
2021-09-04,EUR,23743,2021,24861
2021-09-05,EUR,25172,2021,24861
2021-09-06,EUR,24861,2021,24861
2021-09-07,EUR,22800,2021,24861
2021-09-08,EUR,24101,2021,24861
2021-09-09,EUR,25142,2021,24861
2021-09-10,EUR,26576,2021,24735
2021-09-11,EUR,23200,2021,24735
2021-09-12,EUR,25042,2021,24735
2021-09-13,EUR,24735,2021,24455
2021-09-14,EUR,22778,2021,24455
2021-09-15,EUR,23623,2021,24455
2021-09-16,EUR,24455,2021,24455
2021-09-17,EUR,26624,2021,24455
2021-09-18,EUR,22708,2021,24455
2021-09-19,EUR,24560,2021,24455
2021-09-20,EUR,24507,2021,24507
2021-09-21,EUR,22615,2021,24507
2021-09-22,EUR,23365,2021,24507
2021-09-23,EUR,24688,2021,24214
2021-09-24,EUR,25779,2021,24214
2021-09-25,EUR,22316,2021,24214
2021-09-26,EUR,24214,2021,24214
2021-09-27,EUR,24355,2021,23247
2021-09-28,EUR,22294,2021,23247
2021-09-29,EUR,23247,2021,23247
2021-09-30,EUR,12,2021,23247
2021-10-01,EUR,25905,2021,23247
2021-10-02,EUR,21817,2021,23247
2021-10-03,EUR,23689,2021,22676
2021-10-04,EUR,23765,2021,23689
2021-10-05,EUR,21601,2021,23689
2021-10-06,EUR,22676,2021,23689
2021-10-07,EUR,23955,2021,23716
2021-10-08,EUR,25558,2021,23513
2021-10-09,EUR,21602,2021,23513
2021-10-10,EUR,23716,2021,23513
2021-10-11,EUR,23513,2021,23513
2021-10-12,EUR,21726,2021,23513
2021-10-13,EUR,22506,2021,23513
2021-10-14,EUR,23920,2021,23489
2021-10-15,EUR,25729,2021,23489
2021-10-16,EUR,21687,2021,23489
2021-10-17,EUR,23489,2021,23489
2021-10-18,EUR,23725,2021,23489
2021-10-19,EUR,21281,2021,23489
2021-10-20,EUR,22548,2021,23489
2021-10-21,EUR,23492,2021,23492
2021-10-22,EUR,25822,2021,23492
2021-10-23,EUR,22189,2021,23492
2021-10-24,EUR,23557,2021,23492
2021-10-25,EUR,23667,2021,23557
2021-10-26,EUR,21575,2021,23557
2021-10-27,EUR,22479,2021,23557
2021-10-28,EUR,23585,2021,22479
2021-10-29,EUR,25340,2021,22431
2021-10-30,EUR,21589,2021,22431
2021-10-31,EUR,22431,2021,22009
2021-11-01,EUR,22009,2021,21998
2021-11-02,EUR,20259,2021,21998
2021-11-03,EUR,21179,2021,21998
2021-11-04,EUR,21998,2021,21998
2021-11-05,EUR,23869,2021,21998
2021-11-06,EUR,19258,2021,21998
2021-11-07,EUR,22072,2021,21998
2021-11-08,EUR,22001,2021,21176
2021-11-09,EUR,19905,2021,21176
2021-11-10,EUR,20968,2021,21176
2021-11-11,EUR,21176,2021,21118
2021-11-12,EUR,22717,2021,21118
2021-11-13,EUR,17659,2021,21118
2021-11-14,EUR,21118,2021,21118
2021-11-15,EUR,21789,2021,21118
2021-11-16,EUR,19683,2021,21118
2021-11-17,EUR,20250,2021,21118
2021-11-18,EUR,21491,2021,20445
2021-11-19,EUR,22967,2021,20445
2021-11-20,EUR,17733,2021,20445
2021-11-21,EUR,20445,2021,20445
2021-11-22,EUR,21284,2021,20445
2021-11-23,EUR,19187,2021,20445
2021-11-24,EUR,19967,2021,20445
2021-11-25,EUR,20883,2021,20015
2021-11-26,EUR,22185,2021,20015
2021-11-27,EUR,16880,2021,20015
2021-11-28,EUR,20015,2021,20015
2021-11-29,EUR,20807,2021,20015
2021-11-30,EUR,18692,2021,20015
2021-12-01,EUR,19112,2021,20015
2021-12-02,EUR,20282,2021,19586
2021-12-03,EUR,22250,2021,19586
2021-12-04,EUR,17410,2021,19586
2021-12-05,EUR,19586,2021,19695
2021-12-06,EUR,20175,2021,19695
2021-12-07,EUR,18332,2021,19695
2021-12-08,EUR,19695,2021,19695
2021-12-09,EUR,20426,2021,20001
2021-12-10,EUR,21968,2021,20001
2021-12-11,EUR,17207,2021,20001
2021-12-12,EUR,20001,2021,20426
2021-12-13,EUR,20912,2021,20594
2021-12-14,EUR,18962,2021,20594
2021-12-15,EUR,20594,2021,20594
2021-12-16,EUR,21978,2021,20912
2021-12-17,EUR,24019,2021,21488
2021-12-18,EUR,19956,2021,21488
2021-12-19,EUR,21488,2021,21978
2021-12-20,EUR,22534,2021,22380
2021-12-21,EUR,21134,2021,21488
2021-12-22,EUR,22380,2021,21488
2021-12-23,EUR,22782,2021,21134
2021-12-24,EUR,17249,2021,21134
2021-12-25,EUR,12019,2021,20149
2021-12-26,EUR,20149,2021,20094
2021-12-27,EUR,21226,2021,20094
2021-12-28,EUR,19508,2021,20094
2021-12-29,EUR,20094,2021,20094
2021-12-30,EUR,20831,2021,20094
2021-12-31,EUR,6,2021,20094
2022-01-01,EUR,15479,2022,20094
2022-01-02,EUR,22212,2022,19340
2022-01-03,EUR,21593,2022,19304
2022-01-04,EUR,19340,2022,19340
2022-01-05,EUR,19209,2022,19340
2022-01-06,EUR,19304,2022,19340
2022-01-07,EUR,20990,2022,19304
2022-01-08,EUR,18377,2022,19209
2022-01-09,EUR,20618,2022,18377
2022-01-10,EUR,18342,2022,18342
2022-01-11,EUR,16196,2022,18342
2022-01-12,EUR,16248,2022,16860
2022-01-13,EUR,16860,2022,16860
2022-01-14,EUR,18843,2022,16860
2022-01-15,EUR,15150,2022,16860
2022-01-16,EUR,17141,2022,16860
2022-01-17,EUR,17128,2022,16883
2022-01-18,EUR,15187,2022,16883
2022-01-19,EUR,15919,2022,16883
2022-01-20,EUR,16883,2022,16818
2022-01-21,EUR,18854,2022,16081
2022-01-22,EUR,14852,2022,16081
2022-01-23,EUR,16818,2022,16081
2022-01-24,EUR,16081,2022,16081
2022-01-25,EUR,13761,2022,16081
2022-01-26,EUR,15390,2022,16081
2022-01-27,EUR,16646,2022,16081
2022-01-28,EUR,18791,2022,16577
2022-01-29,EUR,14593,2022,16577
2022-01-30,EUR,17122,2022,16621
2022-01-31,EUR,16577,2022,16621
2022-02-01,EUR,15826,2022,16621
2022-02-02,EUR,16621,2022,16621
2022-02-03,EUR,17940,2022,16621
2022-02-04,EUR,19531,2022,17940
2022-02-05,EUR,16282,2022,17940
2022-02-06,EUR,18020,2022,17940
2022-02-07,EUR,18375,2022,18020
2022-02-08,EUR,16428,2022,18020
2022-02-09,EUR,17466,2022,18223
2022-02-10,EUR,19153,2022,18375
2022-02-11,EUR,21363,2022,19128
2022-02-12,EUR,18223,2022,19128
2022-02-13,EUR,19392,2022,19128
2022-02-14,EUR,19128,2022,18846
2022-02-15,EUR,17406,2022,18846
2022-02-16,EUR,17897,2022,18846
2022-02-17,EUR,18846,2022,18846
2022-02-18,EUR,20208,2022,18846
2022-02-19,EUR,18724,2022,18846
2022-02-20,EUR,19829,2022,18869
2022-02-21,EUR,19121,2022,19121
2022-02-22,EUR,17982,2022,19121
2022-02-23,EUR,18869,2022,19121
2022-02-24,EUR,19849,2022,19121
2022-02-25,EUR,21744,2022,19849
2022-02-26,EUR,18553,2022,19849
2022-02-27,EUR,20229,2022,19849
2022-02-28,EUR,20475,2022,20229
2022-03-01,EUR,19044,2022,20229
2022-03-02,EUR,19708,2022,20229
2022-03-03,EUR,20899,2022,20475
2022-03-04,EUR,22862,2022,20741
2022-03-05,EUR,18949,2022,20741
2022-03-06,EUR,20741,2022,20741
2022-03-07,EUR,20994,2022,20741
2022-03-08,EUR,19026,2022,20741
2022-03-09,EUR,19682,2022,20741
2022-03-10,EUR,20975,2022,20274
2022-03-11,EUR,21946,2022,20274
2022-03-12,EUR,17694,2022,20274
2022-03-13,EUR,20274,2022,20274
2022-03-14,EUR,20994,2022,20274
2022-03-15,EUR,19292,2022,20274
2022-03-16,EUR,20104,2022,20274
2022-03-17,EUR,21172,2022,20954
2022-03-18,EUR,22871,2022,20954
2022-03-19,EUR,18456,2022,20954
2022-03-20,EUR,20954,2022,20954
2022-03-21,EUR,21339,2022,20954
2022-03-22,EUR,19239,2022,20954
2022-03-23,EUR,20436,2022,20954
2022-03-24,EUR,21636,2022,21339
2022-03-25,EUR,23113,2022,21636
2022-03-26,EUR,19022,2022,22785
2022-03-27,EUR,22908,2022,22908
2022-03-28,EUR,24142,2022,22908
2022-03-29,EUR,22785,2022,22908
2022-03-30,EUR,23212,2022,22908
2022-03-31,EUR,12,2022,23212
2022-04-01,EUR,25129,2022,23212
2022-04-02,EUR,21146,2022,23212
2022-04-03,EUR,23244,2022,23244
2022-04-04,EUR,24148,2022,24101
2022-04-05,EUR,22911,2022,24101
2022-04-06,EUR,24101,2022,24101
2022-04-07,EUR,24841,2022,24148
2022-04-08,EUR,26519,2022,24246
2022-04-09,EUR,22596,2022,24246
2022-04-10,EUR,24246,2022,24841
2022-04-11,EUR,25042,2022,25042
2022-04-12,EUR,24019,2022,25042
2022-04-13,EUR,25301,2022,25042
2022-04-14,EUR,26235,2022,25042
2022-04-15,EUR,25087,2022,25020
2022-04-16,EUR,22563,2022,25020
2022-04-17,EUR,23508,2022,25020
2022-04-18,EUR,25020,2022,25020
2022-04-19,EUR,25010,2022,25020
2022-04-20,EUR,25265,2022,25020
2022-04-21,EUR,26056,2022,25020
2022-04-22,EUR,27085,2022,25265
2022-04-23,EUR,22949,2022,25265
2022-04-24,EUR,24909,2022,25764
2022-04-25,EUR,26160,2022,25764
2022-04-26,EUR,25076,2022,25764
2022-04-27,EUR,25764,2022,25764
2022-04-28,EUR,27296,2022,26023
2022-04-29,EUR,28551,2022,26023
2022-04-30,EUR,24111,2022,26138
2022-05-01,EUR,26023,2022,26747
2022-05-02,EUR,27071,2022,26747
2022-05-03,EUR,26138,2022,26747
2022-05-04,EUR,26747,2022,26747
2022-05-05,EUR,27935,2022,26814
2022-05-06,EUR,28942,2022,26814
2022-05-07,EUR,24704,2022,26814
2022-05-08,EUR,26814,2022,27093
2022-05-09,EUR,27615,2022,27093
2022-05-10,EUR,26652,2022,27093
2022-05-11,EUR,27093,2022,27093
2022-05-12,EUR,28478,2022,27093
2022-05-13,EUR,29043,2022,27093
2022-05-14,EUR,24758,2022,27093
2022-05-15,EUR,26833,2022,27676
2022-05-16,EUR,27753,2022,27676
2022-05-17,EUR,26168,2022,27676
2022-05-18,EUR,27676,2022,27676
2022-05-19,EUR,28923,2022,27676
2022-05-20,EUR,29012,2022,27676
2022-05-21,EUR,25274,2022,27676
2022-05-22,EUR,27450,2022,28133
2022-05-23,EUR,28133,2022,28133
2022-05-24,EUR,27592,2022,28133
2022-05-25,EUR,29259,2022,28133
2022-05-26,EUR,28442,2022,28442
2022-05-27,EUR,28728,2022,28728
2022-05-28,EUR,26094,2022,28728
2022-05-29,EUR,28872,2022,28728
2022-05-30,EUR,29820,2022,28872
2022-05-31,EUR,28301,2022,29507
2022-06-01,EUR,29507,2022,29507
2022-06-02,EUR,29930,2022,29507
2022-06-03,EUR,30685,2022,29507
2022-06-04,EUR,26682,2022,29507
2022-06-05,EUR,27735,2022,29342
2022-06-06,EUR,29570,2022,29342
2022-06-07,EUR,29276,2022,29342
2022-06-08,EUR,29342,2022,29342
2022-06-09,EUR,30645,2022,29342
2022-06-10,EUR,31491,2022,29342
2022-06-11,EUR,27273,2022,29749
2022-06-12,EUR,28997,2022,30439
2022-06-13,EUR,30440,2022,30439
2022-06-14,EUR,29749,2022,30439
2022-06-15,EUR,30439,2022,30439
2022-06-16,EUR,30665,2022,30439
2022-06-17,EUR,31465,2022,30439
2022-06-18,EUR,27623,2022,30439
2022-06-19,EUR,29651,2022,30589
2022-06-20,EUR,30589,2022,30589
2022-06-21,EUR,30378,2022,30589
2022-06-22,EUR,30633,2022,30589
2022-06-23,EUR,31334,2022,30589
2022-06-24,EUR,30889,2022,30633
2022-06-25,EUR,27298,2022,30633
2022-06-26,EUR,29178,2022,30672
2022-06-27,EUR,30672,2022,30289
2022-06-28,EUR,30289,2022,30289
2022-06-29,EUR,30763,2022,30289
2022-06-30,EUR,16,2022,30300
2022-07-01,EUR,32276,2022,30300
2022-07-02,EUR,28643,2022,30399
2022-07-03,EUR,30300,2022,30399
2022-07-04,EUR,31179,2022,31179
2022-07-05,EUR,30399,2022,31179
2022-07-06,EUR,31261,2022,31179
2022-07-07,EUR,31773,2022,31179
2022-07-08,EUR,32434,2022,31001
2022-07-09,EUR,29078,2022,31001
2022-07-10,EUR,30066,2022,30795
2022-07-11,EUR,31001,2022,30729
2022-07-12,EUR,30474,2022,30729
2022-07-13,EUR,30795,2022,30729
2022-07-14,EUR,30729,2022,30729
2022-07-15,EUR,31781,2022,30729
2022-07-16,EUR,29032,2022,30729
2022-07-17,EUR,29494,2022,30729
2022-07-18,EUR,31348,2022,30788
2022-07-19,EUR,30409,2022,30788
2022-07-20,EUR,30788,2022,30788
2022-07-21,EUR,31529,2022,30788
2022-07-22,EUR,32136,2022,30788
2022-07-23,EUR,29188,2022,30788
2022-07-24,EUR,30056,2022,30415
2022-07-25,EUR,31175,2022,30415
2022-07-26,EUR,30415,2022,30415
2022-07-27,EUR,29969,2022,30415
2022-07-28,EUR,31517,2022,30555
2022-07-29,EUR,31953,2022,30555
2022-07-30,EUR,29463,2022,30555
2022-07-31,EUR,30555,2022,30562
2022-08-01,EUR,31280,2022,30562
2022-08-02,EUR,30261,2022,30562
2022-08-03,EUR,30562,2022,30562
2022-08-04,EUR,30849,2022,30562
2022-08-05,EUR,31470,2022,30562
2022-08-06,EUR,29084,2022,30562
2022-08-07,EUR,30010,2022,30643
2022-08-08,EUR,30762,2022,30643
2022-08-09,EUR,29959,2022,30643
2022-08-10,EUR,30643,2022,30643
2022-08-11,EUR,30761,2022,30643
2022-08-12,EUR,31656,2022,30235
2022-08-13,EUR,29014,2022,30235
2022-08-14,EUR,29850,2022,30235
2022-08-15,EUR,30235,2022,30235
2022-08-16,EUR,29977,2022,30235
2022-08-17,EUR,30236,2022,30235
2022-08-18,EUR,30928,2022,30235
2022-08-19,EUR,31715,2022,30236
2022-08-20,EUR,29135,2022,30434
2022-08-21,EUR,30221,2022,30928
2022-08-22,EUR,31165,2022,31165
2022-08-23,EUR,30434,2022,31165
2022-08-24,EUR,31256,2022,31165
2022-08-25,EUR,31694,2022,31165
2022-08-26,EUR,32167,2022,31256
2022-08-27,EUR,29038,2022,31256
2022-08-28,EUR,30384,2022,31380
2022-08-29,EUR,31380,2022,31380
2022-08-30,EUR,30860,2022,31176
2022-08-31,EUR,31494,2022,31176
2022-09-01,EUR,31624,2022,31176
2022-09-02,EUR,31176,2022,31176
2022-09-03,EUR,28418,2022,31176
2022-09-04,EUR,30165,2022,30930
2022-09-05,EUR,31186,2022,30930
2022-09-06,EUR,30084,2022,30930
2022-09-07,EUR,30930,2022,30930
2022-09-08,EUR,31207,2022,30930
2022-09-09,EUR,31727,2022,30721
2022-09-10,EUR,28143,2022,30721
2022-09-11,EUR,29935,2022,30442
2022-09-12,EUR,30721,2022,30442
2022-09-13,EUR,29910,2022,29935
2022-09-14,EUR,30442,2022,29935
2022-09-15,EUR,31453,2022,29910
2022-09-16,EUR,28975,2022,29910
2022-09-17,EUR,27699,2022,29542
2022-09-18,EUR,29415,2022,29542
2022-09-19,EUR,29954,2022,29542
2022-09-20,EUR,29542,2022,29954
2022-09-21,EUR,30064,2022,29954
2022-09-22,EUR,31109,2022,29954
2022-09-23,EUR,31455,2022,29655
2022-09-24,EUR,26659,2022,29655
2022-09-25,EUR,28580,2022,29655
2022-09-26,EUR,29655,2022,29655
2022-09-27,EUR,29150,2022,29150
2022-09-28,EUR,29899,2022,29150
2022-09-29,EUR,29812,2022,29150
2022-09-30,EUR,12,2022,29150
2022-10-01,EUR,26463,2022,28367
2022-10-02,EUR,28367,2022,28212
2022-10-03,EUR,29289,2022,28212
2022-10-04,EUR,27879,2022,28367
2022-10-05,EUR,28212,2022,28367
2022-10-06,EUR,29250,2022,28212
2022-10-07,EUR,30041,2022,28212
2022-10-08,EUR,25859,2022,28212
2022-10-09,EUR,27759,2022,28520
2022-10-10,EUR,28627,2022,28520
2022-10-11,EUR,27826,2022,28520
2022-10-12,EUR,28520,2022,28520
2022-10-13,EUR,29092,2022,28520
2022-10-14,EUR,29892,2022,28316
2022-10-15,EUR,25878,2022,28316
2022-10-16,EUR,27706,2022,27749
2022-10-17,EUR,28316,2022,27749
2022-10-18,EUR,27270,2022,27706
2022-10-19,EUR,27749,2022,27706
2022-10-20,EUR,28854,2022,27667
2022-10-21,EUR,27667,2022,27667
2022-10-22,EUR,25677,2022,27667
2022-10-23,EUR,26911,2022,27667
2022-10-24,EUR,27930,2022,27667
2022-10-25,EUR,27351,2022,27930
2022-10-26,EUR,28040,2022,27930
2022-10-27,EUR,28632,2022,27930
2022-10-28,EUR,29173,2022,27351
2022-10-29,EUR,25399,2022,25422
2022-10-30,EUR,25422,2022,25399
2022-10-31,EUR,25295,2022,25295
2022-11-01,EUR,23034,2022,25295
2022-11-02,EUR,24063,2022,24887
2022-11-03,EUR,24887,2022,24275
2022-11-04,EUR,26189,2022,24275
2022-11-05,EUR,21636,2022,24275
2022-11-06,EUR,24275,2022,24275
2022-11-07,EUR,25059,2022,24275
2022-11-08,EUR,22864,2022,24275
2022-11-09,EUR,22898,2022,24275
2022-11-10,EUR,24562,2022,23306
2022-11-11,EUR,25273,2022,23306
2022-11-12,EUR,20318,2022,23306
2022-11-13,EUR,23306,2022,23306
2022-11-14,EUR,24299,2022,23306
2022-11-15,EUR,22363,2022,23306
2022-11-16,EUR,22834,2022,23306
2022-11-17,EUR,23917,2022,22834
2022-11-18,EUR,25099,2022,22834
2022-11-19,EUR,19906,2022,22834
2022-11-20,EUR,22646,2022,22646
2022-11-21,EUR,23519,2022,22646
2022-11-22,EUR,21672,2022,22646
2022-11-23,EUR,22216,2022,22646
2022-11-24,EUR,23487,2022,22535
2022-11-25,EUR,25016,2022,22535
2022-11-26,EUR,19622,2022,22535
2022-11-27,EUR,22535,2022,22535
2022-11-28,EUR,23730,2022,22535
2022-11-29,EUR,21722,2022,22535
2022-11-30,EUR,22470,2022,22535
2022-12-01,EUR,23626,2022,22470
2022-12-02,EUR,24760,2022,22470
2022-12-03,EUR,19638,2022,22470
2022-12-04,EUR,22432,2022,22688
2022-12-05,EUR,23520,2022,22688
2022-12-06,EUR,21859,2022,22688
2022-12-07,EUR,22688,2022,22688
2022-12-08,EUR,23468,2022,22688
2022-12-09,EUR,24329,2022,22688
2022-12-10,EUR,19931,2022,22688
2022-12-11,EUR,21973,2022,22289
2022-12-12,EUR,23348,2022,22289
2022-12-13,EUR,22289,2022,22289
2022-12-14,EUR,22265,2022,22289
2022-12-15,EUR,23813,2022,22922
2022-12-16,EUR,25049,2022,22922
2022-12-17,EUR,21336,2022,23659
2022-12-18,EUR,22922,2022,23813
2022-12-19,EUR,24103,2022,24064
2022-12-20,EUR,23659,2022,24064
2022-12-21,EUR,24064,2022,24064
2022-12-22,EUR,25095,2022,24064
2022-12-23,EUR,25324,2022,23659
2022-12-24,EUR,18249,2022,22309
2022-12-25,EUR,14504,2022,22309
2022-12-26,EUR,21778,2022,22309
2022-12-27,EUR,22309,2022,22309
2022-12-28,EUR,22441,2022,22309
2022-12-29,EUR,22902,2022,22309
2022-12-30,EUR,23862,2022,22441
2022-12-31,EUR,7,2022,22769
2023-01-01,EUR,20119,2023,22769
2023-01-02,EUR,24228,2023,22769
2023-01-03,EUR,22769,2023,22769
2023-01-04,EUR,22717,2023,22769
2023-01-05,EUR,23326,2023,23253
2023-01-06,EUR,23933,2023,22977
2023-01-07,EUR,21453,2023,22977
2023-01-08,EUR,23253,2023,22977
2023-01-09,EUR,22977,2023,22198
2023-01-10,EUR,20813,2023,22198
2023-01-11,EUR,21115,2023,22198
2023-01-12,EUR,22198,2023,21794
2023-01-13,EUR,23602,2023,21794
2023-01-14,EUR,19639,2023,21794
2023-01-15,EUR,21794,2023,21794
2023-01-16,EUR,22286,2023,21601
2023-01-17,EUR,20146,2023,21601
2023-01-18,EUR,20722,2023,21601
2023-01-19,EUR,21601,2023,21601
2023-01-20,EUR,24114,2023,21601
2023-01-21,EUR,19559,2023,21601
2023-01-22,EUR,21666,2023,21601
2023-01-23,EUR,22258,2023,21666
2023-01-24,EUR,20194,2023,21666
2023-01-25,EUR,20645,2023,21666
2023-01-26,EUR,22108,2023,21797
2023-01-27,EUR,23416,2023,21797
2023-01-28,EUR,19576,2023,21797
2023-01-29,EUR,21797,2023,21797
2023-01-30,EUR,22471,2023,21797
2023-01-31,EUR,20000,2023,21797
2023-02-01,EUR,21222,2023,21797
2023-02-02,EUR,22428,2023,21916
2023-02-03,EUR,24210,2023,21916
2023-02-04,EUR,20080,2023,21916
2023-02-05,EUR,21916,2023,21916
2023-02-06,EUR,22924,2023,21916
2023-02-07,EUR,20890,2023,21916
2023-02-08,EUR,21902,2023,21916
2023-02-09,EUR,23586,2023,22924
2023-02-10,EUR,25848,2023,23339
2023-02-11,EUR,21382,2023,23339
2023-02-12,EUR,23339,2023,23339
2023-02-13,EUR,23996,2023,23339
2023-02-14,EUR,21976,2023,23339
2023-02-15,EUR,22761,2023,23339
2023-02-16,EUR,23876,2023,23661
2023-02-17,EUR,23661,2023,23661
2023-02-18,EUR,22479,2023,23661
2023-02-19,EUR,23938,2023,23661
2023-02-20,EUR,24201,2023,23661
2023-02-21,EUR,22291,2023,23938
2023-02-22,EUR,23167,2023,23938
2023-02-23,EUR,24141,2023,23786
2023-02-24,EUR,25608,2023,23786
2023-02-25,EUR,21869,2023,23786
2023-02-26,EUR,23786,2023,23786
2023-02-27,EUR,24213,2023,23786
2023-02-28,EUR,22482,2023,23786
2023-03-01,EUR,23637,2023,23786
2023-03-02,EUR,24499,2023,23733
2023-03-03,EUR,25870,2023,23733
2023-03-04,EUR,21774,2023,23733
2023-03-05,EUR,23733,2023,23733
2023-03-06,EUR,24325,2023,23733
2023-03-07,EUR,21392,2023,23733
2023-03-08,EUR,22186,2023,23733
2023-03-09,EUR,23793,2023,23788
2023-03-10,EUR,24545,2023,23788
2023-03-11,EUR,21340,2023,23788
2023-03-12,EUR,23788,2023,23788
2023-03-13,EUR,24170,2023,23788
2023-03-14,EUR,22798,2023,23788
2023-03-15,EUR,23692,2023,23788
2023-03-16,EUR,24746,2023,24148
2023-03-17,EUR,26027,2023,24148
2023-03-18,EUR,21899,2023,24148
2023-03-19,EUR,24148,2023,24148
2023-03-20,EUR,25148,2023,24148
2023-03-21,EUR,23167,2023,24148
2023-03-22,EUR,23771,2023,24148
2023-03-23,EUR,24499,2023,24035
2023-03-24,EUR,25577,2023,23812
2023-03-25,EUR,21156,2023,24035
2023-03-26,EUR,24035,2023,24499
2023-03-27,EUR,23812,2023,25350
2023-03-28,EUR,25350,2023,24035
2023-03-29,EUR,26317,2023,24250
2023-03-30,EUR,27216,2023,25318
2023-03-31,EUR,6,2023,25350
2023-04-01,EUR,24250,2023,26317
2023-04-02,EUR,25318,2023,26422
2023-04-03,EUR,27209,2023,26422
2023-04-04,EUR,26422,2023,26492
2023-04-05,EUR,27331,2023,26492
2023-04-06,EUR,27337,2023,26492
2023-04-07,EUR,26492,2023,26492
2023-04-08,EUR,23925,2023,26564
2023-04-09,EUR,25173,2023,26564
2023-04-10,EUR,26564,2023,26564
2023-04-11,EUR,26853,2023,26853
2023-04-12,EUR,26891,2023,26853
2023-04-13,EUR,27979,2023,26853
2023-04-14,EUR,28929,2023,26891
2023-04-15,EUR,25104,2023,27765
2023-04-16,EUR,26656,2023,27979
2023-04-17,EUR,28207,2023,28207
2023-04-18,EUR,27765,2023,28207
2023-04-19,EUR,28363,2023,28207
2023-04-20,EUR,28981,2023,28207
2023-04-21,EUR,29187,2023,28363
2023-04-22,EUR,25574,2023,28363
2023-04-23,EUR,27682,2023,28558
2023-04-24,EUR,28558,2023,28558
2023-04-25,EUR,27787,2023,28558
2023-04-26,EUR,28659,2023,28558
2023-04-27,EUR,29913,2023,28558
2023-04-28,EUR,30528,2023,27787
2023-04-29,EUR,25953,2023,28302
2023-04-30,EUR,27222,2023,28302
2023-05-01,EUR,26861,2023,28302
2023-05-02,EUR,28302,2023,28302
2023-05-03,EUR,28973,2023,28302
2023-05-04,EUR,30217,2023,28302
2023-05-05,EUR,30310,2023,28973
2023-05-06,EUR,26319,2023,28973
2023-05-07,EUR,28180,2023,29312
2023-05-08,EUR,29339,2023,29312
2023-05-09,EUR,28879,2023,29312
2023-05-10,EUR,29312,2023,29312
2023-05-11,EUR,30280,2023,29312
2023-05-12,EUR,30877,2023,29312
2023-05-13,EUR,26851,2023,29312
2023-05-14,EUR,28582,2023,29590
2023-05-15,EUR,29839,2023,29242
2023-05-16,EUR,29009,2023,29009
2023-05-17,EUR,29590,2023,29009
2023-05-18,EUR,29242,2023,29242
2023-05-19,EUR,28745,2023,29242
2023-05-20,EUR,26840,2023,29590
2023-05-21,EUR,29664,2023,29622
2023-05-22,EUR,30338,2023,29664
2023-05-23,EUR,29622,2023,30338
2023-05-24,EUR,30371,2023,30338
2023-05-25,EUR,31299,2023,30338
2023-05-26,EUR,32114,2023,30371
2023-05-27,EUR,28216,2023,30405
2023-05-28,EUR,28848,2023,30411
2023-05-29,EUR,30405,2023,30411
2023-05-30,EUR,30411,2023,30411
2023-05-31,EUR,30953,2023,30411
2023-06-01,EUR,32246,2023,30411
2023-06-02,EUR,32238,2023,30953
2023-06-03,EUR,28731,2023,30953
2023-06-04,EUR,30348,2023,31634
2023-06-05,EUR,31634,2023,31634
2023-06-06,EUR,29877,2023,31634
2023-06-07,EUR,31934,2023,31634
2023-06-08,EUR,32217,2023,31634
2023-06-09,EUR,32743,2023,31934
2023-06-10,EUR,29252,2023,31934
2023-06-11,EUR,31492,2023,32088
2023-06-12,EUR,32088,2023,32088
2023-06-13,EUR,31541,2023,32088
2023-06-14,EUR,32214,2023,32088
2023-06-15,EUR,33580,2023,32088
2023-06-16,EUR,33915,2023,32214
2023-06-17,EUR,29674,2023,32214
2023-06-18,EUR,31195,2023,32842
2023-06-19,EUR,32930,2023,32842
2023-06-20,EUR,31586,2023,32842
2023-06-21,EUR,32842,2023,32842
2023-06-22,EUR,33199,2023,32842
2023-06-23,EUR,33652,2023,32842
2023-06-24,EUR,30148,2023,32864
2023-06-25,EUR,32123,2023,33068
2023-06-26,EUR,33431,2023,33068
2023-06-27,EUR,32864,2023,32864
2023-06-28,EUR,33068,2023,32864
2023-06-29,EUR,33636,2023,32864
2023-06-30,EUR,10,2023,32864
2023-07-01,EUR,31162,2023,32750
2023-07-02,EUR,32750,2023,32750
2023-07-03,EUR,33601,2023,32750
2023-07-04,EUR,32623,2023,32868
2023-07-05,EUR,32868,2023,32868
2023-07-06,EUR,34174,2023,32868
2023-07-07,EUR,34618,2023,32868
2023-07-08,EUR,31002,2023,32868
2023-07-09,EUR,32443,2023,33247
2023-07-10,EUR,33635,2023,33247
2023-07-11,EUR,32567,2023,33247
2023-07-12,EUR,33247,2023,33247
2023-07-13,EUR,33921,2023,33247
2023-07-14,EUR,34002,2023,33247
2023-07-15,EUR,30199,2023,33247
2023-07-16,EUR,32656,2023,33109
2023-07-17,EUR,33476,2023,33109
2023-07-18,EUR,32791,2023,33109
2023-07-19,EUR,33109,2023,33109
2023-07-20,EUR,34027,2023,33109
2023-07-21,EUR,33923,2023,32904
2023-07-22,EUR,31114,2023,32904
2023-07-23,EUR,32455,2023,32904
2023-07-24,EUR,32904,2023,32904
2023-07-25,EUR,32328,2023,32904
2023-07-26,EUR,33040,2023,32904
2023-07-27,EUR,33643,2023,32904
2023-07-28,EUR,33971,2023,33040
2023-07-29,EUR,31020,2023,33040
2023-07-30,EUR,32480,2023,32647
2023-07-31,EUR,33177,2023,32647
2023-08-01,EUR,32498,2023,32647
2023-08-02,EUR,32647,2023,32647
2023-08-03,EUR,33197,2023,32647
2023-08-04,EUR,33605,2023,32647
2023-08-05,EUR,31166,2023,32647
2023-08-06,EUR,32157,2023,32689
2023-08-07,EUR,33042,2023,32689
2023-08-08,EUR,32009,2023,32689
2023-08-09,EUR,32689,2023,32689
2023-08-10,EUR,33333,2023,32689
2023-08-11,EUR,33766,2023,32249
2023-08-12,EUR,31114,2023,32249
2023-08-13,EUR,32249,2023,32249
2023-08-14,EUR,32246,2023,32249
2023-08-15,EUR,31588,2023,32249
2023-08-16,EUR,32299,2023,32249
2023-08-17,EUR,32959,2023,32299
2023-08-18,EUR,33521,2023,32661
2023-08-19,EUR,30908,2023,32661
2023-08-20,EUR,32661,2023,32959
2023-08-21,EUR,33278,2023,33182
2023-08-22,EUR,32653,2023,33182
2023-08-23,EUR,33182,2023,33182
2023-08-24,EUR,33424,2023,33182
2023-08-25,EUR,33630,2023,32653
2023-08-26,EUR,30596,2023,33141
2023-08-27,EUR,31946,2023,33141
2023-08-28,EUR,31288,2023,33141
2023-08-29,EUR,33141,2023,33141
2023-08-30,EUR,33619,2023,33141
2023-08-31,EUR,34168,2023,33141
2023-09-01,EUR,34244,2023,33275
2023-09-02,EUR,30579,2023,33275
2023-09-03,EUR,32594,2023,32813
2023-09-04,EUR,33275,2023,32813
2023-09-05,EUR,32364,2023,32813
2023-09-06,EUR,32813,2023,32813
2023-09-07,EUR,33789,2023,32813
2023-09-08,EUR,33453,2023,32813
2023-09-09,EUR,30062,2023,32813
2023-09-10,EUR,32211,2023,32783
2023-09-11,EUR,33032,2023,32783
2023-09-12,EUR,32218,2023,32783
2023-09-13,EUR,32783,2023,32783
2023-09-14,EUR,33633,2023,32783
2023-09-15,EUR,33839,2023,32487
2023-09-16,EUR,29484,2023,32487
2023-09-17,EUR,31668,2023,32487
2023-09-18,EUR,32487,2023,32487
2023-09-19,EUR,31867,2023,32487
2023-09-20,EUR,32602,2023,32487
2023-09-21,EUR,33153,2023,32487
2023-09-22,EUR,33542,2023,32081
2023-09-23,EUR,29190,2023,32081
2023-09-24,EUR,31093,2023,32081
2023-09-25,EUR,32081,2023,32081
2023-09-26,EUR,31975,2023,32081
2023-09-27,EUR,32410,2023,32081
2023-09-28,EUR,33232,2023,32081
2023-09-29,EUR,33262,2023,31975
2023-09-30,EUR,7,2023,31746
2023-10-01,EUR,31027,2023,31403
2023-10-02,EUR,31746,2023,31403
2023-10-03,EUR,30819,2023,31403
2023-10-04,EUR,31403,2023,31403
2023-10-05,EUR,32247,2023,31403
2023-10-06,EUR,32710,2023,31128
2023-10-07,EUR,28456,2023,31128
2023-10-08,EUR,30337,2023,30582
2023-10-09,EUR,31128,2023,30582
2023-10-10,EUR,30196,2023,30582
2023-10-11,EUR,30582,2023,30582
2023-10-12,EUR,31575,2023,30582
2023-10-13,EUR,31211,2023,30582
2023-10-14,EUR,27833,2023,30582
2023-10-15,EUR,29867,2023,30001
2023-10-16,EUR,31087,2023,30001
2023-10-17,EUR,29643,2023,30001
2023-10-18,EUR,30001,2023,30001
2023-10-19,EUR,30523,2023,30001
2023-10-20,EUR,30469,2023,29932
2023-10-21,EUR,27387,2023,29932
2023-10-22,EUR,29280,2023,29849
2023-10-23,EUR,29932,2023,29849
2023-10-24,EUR,29232,2023,29849
2023-10-25,EUR,29849,2023,29849
2023-10-26,EUR,30471,2023,29849
2023-10-27,EUR,31225,2023,29232
2023-10-28,EUR,27175,2023,27620
2023-10-29,EUR,27335,2023,27335
2023-10-30,EUR,27620,2023,27175
2023-10-31,EUR,25999,2023,27175
2023-11-01,EUR,24971,2023,25999
2023-11-02,EUR,25255,2023,25999
2023-11-03,EUR,27874,2023,25999
2023-11-04,EUR,23584,2023,25255
2023-11-05,EUR,26119,2023,25255
2023-11-06,EUR,27068,2023,25561
2023-11-07,EUR,24084,2023,25561
2023-11-08,EUR,24723,2023,25561
2023-11-09,EUR,25561,2023,24734
2023-11-10,EUR,27073,2023,24734
2023-11-11,EUR,21809,2023,24734
2023-11-12,EUR,24734,2023,24734
2023-11-13,EUR,25709,2023,24734
2023-11-14,EUR,23426,2023,24734
2023-11-15,EUR,24195,2023,24734
2023-11-16,EUR,25400,2023,24220
2023-11-17,EUR,27082,2023,24220
2023-11-18,EUR,21534,2023,24220
2023-11-19,EUR,24220,2023,24220
2023-11-20,EUR,25416,2023,24220
2023-11-21,EUR,23033,2023,24220
2023-11-22,EUR,23652,2023,24220
2023-11-23,EUR,24891,2023,24338
2023-11-24,EUR,25927,2023,24338
2023-11-25,EUR,21379,2023,24338
2023-11-26,EUR,24338,2023,24338
2023-11-27,EUR,25499,2023,24338
2023-11-28,EUR,22694,2023,24338
2023-11-29,EUR,23746,2023,24338
2023-11-30,EUR,24721,2023,23746
2023-12-01,EUR,26133,2023,23746
2023-12-02,EUR,20250,2023,23746
2023-12-03,EUR,23638,2023,23638
2023-12-04,EUR,24793,2023,23638
2023-12-05,EUR,22680,2023,23638
2023-12-06,EUR,23486,2023,23638
2023-12-07,EUR,24538,2023,24538
2023-12-08,EUR,25906,2023,24538
2023-12-09,EUR,21508,2023,24538
2023-12-10,EUR,24686,2023,24538
2023-12-11,EUR,25748,2023,24686
2023-12-12,EUR,23492,2023,24686
2023-12-13,EUR,24244,2023,24686
2023-12-14,EUR,25519,2023,24938
2023-12-15,EUR,27811,2023,24938
2023-12-16,EUR,23159,2023,25376
2023-12-17,EUR,24938,2023,25519
2023-12-18,EUR,26223,2023,26037
2023-12-19,EUR,25376,2023,26037
2023-12-20,EUR,26157,2023,26037
2023-12-21,EUR,26037,2023,26037
2023-12-22,EUR,27441,2023,25376
2023-12-23,EUR,24217,2023,24217
2023-12-24,EUR,19839,2023,24217
2023-12-25,EUR,15304,2023,24217
2023-12-26,EUR,22078,2023,24217
2023-12-27,EUR,24538,2023,23352
2023-12-28,EUR,25285,2023,23352
2023-12-29,EUR,26247,2023,23352
2023-12-30,EUR,23352,2023,24259
2023-12-31,EUR,8,2023,24259
2024-01-01,EUR,21660,2024,24259
2024-01-02,EUR,24259,2024,24259
2024-01-03,EUR,24338,2024,24259
2024-01-04,EUR,25012,2024,24338
2024-01-05,EUR,26119,2024,24867
2024-01-06,EUR,23241,2024,24867
2024-01-07,EUR,24980,2024,24867
2024-01-08,EUR,24867,2024,23241
2024-01-09,EUR,21624,2024,23241
2024-01-10,EUR,21967,2024,23030
2024-01-11,EUR,23030,2024,23030
2024-01-12,EUR,24896,2024,23030
2024-01-13,EUR,20671,2024,23030
2024-01-14,EUR,23031,2024,23030
2024-01-15,EUR,23226,2024,22079
2024-01-16,EUR,20542,2024,22079
2024-01-17,EUR,19937,2024,22079
2024-01-18,EUR,22079,2024,22079
2024-01-19,EUR,24977,2024,22079
2024-01-20,EUR,20748,2024,22079
2024-01-21,EUR,22485,2024,22079
2024-01-22,EUR,23348,2024,22485
2024-01-23,EUR,21072,2024,22485
2024-01-24,EUR,21540,2024,22485
2024-01-25,EUR,23252,2024,23140
2024-01-26,EUR,24846,2024,23140
2024-01-27,EUR,20805,2024,23140
2024-01-28,EUR,23140,2024,23140
2024-01-29,EUR,23588,2024,22507
2024-01-30,EUR,21345,2024,22507
2024-01-31,EUR,21919,2024,22507
2024-02-01,EUR,22507,2024,22507
2024-02-02,EUR,25105,2024,22507
2024-02-03,EUR,21170,2024,22507
2024-02-04,EUR,23397,2024,22507
2024-02-05,EUR,24524,2024,23397
2024-02-06,EUR,21707,2024,23397
2024-02-07,EUR,21578,2024,23397
2024-02-08,EUR,24008,2024,23907
2024-02-09,EUR,26277,2024,23907
2024-02-10,EUR,22619,2024,23907
2024-02-11,EUR,23907,2024,23907
2024-02-12,EUR,24700,2024,23907
2024-02-13,EUR,22464,2024,23907
2024-02-14,EUR,23332,2024,23907
2024-02-15,EUR,25087,2024,24700
2024-02-16,EUR,27020,2024,25087
2024-02-17,EUR,23374,2024,25087
2024-02-18,EUR,25243,2024,25087
2024-02-19,EUR,25502,2024,24697
2024-02-20,EUR,22085,2024,24697
2024-02-21,EUR,23696,2024,24697
2024-02-22,EUR,24697,2024,24697
2024-02-23,EUR,26532,2024,24697
2024-02-24,EUR,22985,2024,24697
2024-02-25,EUR,25157,2024,24697
2024-02-26,EUR,25754,2024,25157
2024-02-27,EUR,23275,2024,25157
2024-02-28,EUR,24064,2024,25157
2024-02-29,EUR,25474,2024,25240
2024-03-01,EUR,27142,2024,25240
2024-03-02,EUR,23081,2024,25240
2024-03-03,EUR,25240,2024,25240
2024-03-04,EUR,26493,2024,25240
2024-03-05,EUR,23919,2024,25240
2024-03-06,EUR,24504,2024,25240
2024-03-07,EUR,25262,2024,25262
2024-03-08,EUR,26688,2024,25262
2024-03-09,EUR,22888,2024,25262
2024-03-10,EUR,25410,2024,25262
2024-03-11,EUR,26483,2024,25410
2024-03-12,EUR,23504,2024,25410
2024-03-13,EUR,24087,2024,25410
2024-03-14,EUR,26147,2024,25516
2024-03-15,EUR,27982,2024,25516
2024-03-16,EUR,23227,2024,25516
2024-03-17,EUR,25516,2024,25516
2024-03-18,EUR,26725,2024,25516
2024-03-19,EUR,24380,2024,25516
2024-03-20,EUR,25312,2024,25516
2024-03-21,EUR,26554,2024,25312
2024-03-22,EUR,28555,2024,25312
2024-03-23,EUR,23786,2024,25312
2024-03-24,EUR,25208,2024,26075
2024-03-25,EUR,26833,2024,26075
2024-03-26,EUR,25001,2024,26075
2024-03-27,EUR,26075,2024,26075
2024-03-28,EUR,26680,2024,26075
2024-03-29,EUR,26492,2024,26075
2024-03-30,EUR,23731,2024,26492
2024-03-31,EUR,5,2024,26680
2024-04-01,EUR,27805,2024,27805
2024-04-02,EUR,28176,2024,28176
2024-04-03,EUR,28392,2024,28176
2024-04-04,EUR,29336,2024,28392
2024-04-05,EUR,30081,2024,28496
2024-04-06,EUR,26420,2024,28688
2024-04-07,EUR,28496,2024,29336
2024-04-08,EUR,29588,2024,29344
2024-04-09,EUR,28688,2024,29344
2024-04-10,EUR,29344,2024,29344
2024-04-11,EUR,30516,2024,29344
2024-04-12,EUR,30693,2024,29344
2024-04-13,EUR,26757,2024,29344
2024-04-14,EUR,28589,2024,29325
2024-04-15,EUR,29521,2024,29325
2024-04-16,EUR,28797,2024,29325
2024-04-17,EUR,29325,2024,29325
2024-04-18,EUR,30587,2024,29325
2024-04-19,EUR,30845,2024,29325
2024-04-20,EUR,26641,2024,29325
2024-04-21,EUR,28865,2024,29785
2024-04-22,EUR,29978,2024,29090
2024-04-23,EUR,29090,2024,29090
2024-04-24,EUR,29785,2024,29090
2024-04-25,EUR,28546,2024,29090
2024-04-26,EUR,31527,2024,29090
2024-04-27,EUR,27391,2024,29785
2024-04-28,EUR,29077,2024,29077
2024-04-29,EUR,30471,2024,29935
2024-04-30,EUR,29935,2024,29935
2024-05-01,EUR,28889,2024,29935
2024-05-02,EUR,30770,2024,29935
2024-05-03,EUR,31498,2024,29935
2024-05-04,EUR,28164,2024,30719
2024-05-05,EUR,29929,2024,30770
2024-05-06,EUR,30957,2024,30768
2024-05-07,EUR,30719,2024,30768
2024-05-08,EUR,31345,2024,30768
2024-05-09,EUR,30768,2024,30957
2024-05-10,EUR,31115,2024,31115
2024-05-11,EUR,28498,2024,31115
2024-05-12,EUR,31206,2024,31115
2024-05-13,EUR,31807,2024,31206
2024-05-14,EUR,30979,2024,31568
2024-05-15,EUR,31568,2024,31568
2024-05-16,EUR,32398,2024,31568
2024-05-17,EUR,32418,2024,31347
2024-05-18,EUR,28894,2024,31347
2024-05-19,EUR,30253,2024,31347
2024-05-20,EUR,31347,2024,31347
2024-05-21,EUR,31241,2024,31347
2024-05-22,EUR,31919,2024,31347
2024-05-23,EUR,33228,2024,31347
2024-05-24,EUR,33379,2024,31919
2024-05-25,EUR,29386,2024,31919
2024-05-26,EUR,31155,2024,32700
2024-05-27,EUR,32776,2024,32700
2024-05-28,EUR,31815,2024,32700
2024-05-29,EUR,32700,2024,32700
2024-05-30,EUR,33123,2024,32776
2024-05-31,EUR,33745,2024,32899
2024-06-01,EUR,30530,2024,32899
2024-06-02,EUR,32899,2024,33123
2024-06-03,EUR,33523,2024,33471
2024-06-04,EUR,32692,2024,33471
2024-06-05,EUR,33471,2024,33471
2024-06-06,EUR,34069,2024,33471
2024-06-07,EUR,34461,2024,33471
2024-06-08,EUR,30511,2024,33471
2024-06-09,EUR,32493,2024,34069
2024-06-10,EUR,34260,2024,34105
2024-06-11,EUR,33077,2024,34105
2024-06-12,EUR,34105,2024,34105
2024-06-13,EUR,35047,2024,34105
2024-06-14,EUR,35698,2024,34105
2024-06-15,EUR,31671,2024,34105
2024-06-16,EUR,33359,2024,34356
2024-06-17,EUR,34356,2024,34356
2024-06-18,EUR,33706,2024,34356
2024-06-19,EUR,34764,2024,34356
2024-06-20,EUR,35427,2024,34356
2024-06-21,EUR,35005,2024,34764
2024-06-22,EUR,31698,2024,34764
2024-06-23,EUR,33699,2024,34397
2024-06-24,EUR,34923,2024,34397
2024-06-25,EUR,34320,2024,34397
2024-06-26,EUR,34397,2024,34397
2024-06-27,EUR,35011,2024,34397
2024-06-28,EUR,35499,2024,34397
2024-06-29,EUR,31863,2024,34397
2024-06-30,EUR,10,2024,34814
2024-07-01,EUR,35012,2024,34814
2024-07-02,EUR,34282,2024,34814
2024-07-03,EUR,34814,2024,34814
2024-07-04,EUR,35362,2024,34814
2024-07-05,EUR,35521,2024,34682
2024-07-06,EUR,32356,2024,34682
2024-07-07,EUR,33893,2024,34682
2024-07-08,EUR,34682,2024,34682
2024-07-09,EUR,34235,2024,34682
2024-07-10,EUR,34707,2024,34682
2024-07-11,EUR,35447,2024,34682
2024-07-12,EUR,34859,2024,34707
2024-07-13,EUR,32823,2024,34707
2024-07-14,EUR,34104,2024,34859
2024-07-15,EUR,35562,2024,34859
2024-07-16,EUR,34224,2024,34224
2024-07-17,EUR,34884,2024,34224
2024-07-18,EUR,35426,2024,34224
2024-07-19,EUR,33758,2024,34224
2024-07-20,EUR,32641,2024,33973
2024-07-21,EUR,33362,2024,33973
2024-07-22,EUR,34928,2024,33973
2024-07-23,EUR,33973,2024,34669
2024-07-24,EUR,34852,2024,34669
2024-07-25,EUR,35331,2024,34669
2024-07-26,EUR,34669,2024,34649
2024-07-27,EUR,32737,2024,34649
2024-07-28,EUR,34137,2024,34570
2024-07-29,EUR,34649,2024,34570
2024-07-30,EUR,34061,2024,34570
2024-07-31,EUR,34570,2024,34570
2024-08-01,EUR,34629,2024,34570
2024-08-02,EUR,35105,2024,34570
2024-08-03,EUR,32719,2024,34570
2024-08-04,EUR,33699,2024,33839
2024-08-05,EUR,34651,2024,33839
2024-08-06,EUR,33764,2024,33839
2024-08-07,EUR,33839,2024,33839
2024-08-08,EUR,34688,2024,33839
2024-08-09,EUR,34991,2024,33839
2024-08-10,EUR,32724,2024,33839
2024-08-11,EUR,33557,2024,33746
2024-08-12,EUR,34383,2024,33746
2024-08-13,EUR,33236,2024,33746
2024-08-14,EUR,33746,2024,33746
2024-08-15,EUR,33872,2024,33746
2024-08-16,EUR,34782,2024,33746
2024-08-17,EUR,32343,2024,33872
2024-08-18,EUR,33440,2024,33977
2024-08-19,EUR,34643,2024,34387
2024-08-20,EUR,33977,2024,34387
2024-08-21,EUR,34387,2024,34387
2024-08-22,EUR,34948,2024,34387
2024-08-23,EUR,35368,2024,34387
2024-08-24,EUR,32267,2024,34387
2024-08-25,EUR,33737,2024,34628
2024-08-26,EUR,34628,2024,34628
2024-08-27,EUR,34072,2024,34628
2024-08-28,EUR,34718,2024,34628
2024-08-29,EUR,35303,2024,34628
2024-08-30,EUR,35552,2024,34648
2024-08-31,EUR,32390,2024,34648
2024-09-01,EUR,34080,2024,34219
2024-09-02,EUR,34648,2024,34219
2024-09-03,EUR,33997,2024,34219
2024-09-04,EUR,34219,2024,34219
2024-09-05,EUR,34811,2024,34219
2024-09-06,EUR,35272,2024,34219
2024-09-07,EUR,31351,2024,34219
2024-09-08,EUR,33134,2024,34054
2024-09-09,EUR,34389,2024,34054
2024-09-10,EUR,33443,2024,34054
2024-09-11,EUR,34054,2024,34054
2024-09-12,EUR,34631,2024,34054
2024-09-13,EUR,34769,2024,34054
2024-09-14,EUR,30966,2024,34054
2024-09-15,EUR,33183,2024,33960
2024-09-16,EUR,34251,2024,33960
2024-09-17,EUR,33550,2024,33960
2024-09-18,EUR,33960,2024,33960
2024-09-19,EUR,34165,2024,33960
2024-09-20,EUR,34412,2024,33550
2024-09-21,EUR,30272,2024,33402
2024-09-22,EUR,32379,2024,33107
2024-09-23,EUR,33402,2024,33107
2024-09-24,EUR,32185,2024,33107
2024-09-25,EUR,33107,2024,33107
2024-09-26,EUR,33725,2024,33107
2024-09-27,EUR,33816,2024,33102
2024-09-28,EUR,30067,2024,33102
2024-09-29,EUR,32155,2024,32306
2024-09-30,EUR,33102,2024,32306
2024-10-01,EUR,31804,2024,32306
2024-10-02,EUR,32306,2024,32306
2024-10-03,EUR,32502,2024,32306
2024-10-04,EUR,32759,2024,32306
2024-10-05,EUR,29590,2024,32306
2024-10-06,EUR,31668,2024,31668
2024-10-07,EUR,32526,2024,31668
2024-10-08,EUR,31143,2024,31668
2024-10-09,EUR,31571,2024,31668
2024-10-10,EUR,32618,2024,31571
2024-10-11,EUR,33146,2024,31571
2024-10-12,EUR,28917,2024,31571
2024-10-13,EUR,31138,2024,31535
2024-10-14,EUR,32021,2024,31535
2024-10-15,EUR,31372,2024,31535
2024-10-16,EUR,31535,2024,31535
2024-10-17,EUR,32117,2024,31535
2024-10-18,EUR,32816,2024,31535
2024-10-19,EUR,29169,2024,31535
2024-10-20,EUR,30496,2024,31314
2024-10-21,EUR,31820,2024,31314
2024-10-22,EUR,30997,2024,31314
2024-10-23,EUR,31314,2024,31314
2024-10-24,EUR,32055,2024,31314
2024-10-25,EUR,32700,2024,30997
2024-10-26,EUR,28839,2024,29186
2024-10-27,EUR,28556,2024,28839
2024-10-28,EUR,29186,2024,28839
2024-10-29,EUR,27275,2024,28569
2024-10-30,EUR,28152,2024,28556
2024-10-31,EUR,28879,2024,28454
2024-11-01,EUR,28569,2024,28262
2024-11-02,EUR,25589,2024,28262
2024-11-03,EUR,28454,2024,28262
2024-11-04,EUR,28262,2024,27004
2024-11-05,EUR,25044,2024,27004
2024-11-06,EUR,25411,2024,27004
2024-11-07,EUR,27004,2024,25995
2024-11-08,EUR,28589,2024,25995
2024-11-09,EUR,23499,2024,25995
2024-11-10,EUR,25995,2024,25995
2024-11-11,EUR,26932,2024,25995
2024-11-12,EUR,24295,2024,25995
2024-11-13,EUR,24723,2024,25995
2024-11-14,EUR,26638,2024,25778
2024-11-15,EUR,28515,2024,25778
2024-11-16,EUR,23041,2024,25778
2024-11-17,EUR,25778,2024,25778
2024-11-18,EUR,27142,2024,25412
2024-11-19,EUR,23622,2024,25412
2024-11-20,EUR,24340,2024,25412
2024-11-21,EUR,25412,2024,25111
2024-11-22,EUR,27428,2024,25111
2024-11-23,EUR,22582,2024,25111
2024-11-24,EUR,25111,2024,25111
2024-11-25,EUR,26845,2024,25111
2024-11-26,EUR,24002,2024,25111
2024-11-27,EUR,24429,2024,25111
2024-11-28,EUR,26080,2024,25442
2024-11-29,EUR,27419,2024,25442
2024-11-30,EUR,22642,2024,25442
2024-12-01,EUR,25442,2024,25442
2024-12-02,EUR,26803,2024,25442
2024-12-03,EUR,23995,2024,25442
2024-12-04,EUR,24645,2024,25442
2024-12-05,EUR,25967,2024,25101
2024-12-06,EUR,27262,2024,25101
2024-12-07,EUR,21695,2024,25101
2024-12-08,EUR,25101,2024,25101
2024-12-09,EUR,27099,2024,25101
2024-12-10,EUR,24275,2024,25101
2024-12-11,EUR,25088,2024,25101
2024-12-12,EUR,26691,2024,25803
2024-12-13,EUR,28451,2024,25803
2024-12-14,EUR,23727,2024,25803
2024-12-15,EUR,25803,2024,25925
2024-12-16,EUR,27502,2024,25925
2024-12-17,EUR,25001,2024,25925
2024-12-18,EUR,25925,2024,25925
2024-12-19,EUR,28256,2024,26516
2024-12-20,EUR,29605,2024,26516
2024-12-21,EUR,25800,2024,26516
2024-12-22,EUR,26516,2024,26516
2024-12-23,EUR,26860,2024,25800
2024-12-24,EUR,19962,2024,25800
2024-12-25,EUR,15647,2024,24594
2024-12-26,EUR,24045,2024,24594
2024-12-27,EUR,26731,2024,24594
2024-12-28,EUR,24594,2024,24594
2024-12-29,EUR,25704,2024,24594
2024-12-30,EUR,25997,2024,25704
2024-12-31,EUR,10,2024,25704
2025-01-01,EUR,21144,2025,25704
2025-01-02,EUR,26232,2025,25838
2025-01-03,EUR,27423,2025,25838
2025-01-04,EUR,25166,2025,25838
2025-01-05,EUR,25838,2025,25838
2025-01-06,EUR,26203,2025,25166
2025-01-07,EUR,23822,2025,25166
2025-01-08,EUR,22670,2025,23822
2025-01-09,EUR,23761,2025,23822
2025-01-10,EUR,25842,2025,23822
2025-01-11,EUR,22082,2025,23761
2025-01-12,EUR,24333,2025,23761
2025-01-13,EUR,24816,2025,23933
2025-01-14,EUR,21913,2025,23933
2025-01-15,EUR,21723,2025,23933
2025-01-16,EUR,23933,2025,23933
2025-01-17,EUR,25801,2025,23933
2025-01-18,EUR,21827,2025,23933
2025-01-19,EUR,24122,2025,23933
2025-01-20,EUR,25148,2025,24122
2025-01-21,EUR,21575,2025,24122
2025-01-22,EUR,22781,2025,24122
2025-01-23,EUR,24282,2025,24248
2025-01-24,EUR,25400,2025,24248
2025-01-25,EUR,22111,2025,24248
2025-01-26,EUR,24248,2025,24248
2025-01-27,EUR,25003,2025,24248
2025-01-28,EUR,21912,2025,24248
2025-01-29,EUR,22788,2025,24248
2025-01-30,EUR,24556,2025,24556
2025-01-31,EUR,26715,2025,24556
2025-02-01,EUR,22741,2025,24556
2025-02-02,EUR,25208,2025,24556
2025-02-03,EUR,25869,2025,25140
2025-02-04,EUR,23008,2025,25140
2025-02-05,EUR,23507,2025,25140
2025-02-06,EUR,25140,2025,25140
2025-02-07,EUR,27348,2025,25140
2025-02-08,EUR,23232,2025,25140
2025-02-09,EUR,25362,2025,25140
2025-02-10,EUR,26270,2025,25362
2025-02-11,EUR,23337,2025,25362
2025-02-12,EUR,24259,2025,25362
2025-02-13,EUR,25539,2025,25539
2025-02-14,EUR,28237,2025,25539
2025-02-15,EUR,24692,2025,25539
2025-02-16,EUR,26167,2025,25596
2025-02-17,EUR,27072,2025,26167
2025-02-18,EUR,24777,2025,26167
2025-02-19,EUR,25596,2025,26167
2025-02-20,EUR,26767,2025,26562
2025-02-21,EUR,27447,2025,26562
2025-02-22,EUR,24377,2025,26562
2025-02-23,EUR,26562,2025,26562
2025-02-24,EUR,27328,2025,26312
2025-02-25,EUR,24670,2025,26312
2025-02-26,EUR,25193,2025,26312
2025-02-27,EUR,26312,2025,26312
2025-02-28,EUR,27279,2025,26312
2025-03-01,EUR,24687,2025,26312
2025-03-02,EUR,26460,2025,26312
2025-03-03,EUR,27408,2025,26460
2025-03-04,EUR,25211,2025,26460
2025-03-05,EUR,25932,2025,26460
2025-03-06,EUR,27345,2025,26314
2025-03-07,EUR,28622,2025,25932
2025-03-08,EUR,24471,2025,25932
2025-03-09,EUR,26314,2025,25881
2025-03-10,EUR,25184,2025,25881
2025-03-11,EUR,25298,2025,25881
2025-03-12,EUR,25881,2025,25881
2025-03-13,EUR,27289,2025,25881
2025-03-14,EUR,28514,2025,26522
2025-03-15,EUR,24278,2025,26522
2025-03-16,EUR,26522,2025,26522
2025-03-17,EUR,27852,2025,26522
2025-03-18,EUR,25482,2025,26522
2025-03-19,EUR,26273,2025,26522
2025-03-20,EUR,28104,2025,26518
2025-03-21,EUR,27899,2025,26518
2025-03-22,EUR,24088,2025,26518
2025-03-23,EUR,26518,2025,26609
2025-03-24,EUR,27659,2025,26609
2025-03-25,EUR,25633,2025,26609
2025-03-26,EUR,26609,2025,26609
2025-03-27,EUR,28077,2025,27659
2025-03-28,EUR,29404,2025,26609
2025-03-29,EUR,24777,2025,28077
2025-03-30,EUR,28517,2025,28517
2025-03-31,EUR,10,2025,29404
2025-04-01,EUR,29814,2025,29814
2025-04-02,EUR,30460,2025,29814
2025-04-03,EUR,31326,2025,29814
2025-04-04,EUR,31895,2025,30460
2025-04-05,EUR,27698,2025,30460
2025-04-06,EUR,29745,2025,30241
2025-04-07,EUR,31103,2025,30241
2025-04-08,EUR,30241,2025,30241
2025-04-09,EUR,30175,2025,30241
2025-04-10,EUR,32274,2025,30241
2025-04-11,EUR,32682,2025,30241
2025-04-12,EUR,28645,2025,30175
2025-04-13,EUR,29841,2025,31163
2025-04-14,EUR,31163,2025,31163
2025-04-15,EUR,30036,2025,30392
2025-04-16,EUR,31321,2025,30392
2025-04-17,EUR,31672,2025,30392
2025-04-18,EUR,30392,2025,30392
2025-04-19,EUR,28016,2025,30401
2025-04-20,EUR,28988,2025,30401
2025-04-21,EUR,30401,2025,30401
2025-04-22,EUR,30947,2025,30947
2025-04-23,EUR,31265,2025,30947
2025-04-24,EUR,32253,2025,31093
2025-04-25,EUR,32614,2025,31093
2025-04-26,EUR,28964,2025,31093
2025-04-27,EUR,31093,2025,31093
2025-04-28,EUR,30996,2025,30996
2025-04-29,EUR,30904,2025,30996
2025-04-30,EUR,32110,2025,30996
2025-05-01,EUR,30791,2025,30996
2025-05-02,EUR,31544,2025,31544
2025-05-03,EUR,28921,2025,31544
2025-05-04,EUR,31548,2025,31544
2025-05-05,EUR,31900,2025,31548
2025-05-06,EUR,31275,2025,31900
2025-05-07,EUR,32208,2025,31900
2025-05-08,EUR,32726,2025,31900
2025-05-09,EUR,32963,2025,32208
2025-05-10,EUR,29411,2025,32208
2025-05-11,EUR,31649,2025,32427
2025-05-12,EUR,32854,2025,32427
2025-05-13,EUR,31685,2025,32427
2025-05-14,EUR,32427,2025,32427
2025-05-15,EUR,33776,2025,32427
2025-05-16,EUR,33931,2025,32427
2025-05-17,EUR,29764,2025,32427
2025-05-18,EUR,31728,2025,32979
2025-05-19,EUR,32979,2025,32979
2025-05-20,EUR,32324,2025,32979
2025-05-21,EUR,33073,2025,32979
2025-05-22,EUR,34373,2025,32979
2025-05-23,EUR,34766,2025,33073
2025-05-24,EUR,30572,2025,33106
2025-05-25,EUR,32385,2025,33935
2025-05-26,EUR,34091,2025,33106
2025-05-27,EUR,33106,2025,33106
2025-05-28,EUR,33935,2025,33106
2025-05-29,EUR,33035,2025,33332
2025-05-30,EUR,33332,2025,33332
2025-05-31,EUR,31252,2025,33690
2025-06-01,EUR,33690,2025,33690
2025-06-02,EUR,34299,2025,34138
2025-06-03,EUR,34138,2025,34299
2025-06-04,EUR,34574,2025,34299
2025-06-05,EUR,35754,2025,34299
2025-06-06,EUR,35954,2025,34512
2025-06-07,EUR,31684,2025,34574
2025-06-08,EUR,33138,2025,34959
2025-06-09,EUR,34512,2025,34959
2025-06-10,EUR,34959,2025,34959
2025-06-11,EUR,35221,2025,34959
2025-06-12,EUR,36133,2025,34959
2025-06-13,EUR,35550,2025,35139
2025-06-14,EUR,32124,2025,35139
2025-06-15,EUR,33531,2025,35122
2025-06-16,EUR,35139,2025,35122
2025-06-17,EUR,34345,2025,35122
2025-06-18,EUR,35122,2025,35122
2025-06-19,EUR,35344,2025,35122
2025-06-20,EUR,35816,2025,34873
2025-06-21,EUR,32648,2025,34873
2025-06-22,EUR,34124,2025,34723
2025-06-23,EUR,34873,2025,34723
2025-06-24,EUR,34723,2025,34723
2025-06-25,EUR,34720,2025,34723
2025-06-26,EUR,35578,2025,34723
2025-06-27,EUR,36394,2025,34720
2025-06-28,EUR,32993,2025,34720
2025-06-29,EUR,34535,2025,35366
2025-06-30,EUR,5,2025,34535
2025-07-01,EUR,35514,2025,34535
2025-07-02,EUR,35366,2025,34535
2025-07-03,EUR,34394,2025,34614
2025-07-04,EUR,34874,2025,34874
2025-07-05,EUR,33609,2025,34874
2025-07-06,EUR,34614,2025,34874
2025-07-07,EUR,35891,2025,35219
2025-07-08,EUR,35219,2025,35891
2025-07-09,EUR,35904,2025,35891
2025-07-10,EUR,36534,2025,35891
2025-07-11,EUR,36833,2025,35615
2025-07-12,EUR,33738,2025,35615
2025-07-13,EUR,34851,2025,35615
2025-07-14,EUR,35615,2025,35615
2025-07-15,EUR,35475,2025,35615
2025-07-16,EUR,35720,2025,35615
2025-07-17,EUR,36454,2025,35615
2025-07-18,EUR,37075,2025,35720
2025-07-19,EUR,33550,2025,35720
2025-07-20,EUR,34867,2025,35605
2025-07-21,EUR,35905,2025,35605
2025-07-22,EUR,35457,2025,35605
2025-07-23,EUR,35605,2025,35605
2025-07-24,EUR,36099,2025,35605
2025-07-25,EUR,36687,2025,35605
2025-07-26,EUR,33849,2025,35605
2025-07-27,EUR,34751,2025,35649
2025-07-28,EUR,35743,2025,35649
2025-07-29,EUR,35245,2025,35649
2025-07-30,EUR,35649,2025,35649
2025-07-31,EUR,36183,2025,35649
2025-08-01,EUR,36501,2025,35553
2025-08-02,EUR,33772,2025,35553
2025-08-03,EUR,34883,2025,35367
2025-08-04,EUR,35553,2025,35367
2025-08-05,EUR,35074,2025,35367
2025-08-06,EUR,35367,2025,35367
2025-08-07,EUR,35944,2025,35367
2025-08-08,EUR,36408,2025,35367
2025-08-09,EUR,33998,2025,35367
2025-08-10,EUR,35006,2025,35285
2025-08-11,EUR,35783,2025,35285
2025-08-12,EUR,35092,2025,35285
2025-08-13,EUR,35285,2025,35285
2025-08-14,EUR,35704,2025,35285
2025-08-15,EUR,35541,2025,35285
2025-08-16,EUR,33527,2025,35285
2025-08-17,EUR,34910,2025,35541
2025-08-18,EUR,35864,2025,35541
2025-08-19,EUR,35182,2025,35577
2025-08-20,EUR,35577,2025,35577
2025-08-21,EUR,36166,2025,35577
2025-08-22,EUR,36792,2025,35577
2025-08-23,EUR,33615,2025,35731
2025-08-24,EUR,35318,2025,35749
2025-08-25,EUR,36142,2025,35749
2025-08-26,EUR,35731,2025,35749
2025-08-27,EUR,35749,2025,35749
2025-08-28,EUR,36306,2025,35749
2025-08-29,EUR,36819,2025,35749
2025-08-30,EUR,34092,2025,35749
2025-08-31,EUR,35487,2025,35487
2025-09-01,EUR,36106,2025,35487
2025-09-02,EUR,35190,2025,35487
2025-09-03,EUR,35423,2025,35487
2025-09-04,EUR,36165,2025,35423
2025-09-05,EUR,36612,2025,35423
2025-09-06,EUR,32711,2025,35423
2025-09-07,EUR,34878,2025,35016
2025-09-08,EUR,35631,2025,35016
2025-09-09,EUR,34841,2025,35016
2025-09-10,EUR,35016,2025,35016
2025-09-11,EUR,36112,2025,35016
2025-09-12,EUR,36441,2025,35016
2025-09-13,EUR,32232,2025,35016
2025-09-14,EUR,34544,2025,35170
2025-09-15,EUR,35438,2025,35170
2025-09-16,EUR,34589,2025,35170
2025-09-17,EUR,35170,2025,35170
2025-09-18,EUR,35924,2025,35170
2025-09-19,EUR,36433,2025,34986
2025-09-20,EUR,32094,2025,34986
2025-09-21,EUR,33857,2025,34129
2025-09-22,EUR,34986,2025,34129
2025-09-23,EUR,33786,2025,34129
2025-09-24,EUR,34129,2025,34129
2025-09-25,EUR,35469,2025,34129
2025-09-26,EUR,35664,2025,34129
2025-09-27,EUR,31914,2025,34129
2025-09-28,EUR,34037,2025,34037
2025-09-29,EUR,34789,2025,34037
2025-09-30,EUR,17,2025,34037
2025-10-01,EUR,33895,2025,34037
2025-10-02,EUR,34258,2025,33895
2025-10-03,EUR,34309,2025,33833
2025-10-04,EUR,30453,2025,33833
2025-10-05,EUR,33175,2025,33787
2025-10-06,EUR,33833,2025,33787
2025-10-07,EUR,32851,2025,33787
2025-10-08,EUR,33787,2025,33787
2025-10-09,EUR,34630,2025,33787
2025-10-10,EUR,34822,2025,33499
2025-10-11,EUR,30762,2025,33499
2025-10-12,EUR,32901,2025,33495
2025-10-13,EUR,33499,2025,33495
2025-10-14,EUR,32464,2025,33495
2025-10-15,EUR,33495,2025,33495
2025-10-16,EUR,34290,2025,33495
2025-10-17,EUR,34512,2025,33282
2025-10-18,EUR,30695,2025,33282
2025-10-19,EUR,32498,2025,32977
2025-10-20,EUR,33282,2025,32808
2025-10-21,EUR,32264,2025,32808
2025-10-22,EUR,32977,2025,32808
2025-10-23,EUR,32808,2025,32808
2025-10-24,EUR,34146,2025,32264
2025-10-25,EUR,30319,2025,30472
2025-10-26,EUR,29983,2025,30319
2025-10-27,EUR,30472,2025,30319
2025-10-28,EUR,28792,2025,30319
2025-10-29,EUR,29705,2025,29983
2025-10-30,EUR,30635,2025,29705
2025-10-31,EUR,31437,2025,29705
2025-11-01,EUR,27088,2025,29705
2025-11-02,EUR,29325,2025,29325
2025-11-03,EUR,30102,2025,28753
2025-11-04,EUR,26830,2025,28753
2025-11-05,EUR,27110,2025,28753
2025-11-06,EUR,28753,2025,27577
2025-11-07,EUR,30020,2025,27577
2025-11-08,EUR,25065,2025,27577
2025-11-09,EUR,27577,2025,27577
2025-11-10,EUR,28328,2025,27577
2025-11-11,EUR,25009,2025,27577
2025-11-12,EUR,26116,2025,27577
2025-11-13,EUR,28140,2025,27043
2025-11-14,EUR,29454,2025,27043
2025-11-15,EUR,24336,2025,27043
2025-11-16,EUR,27043,2025,27043
2025-11-17,EUR,28352,2025,27043
2025-11-18,EUR,25037,2025,27043
2025-11-19,EUR,25317,2025,27043
2025-11-20,EUR,27616,2025,26720
2025-11-21,EUR,29072,2025,26720
2025-11-22,EUR,23948,2025,26720
2025-11-23,EUR,26720,2025,26720
2025-11-24,EUR,27971,2025,26720
2025-11-25,EUR,24616,2025,26720
2025-11-26,EUR,24705,2025,26720
2025-11-27,EUR,27475,2025,26630
2025-11-28,EUR,28674,2025,26630
2025-11-29,EUR,23849,2025,26630
2025-11-30,EUR,26630,2025,26630
2025-12-01,EUR,28219,2025,26630
2025-12-02,EUR,24929,2025,26630
2025-12-03,EUR,25364,2025,26630
2025-12-04,EUR,27714,2025,26587
2025-12-05,EUR,29203,2025,26587
2025-12-06,EUR,24058,2025,26587
2025-12-07,EUR,26587,2025,26587
2025-12-08,EUR,28930,2025,26587
2025-12-09,EUR,25524,2025,26587
2025-12-10,EUR,26520,2025,26587
2025-12-11,EUR,27797,2025,27341
2025-12-12,EUR,29723,2025,27341
2025-12-13,EUR,24509,2025,27341
2025-12-14,EUR,27341,2025,27341
2025-12-15,EUR,29011,2025,27341
2025-12-16,EUR,25929,2025,27341
2025-12-17,EUR,26835,2025,27341
2025-12-18,EUR,29589,2025,28324
2025-12-19,EUR,30856,2025,28324
2025-12-20,EUR,27141,2025,28324
2025-12-21,EUR,28324,2025,28324
2025-12-22,EUR,29045,2025,27141
2025-12-23,EUR,27108,2025,27108
2025-12-24,EUR,21848,2025,26481
2025-12-25,EUR,17416,2025,26481
2025-12-26,EUR,26422,2025,26481
2025-12-27,EUR,26481,2025,26481
2025-12-28,EUR,27698,2025,26481
2025-12-29,EUR,27870,2025,NA
2025-12-30,EUR,26700,2025,NA
2025-12-31,EUR,7,2025,NA
