ICAO,DATE,PHASE,N_VALID,"(-INF,-60]","(-60,-55]","(-55,-50]","(-50,-45]","(-45,-40]","(-40,-35]","(-35,-30]","(-30,-25]","(-25,-20]","(-20,-15]","(-15,-10]","(-10,-5]","(-5,0]","(0,5)","[5,10)","[10,15)","[15,20)","[20,25)","[25,30)","[30,35)","[35,40)","[40,45)","[45,50)","[50,55)","[55,60)","[60,INF)"
LGAV,2024-01-01,ARR,229,0,0,0,0,0,2,2,13,22,35,41,33,26,18,10,8,3,3,3,3,1,0,1,1,2,2
LGAV,2024-01-01,DEP,229,0,0,0,0,0,0,0,0,1,1,12,33,73,48,20,19,2,3,5,2,0,4,1,2,1,2
LGAV,2024-01-02,ARR,287,0,0,0,1,0,1,3,6,20,31,44,38,41,20,12,18,17,9,3,3,7,1,3,1,2,6
LGAV,2024-01-02,DEP,291,1,0,0,0,0,0,0,0,0,0,10,29,57,62,41,35,21,8,10,3,6,1,3,2,0,2
LGAV,2024-01-03,ARR,282,0,0,0,2,0,2,6,8,19,30,44,39,41,30,14,16,11,6,4,3,0,0,0,3,1,3
LGAV,2024-01-03,DEP,279,0,1,0,0,0,0,0,0,0,2,13,26,58,59,44,30,14,7,4,7,4,2,2,2,0,4
LGAV,2024-01-04,ARR,261,1,0,0,0,0,4,7,7,15,36,46,42,28,22,8,9,10,6,5,2,3,2,2,0,1,5
LGAV,2024-01-04,DEP,270,1,0,0,0,1,0,0,0,0,2,14,33,50,65,32,23,11,9,2,3,7,7,0,1,0,9
LGAV,2024-01-05,ARR,296,1,0,0,0,0,2,4,12,18,18,44,45,38,36,26,18,9,4,3,5,0,3,2,0,2,6
LGAV,2024-01-05,DEP,301,0,0,0,0,0,0,1,0,0,3,6,29,51,75,34,30,31,12,7,4,3,2,2,0,2,9
LGAV,2024-01-06,ARR,267,0,0,0,1,0,0,4,7,8,20,29,38,42,29,25,15,16,7,6,2,3,1,6,0,1,7
LGAV,2024-01-06,DEP,259,0,0,0,1,1,0,0,0,1,2,3,28,50,56,34,32,11,14,7,7,4,1,3,0,2,2
LGAV,2024-01-07,ARR,301,0,0,0,0,0,1,1,4,4,14,25,40,39,41,24,19,14,9,9,9,10,3,6,5,2,22
LGAV,2024-01-07,DEP,302,0,0,0,0,0,0,0,1,0,2,4,16,47,61,37,37,24,21,10,4,9,6,4,3,1,15
LGAV,2024-01-08,ARR,277,0,0,1,0,0,1,2,5,14,22,30,40,34,32,20,17,13,5,5,9,5,1,2,2,5,12
LGAV,2024-01-08,DEP,282,0,0,0,0,0,0,0,0,0,3,5,23,58,60,33,24,16,17,6,11,5,4,0,3,1,13
LGAV,2024-01-09,ARR,227,0,0,0,1,0,0,1,6,13,15,38,30,33,31,17,6,6,4,2,3,3,2,1,2,2,11
LGAV,2024-01-09,DEP,223,0,0,0,0,0,0,0,0,0,1,5,17,55,46,31,19,19,6,1,3,2,3,3,1,1,10
LGAV,2024-01-10,ARR,237,1,1,0,0,0,0,1,3,9,20,40,36,33,24,20,10,5,5,5,7,3,3,2,2,0,7
LGAV,2024-01-10,DEP,236,0,0,0,0,0,0,0,0,0,2,6,24,49,66,26,18,10,7,4,8,2,2,3,1,2,6
LGAV,2024-01-11,ARR,236,1,0,0,0,1,0,3,5,18,29,29,41,40,17,5,12,8,5,5,5,3,1,1,1,1,5
LGAV,2024-01-11,DEP,239,0,0,0,0,0,0,0,0,0,2,15,35,67,42,26,16,9,8,5,3,4,1,0,2,0,4
LGAV,2024-01-12,ARR,271,1,0,0,0,1,1,3,6,13,23,46,38,35,27,22,11,7,8,8,7,0,3,2,0,0,9
LGAV,2024-01-12,DEP,273,1,0,0,0,1,0,0,0,0,1,8,32,49,63,40,30,13,9,3,4,4,3,0,1,1,10
LGAV,2024-01-13,ARR,205,0,0,0,0,1,0,4,5,20,34,34,35,21,14,6,4,9,5,5,3,2,1,0,1,0,1
LGAV,2024-01-13,DEP,203,0,0,0,0,0,0,0,0,0,2,11,25,68,49,16,12,5,6,2,1,1,1,0,2,0,2
LGAV,2024-01-14,ARR,250,0,0,1,1,3,2,2,8,21,36,41,33,31,19,11,11,9,8,5,3,3,0,0,0,0,2
LGAV,2024-01-14,DEP,250,0,0,0,1,0,0,0,0,0,1,10,41,65,45,31,22,7,9,5,6,2,2,1,1,0,1
LGAV,2024-01-15,ARR,250,0,0,0,0,0,1,5,7,18,32,47,47,21,27,12,9,5,2,3,3,1,3,0,0,1,6
LGAV,2024-01-15,DEP,250,0,0,0,0,0,1,0,1,1,1,15,36,74,57,25,12,4,5,4,1,3,0,2,1,1,6
LGAV,2024-01-16,ARR,203,1,0,0,0,1,3,6,9,19,39,31,30,29,8,6,8,2,3,0,1,1,2,0,1,0,3
LGAV,2024-01-16,DEP,209,0,0,0,0,0,0,0,1,0,5,11,37,62,34,26,12,6,4,3,0,1,0,1,1,0,5
LGAV,2024-01-17,ARR,219,0,1,0,0,1,3,5,11,20,22,40,26,25,12,9,7,9,3,2,2,0,5,0,2,2,12
LGAV,2024-01-17,DEP,219,1,0,0,0,0,0,0,0,0,4,13,32,61,42,15,12,14,3,4,3,2,1,1,0,1,10
LGAV,2024-01-18,ARR,225,1,0,0,0,1,3,4,7,16,35,37,41,23,11,7,6,9,4,2,0,3,3,2,0,1,9
LGAV,2024-01-18,DEP,226,0,0,0,0,0,1,0,0,0,3,12,37,60,40,18,20,8,7,4,0,4,0,3,1,0,8
LGAV,2024-01-19,ARR,263,1,0,0,0,2,3,5,17,26,30,44,34,27,20,5,8,9,3,6,8,3,2,3,0,1,6
LGAV,2024-01-19,DEP,260,1,0,0,0,0,0,0,0,2,4,13,44,53,57,31,18,11,8,3,1,0,6,0,0,0,8
LGAV,2024-01-20,ARR,195,0,0,0,0,1,1,4,7,17,31,28,25,21,14,11,10,7,7,4,1,0,1,1,0,0,4
LGAV,2024-01-20,DEP,199,1,0,0,0,0,0,0,0,1,1,6,39,54,40,17,15,8,5,3,3,1,2,0,1,0,2
LGAV,2024-01-21,ARR,231,0,0,0,0,1,0,1,1,4,18,35,42,41,26,16,10,7,10,4,2,3,3,1,1,1,4
LGAV,2024-01-21,DEP,231,0,0,0,0,1,0,0,0,2,1,5,32,48,61,25,24,6,3,1,10,2,1,1,4,2,2
LGAV,2024-01-22,ARR,246,0,0,1,0,1,0,3,10,7,26,34,42,35,28,20,15,9,4,0,0,1,2,0,0,0,8
LGAV,2024-01-22,DEP,234,0,0,0,0,0,0,0,0,1,3,10,29,64,44,21,23,11,8,6,3,2,0,3,0,0,6
LGAV,2024-01-23,ARR,203,0,0,0,0,1,0,5,7,14,29,26,33,33,17,9,7,9,1,3,1,0,2,0,1,0,5
LGAV,2024-01-23,DEP,208,1,0,0,0,0,1,0,0,0,1,12,31,49,51,20,15,10,2,5,0,2,2,1,0,1,4
LGAV,2024-01-24,ARR,215,1,1,1,0,3,3,2,13,15,26,38,40,18,21,8,8,1,4,3,3,0,1,1,0,0,4
LGAV,2024-01-24,DEP,214,0,0,0,0,0,0,0,1,0,6,12,41,52,40,23,13,6,8,2,2,3,0,2,0,0,3
LGAV,2024-01-25,ARR,220,1,0,1,1,1,4,7,6,25,32,40,47,25,8,7,4,4,2,1,1,1,0,1,0,0,1
LGAV,2024-01-25,DEP,224,0,0,0,0,0,0,0,0,0,3,15,41,78,37,25,13,2,2,3,2,1,0,1,0,0,1
LGAV,2024-01-26,ARR,252,1,0,0,0,2,5,6,13,28,27,37,47,27,23,6,13,3,8,0,1,0,0,0,2,0,3
LGAV,2024-01-26,DEP,251,0,0,0,1,0,0,0,0,0,2,15,41,85,54,22,9,8,3,2,2,0,1,1,0,1,4
LGAV,2024-01-27,ARR,198,0,0,0,0,1,2,3,4,11,28,24,32,23,15,10,15,11,5,4,5,2,0,2,0,0,1
LGAV,2024-01-27,DEP,197,0,0,0,0,1,0,0,1,1,4,12,31,47,42,27,10,8,6,0,0,4,1,1,0,1,0
LGAV,2024-01-28,ARR,234,0,1,1,0,0,0,2,4,7,29,46,43,32,27,15,10,7,5,1,0,0,0,1,0,0,3
LGAV,2024-01-28,DEP,234,0,0,0,0,1,0,0,0,0,2,10,43,62,56,23,17,14,1,0,0,4,0,0,0,0,1
LGAV,2024-01-29,ARR,241,0,0,0,1,0,2,2,2,9,24,53,40,44,19,12,10,8,0,4,1,1,1,0,1,1,6
LGAV,2024-01-29,DEP,243,1,0,0,0,0,0,0,0,0,4,13,36,70,54,22,12,4,5,7,4,4,0,1,1,0,5
LGAV,2024-01-30,ARR,204,2,0,1,0,0,1,1,2,7,6,26,26,31,31,20,11,11,8,5,6,3,2,0,0,0,4
LGAV,2024-01-30,DEP,200,1,0,0,0,0,0,0,0,0,1,11,22,47,41,20,21,9,7,4,3,2,1,3,1,0,6
LGAV,2024-01-31,ARR,220,0,0,0,2,0,0,0,3,13,23,24,42,28,28,14,10,9,6,4,2,2,4,1,0,1,4
LGAV,2024-01-31,DEP,224,0,0,0,0,0,0,0,0,2,2,8,24,57,51,23,18,10,8,10,3,2,2,0,1,1,2
LGAV,2024-02-01,ARR,237,1,0,0,0,2,4,4,4,16,24,37,34,40,24,9,8,12,2,4,1,2,1,1,1,1,5
LGAV,2024-02-01,DEP,235,0,0,0,0,0,0,0,0,0,3,9,38,60,55,26,13,10,4,3,3,0,1,1,0,1,8
LGAV,2024-02-02,ARR,267,1,0,0,0,0,1,1,11,19,28,42,37,34,25,9,23,13,8,4,2,3,1,0,1,1,3
LGAV,2024-02-02,DEP,272,0,0,0,0,0,1,0,0,1,3,5,32,66,60,33,29,12,8,3,6,3,2,3,0,0,5
LGAV,2024-02-03,ARR,207,1,0,0,0,0,5,7,11,18,25,36,43,18,14,8,3,5,4,1,3,1,1,1,0,1,1
LGAV,2024-02-03,DEP,200,1,0,0,0,0,0,0,0,0,4,18,38,52,43,21,10,8,2,0,2,0,0,0,0,0,1
LGAV,2024-02-04,ARR,241,0,0,0,0,2,3,10,14,25,31,37,35,27,11,12,9,6,2,4,1,4,2,1,0,1,4
LGAV,2024-02-04,DEP,247,0,0,0,0,0,0,0,0,0,1,11,57,68,60,16,13,8,5,2,1,2,1,0,0,0,2
LGAV,2024-02-05,ARR,253,0,0,0,2,3,2,4,6,29,29,37,37,42,15,11,13,7,4,1,0,1,1,2,0,0,7
LGAV,2024-02-05,DEP,251,0,0,1,0,0,0,0,0,0,4,15,31,69,50,26,18,14,6,3,1,2,1,1,1,3,5
LGAV,2024-02-06,ARR,217,0,1,0,0,1,2,2,8,26,33,43,26,27,17,5,10,1,5,1,1,3,4,1,0,0,0
LGAV,2024-02-06,DEP,212,0,0,0,0,1,0,0,0,0,5,8,54,56,39,21,9,7,1,0,2,1,2,2,1,1,2
LGAV,2024-02-07,ARR,231,3,0,0,0,1,1,4,10,12,25,35,29,21,14,7,9,8,13,9,7,5,3,5,4,2,4
LGAV,2024-02-07,DEP,236,0,0,0,0,1,1,0,0,1,4,11,29,62,46,30,16,4,7,4,3,3,2,3,3,2,4
LGAV,2024-02-08,ARR,251,0,1,1,0,0,1,11,9,13,22,51,44,26,19,13,8,6,5,3,2,2,1,2,3,1,7
LGAV,2024-02-08,DEP,252,0,0,0,0,0,0,1,0,2,0,11,36,69,51,22,21,7,10,3,5,1,1,2,3,0,7
LGAV,2024-02-09,ARR,285,1,1,0,2,1,0,2,5,16,26,42,43,42,29,14,13,12,8,7,4,2,4,2,1,0,8
LGAV,2024-02-09,DEP,286,0,0,0,0,0,1,0,0,0,3,11,39,73,64,27,21,17,9,4,3,1,3,4,0,0,6
LGAV,2024-02-10,ARR,216,0,0,0,0,2,1,6,9,9,29,28,36,23,23,13,11,6,5,4,5,1,1,0,1,1,2
LGAV,2024-02-10,DEP,213,0,0,0,0,0,0,0,1,0,3,6,35,63,47,26,10,8,7,2,2,1,1,1,0,0,0
LGAV,2024-02-11,ARR,255,0,0,0,0,0,0,0,3,3,9,19,36,40,38,21,22,29,12,8,2,3,1,1,1,1,6
LGAV,2024-02-11,DEP,257,0,0,0,0,0,0,0,0,0,1,5,23,55,62,38,24,20,11,3,2,0,3,3,1,0,6
LGAV,2024-02-12,ARR,261,1,0,0,0,1,0,4,3,9,16,39,45,40,26,12,16,13,6,8,1,1,3,4,0,1,12
LGAV,2024-02-12,DEP,260,0,0,0,0,0,0,0,0,0,1,10,22,62,59,33,22,12,6,5,5,4,2,4,2,0,11
LGAV,2024-02-13,ARR,223,0,1,0,0,2,3,3,10,20,27,45,37,30,14,10,6,4,2,3,0,0,1,0,0,3,2
LGAV,2024-02-13,DEP,227,0,0,0,0,0,0,0,0,0,1,14,46,62,45,23,17,3,4,3,1,2,1,0,0,2,3
LGAV,2024-02-14,ARR,244,0,1,0,0,0,1,2,7,15,26,34,45,33,28,18,15,7,4,4,1,0,2,1,0,0,0
LGAV,2024-02-14,DEP,238,1,0,0,0,0,0,0,1,1,4,9,37,61,61,24,12,8,5,2,3,2,2,0,1,0,4
LGAV,2024-02-15,ARR,247,1,0,0,0,1,1,2,4,16,28,38,41,36,29,15,12,6,6,3,2,0,0,1,0,1,4
LGAV,2024-02-15,DEP,248,0,0,0,0,0,0,0,0,0,4,6,40,55,61,33,17,9,8,3,3,1,1,0,3,0,4
LGAV,2024-02-16,ARR,284,1,0,0,0,1,1,3,6,13,20,35,38,52,31,22,20,14,10,2,5,3,1,1,1,1,3
LGAV,2024-02-16,DEP,288,0,0,0,0,0,2,0,0,0,3,11,35,59,63,39,35,13,10,5,3,1,1,1,3,1,3
LGAV,2024-02-17,ARR,212,0,0,0,0,1,1,1,5,12,22,30,39,33,19,12,2,14,6,8,2,1,0,0,0,0,4
LGAV,2024-02-17,DEP,216,0,0,0,0,0,0,0,0,0,6,9,33,40,52,23,16,13,10,3,4,0,1,1,0,0,5
LGAV,2024-02-18,ARR,269,0,0,0,0,0,1,0,11,15,27,33,48,32,32,16,12,17,7,6,2,0,1,2,1,1,5
LGAV,2024-02-18,DEP,274,0,0,0,0,0,0,0,0,2,3,10,29,65,64,30,26,16,10,5,3,2,3,0,1,1,4
LGAV,2024-02-19,ARR,268,0,0,0,0,2,0,3,6,14,30,53,47,32,22,17,9,12,6,5,2,1,1,1,2,1,2
LGAV,2024-02-19,DEP,262,0,1,0,0,0,0,0,0,1,1,8,36,62,53,37,32,13,2,4,2,3,2,1,1,0,3
LGAV,2024-02-20,ARR,216,1,1,0,0,0,1,2,3,11,32,29,34,39,19,12,8,10,3,4,1,0,2,0,0,0,4
LGAV,2024-02-20,DEP,215,0,0,0,0,0,0,0,0,0,0,3,34,51,54,22,16,16,5,6,2,1,0,2,0,0,3
LGAV,2024-02-21,ARR,238,0,0,1,0,0,2,3,7,10,30,35,37,32,32,16,8,8,5,6,0,0,1,1,0,1,3
LGAV,2024-02-21,DEP,231,0,0,0,0,0,0,1,0,0,1,2,18,55,64,31,28,11,5,1,4,0,2,0,1,1,6
LGAV,2024-02-22,ARR,241,1,0,0,0,1,0,1,4,7,21,30,45,26,28,22,19,7,9,6,5,1,2,1,1,2,2
LGAV,2024-02-22,DEP,248,1,0,0,0,0,0,0,1,1,1,4,21,58,68,29,26,8,10,8,5,2,1,0,1,0,3
LGAV,2024-02-23,ARR,276,0,1,0,0,0,1,0,1,7,16,43,45,35,17,23,26,16,13,7,4,7,2,3,2,0,7
LGAV,2024-02-23,DEP,273,0,0,0,0,0,0,1,0,1,0,4,20,64,65,33,24,16,12,8,7,4,2,2,2,3,5
LGAV,2024-02-24,ARR,223,1,0,0,0,0,0,1,3,13,24,25,26,28,27,16,15,9,14,5,4,2,2,4,1,0,3
LGAV,2024-02-24,DEP,221,0,0,0,0,0,0,0,0,0,1,11,14,63,53,29,15,9,6,4,6,0,1,2,3,0,4
LGAV,2024-02-25,ARR,272,0,0,0,0,0,0,1,4,7,14,33,34,39,28,23,26,12,9,12,7,6,4,3,1,2,7
LGAV,2024-02-25,DEP,280,0,0,0,0,0,0,0,0,2,3,9,21,52,65,38,22,18,13,9,4,6,4,0,2,3,9
LGAV,2024-02-26,ARR,273,1,0,0,0,0,0,0,4,14,9,20,32,42,33,19,25,18,14,14,8,1,3,3,4,2,7
LGAV,2024-02-26,DEP,265,0,0,0,0,0,0,0,0,0,0,2,11,46,64,36,24,24,11,16,7,4,1,3,2,2,12
LGAV,2024-02-27,ARR,234,0,0,1,1,0,0,0,0,7,15,35,41,36,26,20,14,8,8,7,4,0,2,0,2,0,7
LGAV,2024-02-27,DEP,249,1,0,0,0,0,0,1,0,0,1,2,19,43,66,33,32,20,5,3,4,5,7,0,1,1,5
LGAV,2024-02-28,ARR,217,2,0,0,0,0,0,0,8,11,21,38,33,26,22,12,13,9,3,5,0,1,1,2,1,1,8
LGAV,2024-02-28,DEP,207,0,0,0,0,0,0,0,0,0,0,11,19,72,43,17,8,9,8,6,2,2,0,4,0,2,4
LGAV,2024-02-29,ARR,276,1,0,0,1,0,0,1,2,4,12,18,35,34,32,29,29,13,19,14,7,4,3,1,2,1,14
LGAV,2024-02-29,DEP,274,1,0,0,0,0,1,2,0,0,2,9,10,39,62,37,29,21,11,17,5,5,4,4,1,0,14
LGAV,2024-03-01,ARR,297,0,0,0,0,0,2,2,1,4,8,14,30,32,43,22,29,31,11,10,9,4,9,4,4,4,24
LGAV,2024-03-01,DEP,292,0,0,0,0,0,0,0,1,0,0,4,9,31,45,42,39,35,16,12,16,7,7,3,4,6,15
LGAV,2024-03-02,ARR,234,0,0,0,0,0,0,3,2,10,28,40,36,30,15,17,24,7,4,4,3,3,1,1,1,0,5
LGAV,2024-03-02,DEP,234,0,0,0,0,0,1,0,1,0,2,2,18,66,66,25,18,13,6,4,5,0,1,0,1,2,3
LGAV,2024-03-03,ARR,277,1,0,0,0,0,1,0,1,16,20,45,31,45,32,16,19,8,9,7,5,4,4,2,1,1,9
LGAV,2024-03-03,DEP,281,0,0,0,0,0,0,0,1,1,0,5,19,85,63,36,18,13,6,7,5,1,6,3,3,2,7
LGAV,2024-03-04,ARR,271,0,0,0,1,0,0,0,3,10,20,37,40,41,28,23,18,12,6,8,9,4,2,1,1,0,7
LGAV,2024-03-04,DEP,275,0,0,0,0,0,1,0,0,0,1,9,12,67,79,34,20,14,7,3,2,7,2,3,2,3,9
LGAV,2024-03-05,ARR,244,0,0,0,0,2,0,0,3,6,12,23,34,44,27,28,9,9,10,8,3,4,0,3,0,4,15
LGAV,2024-03-05,DEP,247,0,0,1,0,1,0,1,0,0,1,4,19,59,54,26,22,13,8,14,1,3,4,2,3,0,11
LGAV,2024-03-06,ARR,252,0,0,0,1,0,0,0,7,12,19,32,38,44,33,12,13,11,7,5,3,2,1,1,2,0,9
LGAV,2024-03-06,DEP,253,0,0,0,0,1,1,1,0,1,1,7,16,77,54,29,20,16,8,2,2,4,1,2,1,0,9
LGAV,2024-03-07,ARR,264,0,1,0,0,0,1,2,2,5,15,40,41,35,34,21,23,14,11,6,1,2,0,1,0,0,9
LGAV,2024-03-07,DEP,258,0,0,0,0,0,0,0,0,1,1,6,23,63,73,32,20,12,9,5,4,2,2,0,0,0,5
LGAV,2024-03-08,ARR,281,1,0,0,0,0,0,0,0,8,22,26,37,49,39,14,12,23,14,12,2,4,2,2,0,4,10
LGAV,2024-03-08,DEP,284,1,0,0,0,0,0,0,0,0,1,1,15,48,70,35,40,17,13,10,7,5,0,1,6,2,12
LGAV,2024-03-09,ARR,240,0,0,0,0,0,1,0,2,7,17,30,39,41,22,20,13,14,8,10,3,1,1,1,0,3,7
LGAV,2024-03-09,DEP,234,1,0,0,0,0,0,1,0,1,1,4,21,55,57,28,26,10,5,7,3,2,4,0,2,0,6
LGAV,2024-03-10,ARR,285,0,0,3,0,0,0,0,4,8,23,26,48,34,32,20,34,14,13,6,6,1,1,2,0,2,8
LGAV,2024-03-10,DEP,287,0,1,0,0,1,0,1,0,2,0,7,28,53,79,39,23,22,8,5,7,3,1,0,1,2,4
LGAV,2024-03-11,ARR,274,1,0,0,0,1,1,0,1,2,10,20,32,38,34,23,35,13,20,15,8,4,3,0,0,4,9
LGAV,2024-03-11,DEP,277,1,0,0,0,0,0,0,0,0,0,3,18,43,53,39,33,24,13,15,11,4,5,1,1,1,12
LGAV,2024-03-12,ARR,246,0,0,0,1,1,1,0,5,7,24,36,48,45,25,16,17,8,2,0,3,1,0,1,0,0,5
LGAV,2024-03-12,DEP,246,0,0,0,0,1,0,1,0,1,2,7,33,73,60,29,15,8,4,2,1,1,2,0,2,0,4
LGAV,2024-03-13,ARR,254,2,0,1,0,0,0,2,2,9,17,37,42,40,28,15,17,13,10,2,4,1,3,1,1,0,7
LGAV,2024-03-13,DEP,253,0,0,0,0,0,0,0,0,1,2,4,11,60,64,42,22,15,7,4,0,5,1,3,3,1,8
LGAV,2024-03-14,ARR,280,1,0,0,0,0,1,1,3,9,14,34,52,53,27,22,22,9,2,5,6,4,1,4,0,1,9
LGAV,2024-03-14,DEP,276,2,0,0,0,0,1,0,0,1,2,2,15,63,73,44,26,13,9,5,7,1,2,2,1,0,7
LGAV,2024-03-15,ARR,306,1,0,0,0,0,0,1,4,7,20,34,35,38,37,23,31,22,22,10,3,3,2,3,0,2,8
LGAV,2024-03-15,DEP,311,0,0,0,0,1,0,0,0,0,2,0,18,45,55,55,39,32,22,17,3,10,5,0,0,1,6
LGAV,2024-03-16,ARR,228,0,0,0,1,0,2,0,5,7,30,44,38,33,17,16,11,8,4,4,1,0,0,3,2,0,2
LGAV,2024-03-16,DEP,225,0,0,1,0,0,0,0,0,0,2,9,22,57,56,34,19,8,9,2,1,2,0,0,0,1,2
LGAV,2024-03-17,ARR,249,0,0,0,0,0,1,2,8,22,37,48,46,28,18,9,11,7,4,1,0,2,2,2,0,1,0
LGAV,2024-03-17,DEP,252,0,0,0,0,0,0,0,0,1,3,20,26,76,71,18,15,4,2,2,3,1,3,3,0,2,2
LGAV,2024-03-18,ARR,271,0,0,0,0,0,2,3,7,17,30,41,53,36,19,15,16,5,4,5,4,4,2,1,1,1,5
LGAV,2024-03-18,DEP,269,0,0,0,0,0,0,0,0,0,3,11,32,80,69,22,18,6,4,7,3,1,2,2,0,2,7
LGAV,2024-03-19,ARR,255,1,1,0,0,0,0,7,6,5,26,37,40,34,35,13,14,8,9,5,1,4,0,2,1,0,6
LGAV,2024-03-19,DEP,255,0,0,0,0,0,0,2,0,1,2,11,25,53,74,32,23,10,5,6,2,3,0,0,0,0,6
LGAV,2024-03-20,ARR,262,2,1,0,0,0,1,2,2,8,28,34,44,40,27,16,15,10,8,6,7,2,3,1,1,0,4
LGAV,2024-03-20,DEP,265,0,0,0,0,0,0,1,0,0,0,9,27,65,52,37,29,13,8,6,6,3,3,2,2,1,1
LGAV,2024-03-21,ARR,287,0,0,0,0,0,0,2,6,7,21,40,32,52,25,25,16,8,10,7,6,4,5,7,1,2,11
LGAV,2024-03-21,DEP,283,0,0,0,0,0,1,0,1,0,1,3,20,55,71,45,25,20,10,3,2,6,5,4,3,0,8
LGAV,2024-03-22,ARR,323,0,0,0,1,1,0,1,0,7,21,27,43,41,45,29,26,20,10,17,10,9,4,0,2,2,7
LGAV,2024-03-22,DEP,328,0,0,0,0,0,0,1,1,0,1,4,15,48,74,51,41,29,22,9,5,9,8,1,2,2,5
LGAV,2024-03-23,ARR,234,1,0,1,0,0,1,2,8,13,18,36,47,42,19,13,11,7,2,6,1,3,0,1,0,0,2
LGAV,2024-03-23,DEP,233,0,0,0,0,1,0,0,0,1,3,8,21,55,57,34,23,11,7,3,2,4,0,1,0,1,1
LGAV,2024-03-24,ARR,272,0,0,0,0,0,1,4,3,6,26,33,45,45,29,21,24,8,5,4,4,3,1,2,1,1,6
LGAV,2024-03-24,DEP,269,0,0,0,0,0,0,0,0,0,3,13,28,74,65,26,21,10,11,3,2,3,0,2,2,0,6
LGAV,2024-03-25,ARR,294,1,0,1,1,1,0,3,3,11,23,28,46,45,22,19,21,14,12,5,7,5,2,3,1,4,16
LGAV,2024-03-25,DEP,293,0,0,0,0,0,0,0,0,1,2,12,41,64,64,26,21,13,10,5,3,5,4,2,4,2,14
LGAV,2024-03-26,ARR,272,2,0,0,0,1,1,1,4,4,14,29,25,43,32,25,17,23,10,10,9,7,4,3,4,2,2
LGAV,2024-03-26,DEP,278,0,0,0,0,0,0,0,1,0,2,11,18,53,79,35,30,18,8,7,5,3,1,0,2,3,2
LGAV,2024-03-27,ARR,264,1,0,0,0,0,0,0,1,4,13,24,36,35,32,25,22,19,9,9,8,6,6,3,1,1,9
LGAV,2024-03-27,DEP,268,0,0,0,0,0,0,1,0,0,0,3,17,53,72,36,30,14,12,7,5,3,2,4,2,2,5
LGAV,2024-03-28,ARR,295,0,0,0,0,0,2,0,7,15,17,38,41,40,30,21,20,13,9,9,6,2,3,3,5,3,11
LGAV,2024-03-28,DEP,286,0,0,0,0,0,0,0,0,2,1,9,30,71,62,31,30,13,10,5,3,3,3,1,1,1,10
LGAV,2024-03-29,ARR,318,0,0,0,0,0,1,4,1,5,16,37,47,46,38,34,21,16,14,5,9,4,5,3,1,2,9
LGAV,2024-03-29,DEP,316,1,0,0,1,0,0,1,1,0,1,6,19,58,64,47,37,25,10,12,7,1,4,3,2,3,13
LGAV,2024-03-30,ARR,245,0,0,0,0,1,0,2,7,12,34,33,40,28,20,15,16,6,8,5,2,1,5,3,2,0,5
LGAV,2024-03-30,DEP,236,1,0,0,0,0,0,0,0,0,4,7,36,59,56,22,22,10,7,3,1,3,2,1,0,0,2
LGAV,2024-03-31,ARR,314,0,0,0,0,1,0,1,3,10,19,31,53,55,46,28,19,16,8,5,3,3,6,0,1,2,4
LGAV,2024-03-31,DEP,331,0,0,0,0,0,0,0,0,1,3,11,31,79,79,41,31,19,14,5,5,1,1,2,1,1,6
LGAV,2024-04-01,ARR,339,0,0,1,0,0,3,2,3,6,18,31,37,43,43,21,40,28,21,9,6,7,2,1,1,8,8
LGAV,2024-04-01,DEP,329,0,0,0,0,0,0,0,1,0,2,3,30,45,87,39,41,20,15,10,12,2,5,3,2,3,9
LGAV,2024-04-02,ARR,313,1,0,0,0,1,0,1,4,12,20,40,49,58,50,22,16,13,3,5,2,4,3,2,1,1,5
LGAV,2024-04-02,DEP,322,0,0,0,0,0,0,0,1,1,2,12,44,80,83,30,21,13,13,4,8,1,1,0,2,0,6
LGAV,2024-04-03,ARR,322,1,1,0,0,0,0,1,6,15,32,47,60,44,33,20,19,11,12,6,3,2,1,1,1,1,5
LGAV,2024-04-03,DEP,315,0,0,0,0,0,0,0,0,1,3,9,39,86,69,32,31,15,8,6,3,4,1,4,1,0,3
LGAV,2024-04-04,ARR,328,0,0,0,0,0,1,1,7,11,30,54,62,42,29,33,20,14,6,5,5,3,2,1,1,1,0
LGAV,2024-04-04,DEP,332,0,0,0,0,0,0,1,0,0,3,11,29,66,100,34,34,17,10,11,4,5,3,1,0,0,3
LGAV,2024-04-05,ARR,334,0,0,1,1,0,1,2,6,16,21,41,46,56,36,19,28,18,9,8,3,3,4,5,1,1,8
LGAV,2024-04-05,DEP,338,0,0,0,0,0,0,1,0,0,2,7,22,70,76,51,35,24,12,13,4,4,3,4,1,4,5
LGAV,2024-04-06,ARR,309,1,0,0,0,0,0,5,6,15,36,47,50,54,31,14,10,7,4,7,2,5,1,1,1,1,11
LGAV,2024-04-06,DEP,308,0,0,0,0,0,0,0,0,0,1,16,38,77,73,31,23,11,7,5,5,2,5,2,1,2,9
LGAV,2024-04-07,ARR,327,1,0,0,0,0,1,1,4,16,18,42,46,55,33,24,30,19,7,11,7,3,1,3,3,0,2
LGAV,2024-04-07,DEP,332,0,0,0,0,0,0,0,1,1,2,10,40,67,76,38,35,19,10,9,6,2,3,2,4,4,3
LGAV,2024-04-08,ARR,338,1,0,1,1,0,2,0,4,9,14,33,35,38,60,36,37,24,18,6,6,3,1,1,1,2,5
LGAV,2024-04-08,DEP,332,0,0,0,1,0,0,0,0,1,4,5,24,60,90,41,33,29,13,9,4,6,3,2,1,0,6
LGAV,2024-04-09,ARR,315,1,0,0,0,0,1,2,5,11,26,34,54,49,45,16,25,14,9,7,2,1,2,1,0,0,10
LGAV,2024-04-09,DEP,315,0,0,0,0,0,0,0,0,0,4,7,37,80,80,36,20,12,8,9,4,2,2,2,1,1,10
LGAV,2024-04-10,ARR,325,1,0,0,0,1,0,2,3,11,29,34,53,42,27,28,27,15,18,7,7,5,1,3,2,1,8
LGAV,2024-04-10,DEP,320,0,0,0,0,0,0,0,0,1,0,12,32,63,81,44,34,15,12,6,5,2,1,0,1,1,10
LGAV,2024-04-11,ARR,345,0,0,0,0,1,1,1,3,3,17,23,39,66,41,35,38,24,11,9,7,10,2,2,1,1,10
LGAV,2024-04-11,DEP,344,0,0,0,0,0,0,0,0,1,2,7,22,59,82,44,49,21,16,8,7,3,6,2,3,2,10
LGAV,2024-04-12,ARR,354,0,0,0,0,0,0,1,2,3,10,19,48,46,41,39,30,43,22,9,13,8,5,5,1,1,8
LGAV,2024-04-12,DEP,357,0,0,0,0,1,0,0,0,0,0,8,14,54,81,63,34,34,12,14,9,10,6,1,1,2,13
LGAV,2024-04-13,ARR,318,0,0,0,1,0,1,6,8,17,35,36,59,41,40,20,13,12,11,5,3,3,2,1,3,0,1
LGAV,2024-04-13,DEP,321,1,1,0,0,0,1,0,0,3,2,8,40,75,73,39,28,14,8,4,4,3,4,4,2,1,6
LGAV,2024-04-14,ARR,359,0,0,0,1,0,1,2,3,6,20,30,45,40,41,33,29,25,16,14,7,13,4,6,5,1,17
LGAV,2024-04-14,DEP,366,0,0,0,1,1,0,0,0,1,4,3,33,77,56,42,40,29,17,11,10,7,4,4,5,1,20
LGAV,2024-04-15,ARR,358,2,0,1,0,1,0,1,5,4,12,38,33,43,41,25,35,32,21,15,12,5,5,3,3,2,19
LGAV,2024-04-15,DEP,355,0,1,0,0,1,1,1,0,0,1,8,19,46,69,51,31,29,18,11,12,14,8,4,5,3,22
LGAV,2024-04-16,ARR,332,0,1,0,0,0,0,1,4,1,14,30,43,40,46,31,31,24,10,12,9,11,2,6,4,2,10
LGAV,2024-04-16,DEP,330,1,0,0,0,0,0,0,0,0,3,7,18,64,72,33,39,26,16,14,5,6,5,0,4,2,15
LGAV,2024-04-17,ARR,340,1,0,0,0,0,0,1,1,4,12,35,33,44,53,35,26,23,20,10,10,7,3,2,4,2,14
LGAV,2024-04-17,DEP,346,2,0,1,0,0,0,0,0,0,2,10,18,52,75,58,35,26,22,7,9,4,3,2,0,3,17
LGAV,2024-04-18,ARR,364,0,0,1,0,0,0,2,2,6,11,23,33,46,61,33,42,19,16,16,10,7,7,5,3,3,18
LGAV,2024-04-18,DEP,361,0,0,0,0,0,0,0,0,1,1,1,13,43,68,53,53,29,21,19,21,5,5,6,5,1,16
LGAV,2024-04-19,ARR,371,0,0,0,0,1,0,0,1,6,5,17,33,38,45,29,32,29,30,16,27,9,6,9,4,4,30
LGAV,2024-04-19,DEP,382,3,0,0,0,0,0,0,0,0,2,4,14,45,75,50,39,39,26,19,11,12,10,7,5,3,18
LGAV,2024-04-20,ARR,353,1,0,2,1,0,0,1,4,4,18,24,66,54,43,16,26,24,14,13,9,7,6,4,6,2,8
LGAV,2024-04-20,DEP,340,0,0,0,1,0,0,0,0,0,3,6,18,48,76,59,27,25,11,13,12,10,5,7,3,3,13
LGAV,2024-04-21,ARR,356,0,0,0,0,0,0,1,1,4,16,22,31,51,49,41,40,19,21,12,11,9,7,2,4,5,10
LGAV,2024-04-21,DEP,372,0,0,0,0,0,1,0,0,0,4,2,20,39,76,42,57,31,28,24,8,6,4,8,5,4,13
LGAV,2024-04-22,ARR,364,2,0,0,0,0,1,1,1,5,10,23,28,44,44,24,36,30,29,25,15,13,7,5,2,6,13
LGAV,2024-04-22,DEP,355,0,0,0,0,0,0,1,1,1,1,9,26,39,59,45,47,30,27,18,13,11,5,5,1,2,14
LGAV,2024-04-23,ARR,351,0,0,0,0,0,2,1,2,2,6,13,36,27,45,29,40,31,22,22,16,11,9,6,5,2,24
LGAV,2024-04-23,DEP,347,0,0,0,0,0,0,0,0,1,2,3,18,36,60,47,40,32,26,17,13,10,6,4,8,3,21
LGAV,2024-04-24,ARR,365,0,0,1,0,0,1,0,4,0,8,12,25,24,29,26,28,34,28,23,31,18,12,14,12,7,28
LGAV,2024-04-24,DEP,360,2,0,0,0,0,0,0,0,0,1,0,10,27,41,41,43,28,29,31,10,24,15,9,5,9,35
LGAV,2024-04-25,ARR,375,0,0,0,0,2,2,0,2,5,11,21,22,42,45,32,41,22,29,22,13,10,12,11,7,9,15
LGAV,2024-04-25,DEP,379,0,0,0,0,0,0,0,0,0,1,2,8,27,51,60,43,42,27,38,22,10,8,11,6,3,20
LGAV,2024-04-26,ARR,387,2,0,0,0,0,0,1,1,5,10,7,40,23,34,31,30,41,33,32,17,19,15,12,6,5,23
LGAV,2024-04-26,DEP,395,0,0,0,0,1,1,0,0,1,1,2,5,25,42,39,59,37,39,33,27,15,13,9,13,6,27
LGAV,2024-04-27,ARR,361,3,0,0,0,0,1,0,1,6,13,25,38,51,54,37,35,28,20,13,10,6,6,5,0,2,7
LGAV,2024-04-27,DEP,353,0,0,0,0,0,0,0,2,0,1,1,9,33,64,68,57,39,23,25,10,7,2,6,1,1,4
LGAV,2024-04-28,ARR,377,1,0,0,1,0,1,1,0,3,14,22,33,43,51,23,53,29,18,25,14,8,8,4,4,4,17
LGAV,2024-04-28,DEP,382,0,0,0,0,0,0,0,0,0,1,4,11,33,65,57,56,43,29,19,18,10,6,6,4,6,14
LGAV,2024-04-29,ARR,385,2,0,0,0,1,1,1,3,3,7,24,31,42,54,32,38,36,30,17,14,14,6,5,6,3,15
LGAV,2024-04-29,DEP,379,1,0,0,0,0,0,0,0,0,4,4,10,41,56,52,46,45,28,22,15,13,8,11,6,3,14
LGAV,2024-04-30,ARR,372,0,0,0,0,0,1,0,4,4,5,21,35,42,48,43,40,41,23,14,17,5,13,3,0,2,11
LGAV,2024-04-30,DEP,376,1,0,0,0,0,1,0,0,2,1,4,12,38,56,50,58,52,28,26,15,3,11,6,1,1,10
LGAV,2024-05-01,ARR,375,1,0,0,0,1,0,0,0,1,5,16,23,34,36,25,36,28,30,33,19,23,5,13,7,6,33
LGAV,2024-05-01,DEP,375,0,0,0,0,0,0,0,0,0,0,1,8,23,38,48,50,35,32,35,25,16,11,12,8,4,29
LGAV,2024-05-02,ARR,400,0,0,0,0,0,1,2,1,1,12,13,27,35,36,27,40,37,40,25,27,12,19,11,3,4,27
LGAV,2024-05-02,DEP,403,1,0,0,0,0,0,0,0,1,1,3,7,25,43,54,48,54,40,20,24,16,13,10,6,8,29
LGAV,2024-05-03,ARR,379,1,0,0,0,0,1,0,0,0,6,18,31,25,37,23,40,25,27,24,22,14,17,10,10,8,40
LGAV,2024-05-03,DEP,384,1,0,0,0,0,0,0,0,1,1,0,9,23,42,49,48,35,27,28,22,16,10,11,7,11,43
LGAV,2024-05-04,ARR,352,0,1,0,0,0,1,1,3,3,11,23,38,43,50,30,36,28,16,16,10,6,4,5,4,4,19
LGAV,2024-05-04,DEP,351,0,0,0,0,0,0,0,0,0,1,10,11,30,46,51,50,55,27,14,7,10,4,6,8,4,17
LGAV,2024-05-05,ARR,337,2,0,0,0,0,1,2,3,11,22,38,42,58,49,27,19,19,18,7,3,4,2,2,2,2,4
LGAV,2024-05-05,DEP,335,0,0,0,0,0,0,0,1,1,1,6,26,49,58,52,32,37,24,19,7,6,4,2,2,1,7
LGAV,2024-05-06,ARR,374,1,0,0,1,0,0,0,0,10,13,22,30,45,59,35,45,18,26,18,19,9,8,3,5,3,4
LGAV,2024-05-06,DEP,379,0,0,0,0,0,0,0,0,0,2,4,12,34,63,50,52,50,27,19,12,12,12,9,5,4,12
LGAV,2024-05-07,ARR,410,1,0,0,1,0,1,3,2,2,7,27,32,40,37,31,33,33,29,27,23,28,21,10,5,6,11
LGAV,2024-05-07,DEP,404,0,0,0,0,0,0,0,1,0,4,2,14,43,57,43,51,41,37,18,20,22,11,18,7,2,13
LGAV,2024-05-08,ARR,394,3,1,0,0,0,1,1,1,0,8,10,21,38,43,24,25,23,36,25,30,23,11,17,11,8,34
LGAV,2024-05-08,DEP,392,0,0,0,1,0,0,0,0,0,1,4,15,26,60,46,41,31,32,21,21,15,17,8,8,7,38
LGAV,2024-05-09,ARR,399,0,0,0,0,1,0,0,1,6,11,19,36,30,40,32,36,29,26,34,28,15,12,12,6,5,20
LGAV,2024-05-09,DEP,402,1,0,0,0,0,0,0,1,0,1,2,9,37,55,51,56,44,30,22,10,14,19,6,14,1,29
LGAV,2024-05-10,ARR,394,0,0,0,0,0,0,1,0,1,5,21,22,25,39,28,29,45,32,29,19,20,15,6,11,8,38
LGAV,2024-05-10,DEP,404,0,0,0,0,0,0,0,0,0,3,0,3,19,45,41,49,30,46,29,37,15,16,12,16,7,36
LGAV,2024-05-11,ARR,376,0,0,0,0,1,1,4,2,8,11,19,37,48,46,40,44,26,24,22,14,8,4,5,2,0,10
LGAV,2024-05-11,DEP,373,0,0,0,0,1,0,0,0,0,3,2,11,44,57,45,60,37,28,22,17,14,4,6,8,4,10
LGAV,2024-05-12,ARR,400,1,0,1,0,0,3,1,0,5,4,17,28,48,35,42,47,38,41,19,19,19,6,6,5,1,14
LGAV,2024-05-12,DEP,398,1,0,0,0,0,0,0,0,0,0,4,12,33,61,48,56,37,28,27,27,17,15,9,10,1,12
LGAV,2024-05-13,ARR,398,0,0,0,0,0,2,1,3,5,15,17,31,36,37,33,57,33,29,23,22,11,12,7,6,7,11
LGAV,2024-05-13,DEP,390,0,0,0,0,0,0,0,0,0,0,8,17,29,53,50,52,42,34,27,22,15,11,8,3,7,12
LGAV,2024-05-14,ARR,384,0,0,0,1,0,1,2,3,3,12,22,38,43,52,42,40,35,25,19,9,7,3,7,2,5,13
LGAV,2024-05-14,DEP,389,0,0,0,0,0,0,0,1,1,0,4,12,28,62,46,65,45,21,27,20,20,5,7,5,4,16
LGAV,2024-05-15,ARR,384,1,0,0,1,2,2,2,2,3,14,27,32,49,48,32,40,37,22,19,11,6,12,6,0,3,13
LGAV,2024-05-15,DEP,388,2,0,0,0,0,0,0,0,0,0,1,13,57,76,46,60,39,29,16,8,12,6,6,4,1,12
LGAV,2024-05-16,ARR,410,0,0,0,0,1,1,0,5,5,6,13,26,25,22,22,21,24,29,21,27,34,16,28,14,9,61
LGAV,2024-05-16,DEP,405,0,0,0,0,0,0,0,0,0,2,4,10,26,40,32,35,26,31,23,23,20,17,16,14,23,63
LGAV,2024-05-17,ARR,407,0,0,0,0,0,1,0,0,4,11,22,20,23,36,32,41,35,31,26,24,27,15,13,7,9,30
LGAV,2024-05-17,DEP,405,0,0,0,0,0,0,0,0,0,0,3,7,22,52,48,52,54,30,27,23,13,14,14,13,4,29
LGAV,2024-05-18,ARR,367,1,0,0,1,0,0,1,1,3,18,24,51,57,54,34,26,28,15,15,7,6,5,3,2,1,14
LGAV,2024-05-18,DEP,372,0,0,0,0,0,0,0,0,0,2,4,14,42,68,52,63,40,19,15,14,5,9,7,3,3,12
LGAV,2024-05-19,ARR,399,0,0,0,0,1,0,0,4,5,11,23,27,39,47,34,48,34,23,29,18,13,9,14,5,3,12
LGAV,2024-05-19,DEP,400,0,0,0,0,0,1,1,0,0,1,2,20,44,56,50,39,33,45,27,18,21,9,6,4,1,22
LGAV,2024-05-20,ARR,408,1,0,0,0,1,1,1,4,8,10,33,30,40,44,30,25,36,37,18,25,11,10,8,7,9,19
LGAV,2024-05-20,DEP,408,0,0,0,0,0,0,0,0,1,1,2,12,39,47,42,62,40,30,33,24,17,8,14,6,9,21
LGAV,2024-05-21,ARR,392,0,0,1,0,0,1,0,4,1,10,17,34,38,50,27,45,42,41,16,15,12,6,10,6,2,14
LGAV,2024-05-21,DEP,388,1,0,0,0,0,0,0,0,1,0,4,13,48,70,50,39,36,25,18,19,13,12,6,6,8,19
LGAV,2024-05-22,ARR,399,0,2,1,0,0,0,2,2,2,5,20,37,25,28,35,41,34,33,27,32,18,7,10,6,11,21
LGAV,2024-05-22,DEP,401,1,0,0,0,0,0,0,0,1,1,5,8,30,58,42,47,52,34,28,19,14,15,6,10,4,26
LGAV,2024-05-23,ARR,409,1,0,0,0,0,0,0,1,5,10,15,27,31,32,34,33,35,45,23,32,20,8,11,8,7,31
LGAV,2024-05-23,DEP,409,1,0,0,0,0,1,0,0,0,0,0,11,25,45,23,54,46,42,31,19,30,20,9,8,7,37
LGAV,2024-05-24,ARR,398,1,0,0,0,0,0,2,2,4,13,20,31,42,42,26,40,27,27,24,21,21,9,8,10,3,25
LGAV,2024-05-24,DEP,409,3,0,0,0,0,0,0,0,0,1,1,5,33,48,32,58,28,39,25,25,25,18,11,9,6,42
LGAV,2024-05-25,ARR,378,6,0,0,0,1,1,2,3,7,8,18,36,35,37,31,37,31,16,28,14,16,16,9,4,7,15
LGAV,2024-05-25,DEP,369,2,0,0,0,0,0,0,0,0,1,1,11,29,45,44,44,39,30,26,21,16,20,10,10,3,17
LGAV,2024-05-26,ARR,406,0,0,0,1,0,1,2,2,4,6,22,26,33,36,25,36,34,30,27,20,26,17,11,12,8,27
LGAV,2024-05-26,DEP,407,0,0,0,0,0,0,0,0,0,2,3,8,32,65,26,48,46,32,20,30,19,13,10,9,8,36
LGAV,2024-05-27,ARR,427,0,0,0,1,0,2,1,0,2,9,15,30,33,31,28,31,42,26,19,33,30,17,8,22,10,37
LGAV,2024-05-27,DEP,421,0,0,0,0,0,0,0,0,0,2,2,8,25,43,38,48,38,48,32,24,23,18,13,10,8,41
LGAV,2024-05-28,ARR,403,2,0,0,0,1,0,3,3,4,9,15,32,28,39,19,36,32,33,33,18,18,25,17,13,5,18
LGAV,2024-05-28,DEP,401,0,0,0,0,0,0,0,0,1,1,1,4,29,50,30,42,46,38,34,28,15,22,12,7,14,27
LGAV,2024-05-29,ARR,422,1,0,1,0,0,0,3,4,4,16,35,49,63,57,31,39,29,27,19,12,9,4,1,4,1,13
LGAV,2024-05-29,DEP,408,2,0,0,0,1,0,1,0,0,2,1,13,37,65,62,44,39,27,36,27,20,6,3,5,0,17
LGAV,2024-05-30,ARR,421,0,0,0,0,1,0,4,3,8,9,24,30,26,40,29,33,35,21,24,29,17,15,15,10,7,41
LGAV,2024-05-30,DEP,437,0,0,1,0,0,0,0,0,0,3,2,9,14,33,32,42,44,38,34,31,30,22,19,16,9,58
LGAV,2024-05-31,ARR,432,0,0,0,0,0,0,2,6,8,14,27,28,21,37,29,33,33,33,24,29,10,16,19,8,8,47
LGAV,2024-05-31,DEP,435,0,0,0,0,0,0,0,0,0,0,1,5,21,35,20,53,50,43,38,42,22,19,13,14,11,48
LGAV,2024-06-01,ARR,417,1,0,0,0,0,0,1,2,7,21,31,29,49,35,36,41,25,24,31,14,8,14,6,12,7,23
LGAV,2024-06-01,DEP,414,0,0,0,0,0,0,0,0,1,0,3,12,42,54,44,40,35,40,39,17,17,10,14,12,6,28
LGAV,2024-06-02,ARR,444,0,0,0,0,0,0,1,3,5,16,19,44,40,41,37,33,32,33,24,22,18,16,9,14,9,28
LGAV,2024-06-02,DEP,439,0,0,0,0,0,0,0,0,0,1,4,16,31,51,44,44,38,37,35,20,21,16,15,13,9,44
LGAV,2024-06-03,ARR,434,1,0,0,0,0,0,1,2,12,28,31,48,49,50,39,28,28,26,12,20,11,9,8,6,3,22
LGAV,2024-06-03,DEP,430,0,0,0,0,0,0,0,0,0,3,6,23,53,56,55,50,42,37,21,27,9,6,5,6,6,25
LGAV,2024-06-04,ARR,426,0,0,0,0,0,1,2,2,6,28,34,47,49,39,38,39,31,27,24,16,8,6,3,6,8,12
LGAV,2024-06-04,DEP,427,0,0,0,0,0,0,0,0,1,0,6,22,42,66,50,47,47,40,30,18,14,7,7,5,4,21
LGAV,2024-06-05,ARR,431,1,1,0,0,1,0,4,7,5,23,40,55,50,53,43,28,25,27,7,8,10,6,9,4,6,18
LGAV,2024-06-05,DEP,434,0,0,0,1,0,0,0,0,0,0,1,22,40,79,51,51,47,43,25,18,10,5,9,9,2,21
LGAV,2024-06-06,ARR,449,0,0,0,0,1,0,1,4,6,19,29,53,53,54,38,41,34,25,21,15,13,11,5,5,6,15
LGAV,2024-06-06,DEP,458,0,0,0,0,0,0,0,0,1,4,4,14,39,72,46,69,48,38,30,17,13,11,12,6,8,26
LGAV,2024-06-07,ARR,467,1,0,1,1,0,3,3,3,6,14,33,37,47,62,36,52,33,31,27,17,14,11,3,9,4,19
LGAV,2024-06-07,DEP,459,0,0,0,0,0,0,0,0,0,3,1,15,33,75,54,68,43,37,30,25,17,14,10,4,5,25
LGAV,2024-06-08,ARR,434,2,0,0,0,0,0,1,3,13,24,41,44,59,59,29,37,29,20,21,11,10,3,5,3,3,17
LGAV,2024-06-08,DEP,432,0,0,0,0,0,0,0,0,1,2,7,13,57,70,52,55,48,33,18,14,17,7,8,5,4,21
LGAV,2024-06-09,ARR,456,0,0,0,0,0,0,4,6,7,19,33,44,57,49,36,41,20,26,22,19,16,9,6,9,6,27
LGAV,2024-06-09,DEP,458,0,0,0,0,1,0,0,0,1,0,4,13,39,51,39,52,55,48,33,17,29,14,16,10,2,34
LGAV,2024-06-10,ARR,471,2,0,0,0,2,0,0,1,6,16,17,30,50,43,32,38,27,27,28,24,24,15,11,11,8,59
LGAV,2024-06-10,DEP,465,0,0,1,0,0,1,0,0,0,0,4,8,24,43,30,55,41,44,36,27,23,26,26,16,9,51
LGAV,2024-06-11,ARR,434,2,0,0,1,0,0,1,3,6,6,20,35,33,45,26,29,33,34,22,18,19,10,15,9,10,57
LGAV,2024-06-11,DEP,443,0,0,0,0,0,0,0,0,0,0,3,11,25,34,25,45,56,40,36,26,19,13,18,8,13,71
LGAV,2024-06-12,ARR,438,0,0,2,2,0,0,1,4,3,14,20,30,39,47,29,32,42,33,25,18,20,9,11,12,7,38
LGAV,2024-06-12,DEP,442,2,0,0,0,0,0,0,0,1,1,6,6,31,37,31,66,45,42,34,29,19,17,11,13,7,44
LGAV,2024-06-13,ARR,453,0,1,0,0,1,0,3,3,4,13,19,32,36,35,34,36,40,29,24,21,27,11,10,16,7,51
LGAV,2024-06-13,DEP,453,0,0,0,0,0,0,0,0,0,1,1,14,28,40,38,38,44,45,40,29,23,15,14,11,9,63
LGAV,2024-06-14,ARR,463,0,0,2,1,1,0,2,2,4,6,13,29,35,34,30,37,48,37,30,26,12,23,18,16,9,48
LGAV,2024-06-14,DEP,465,1,0,0,0,1,0,0,0,0,2,4,14,25,35,23,45,46,36,33,30,27,22,25,19,16,61
LGAV,2024-06-15,ARR,444,1,0,0,0,3,1,3,2,8,12,25,35,46,39,31,39,35,33,27,17,20,9,13,11,6,28
LGAV,2024-06-15,DEP,445,0,0,0,0,0,0,0,0,0,1,5,4,31,51,43,49,46,41,34,36,19,18,10,12,5,40
LGAV,2024-06-16,ARR,458,3,0,0,1,3,1,2,4,5,18,26,38,47,54,32,50,33,39,19,16,16,15,11,4,4,17
LGAV,2024-06-16,DEP,462,0,0,1,0,0,0,0,0,3,2,3,9,44,58,55,57,45,50,28,30,16,13,9,13,7,19
LGAV,2024-06-17,ARR,464,2,0,0,0,1,0,4,0,7,17,26,40,54,54,35,37,27,30,25,24,18,13,12,7,10,21
LGAV,2024-06-17,DEP,455,0,1,0,0,0,0,0,0,0,0,5,12,37,53,48,36,62,41,30,29,24,14,13,10,8,32
LGAV,2024-06-18,ARR,448,1,0,0,0,0,1,1,3,7,14,26,32,41,42,33,37,30,30,20,21,17,15,15,15,5,42
LGAV,2024-06-18,DEP,449,0,0,0,0,0,0,0,0,1,1,4,7,32,56,27,38,52,54,28,28,26,15,10,15,12,43
LGAV,2024-06-19,ARR,459,3,1,0,0,0,0,2,1,9,11,16,22,40,42,24,31,38,39,23,26,18,16,18,11,20,48
LGAV,2024-06-19,DEP,462,0,0,0,1,0,0,1,1,1,0,0,6,21,43,34,43,39,37,32,40,13,31,20,22,10,67
LGAV,2024-06-20,ARR,475,1,0,0,1,0,1,2,3,7,8,15,34,40,46,40,30,44,31,27,33,16,22,23,14,9,28
LGAV,2024-06-20,DEP,476,0,1,0,0,0,1,0,0,1,1,3,6,27,54,33,44,48,54,37,39,25,20,11,11,12,48
LGAV,2024-06-21,ARR,469,2,0,0,0,0,1,1,3,6,10,16,23,30,37,22,27,37,32,25,26,28,21,24,16,8,74
LGAV,2024-06-21,DEP,470,0,0,0,0,0,0,0,0,0,0,2,6,18,32,35,55,31,39,35,16,32,27,26,17,10,89
LGAV,2024-06-22,ARR,452,2,1,0,1,1,2,2,4,6,13,19,26,33,33,30,41,42,29,31,20,17,13,14,13,12,47
LGAV,2024-06-22,DEP,454,2,0,0,0,0,0,0,0,0,0,1,4,20,38,52,49,48,34,34,29,15,18,14,15,10,71
LGAV,2024-06-23,ARR,455,0,0,0,0,0,1,4,0,2,12,24,28,33,51,40,43,26,33,23,22,26,18,9,10,15,35
LGAV,2024-06-23,DEP,457,1,0,0,0,0,0,0,1,0,1,3,15,22,42,38,67,44,38,30,31,24,13,19,19,5,44
LGAV,2024-06-24,ARR,465,0,0,1,0,0,1,2,2,12,13,26,39,46,53,36,47,32,32,20,22,17,14,7,8,7,28
LGAV,2024-06-24,DEP,450,0,0,0,0,0,0,0,0,0,1,7,13,35,66,43,46,56,51,27,15,12,12,13,10,9,34
LGAV,2024-06-25,ARR,462,1,0,0,1,0,0,0,4,8,4,22,24,44,40,33,43,34,30,35,33,18,17,6,11,10,44
LGAV,2024-06-25,DEP,467,1,0,0,1,0,0,0,0,0,1,4,7,31,48,28,47,60,44,32,23,28,25,13,18,7,49
LGAV,2024-06-26,ARR,437,0,0,1,0,0,0,0,2,3,17,22,31,42,45,32,34,33,31,15,19,16,15,6,10,14,49
LGAV,2024-06-26,DEP,443,0,0,0,0,0,0,0,0,0,0,2,13,28,50,33,53,47,39,27,24,22,21,6,11,5,62
LGAV,2024-06-27,ARR,466,1,0,0,0,1,1,2,3,6,12,22,24,41,50,31,38,32,23,29,22,19,14,8,7,3,77
LGAV,2024-06-27,DEP,461,0,0,0,0,0,0,0,0,0,0,1,4,14,34,41,56,51,48,41,27,23,20,11,15,4,71
LGAV,2024-06-28,ARR,460,2,0,2,1,0,2,2,2,3,9,17,27,31,27,29,32,30,35,17,26,18,17,18,17,16,80
LGAV,2024-06-28,DEP,468,0,0,1,0,0,0,0,0,0,0,2,7,17,27,38,40,43,36,22,23,24,25,15,17,24,107
LGAV,2024-06-29,ARR,445,1,0,0,0,0,2,0,0,3,4,12,20,33,31,26,34,30,34,28,16,21,26,16,18,13,77
LGAV,2024-06-29,DEP,451,1,0,0,0,0,0,1,0,1,0,3,4,10,28,14,42,43,37,40,29,27,22,27,18,20,84
LGAV,2024-06-30,ARR,461,0,0,0,0,0,2,2,3,5,10,12,22,28,38,28,25,26,32,29,24,25,27,16,15,16,76
LGAV,2024-06-30,DEP,459,0,0,0,0,0,0,0,0,0,1,1,11,13,32,24,40,52,31,35,32,30,21,17,18,14,87
LGAV,2024-07-01,ARR,479,0,0,3,0,1,2,1,4,8,3,21,31,33,40,33,39,37,22,32,25,25,19,14,11,10,65
LGAV,2024-07-01,DEP,465,0,0,0,0,0,0,0,1,0,0,2,8,16,36,39,54,39,52,30,24,21,19,14,12,11,87
LGAV,2024-07-02,ARR,461,0,0,0,1,1,3,2,3,8,6,18,31,34,34,29,24,30,37,22,34,15,19,14,10,12,74
LGAV,2024-07-02,DEP,469,0,0,0,0,0,0,0,0,0,1,1,4,31,39,29,38,41,35,35,33,23,27,19,12,17,84
LGAV,2024-07-03,ARR,466,1,1,0,1,1,2,1,2,4,17,26,29,33,51,37,43,33,43,25,17,7,14,14,11,9,44
LGAV,2024-07-03,DEP,470,0,0,1,0,0,0,0,1,0,0,4,11,35,49,32,64,43,36,41,22,24,19,10,15,13,50
LGAV,2024-07-04,ARR,471,1,0,1,1,2,1,4,5,10,13,17,23,25,31,30,20,27,25,27,23,22,21,15,12,17,98
LGAV,2024-07-04,DEP,469,2,0,0,1,0,0,1,1,1,0,1,8,28,32,29,39,39,36,24,17,18,19,15,12,13,133
LGAV,2024-07-05,ARR,481,1,0,1,3,4,1,3,5,8,14,11,27,41,43,32,46,44,28,25,31,14,13,17,8,10,51
LGAV,2024-07-05,DEP,476,1,0,0,0,0,0,0,0,0,2,1,8,25,42,33,47,55,40,39,36,30,21,20,9,9,58
LGAV,2024-07-06,ARR,459,2,0,0,1,2,6,2,4,6,15,32,25,43,45,28,39,38,29,26,17,20,20,10,7,10,32
LGAV,2024-07-06,DEP,467,0,0,0,0,0,0,0,0,0,0,2,5,32,53,52,57,52,42,36,23,20,17,14,12,9,41
LGAV,2024-07-07,ARR,499,2,0,0,0,1,1,7,6,9,14,16,36,43,54,22,42,36,28,33,29,21,14,16,16,7,46
LGAV,2024-07-07,DEP,489,0,0,1,0,0,0,0,0,0,0,2,9,26,45,47,55,49,50,39,31,29,22,20,6,9,49
LGAV,2024-07-08,ARR,467,2,0,1,0,1,1,4,5,11,11,24,29,43,50,35,44,32,32,24,25,21,13,15,4,6,34
LGAV,2024-07-08,DEP,472,0,0,0,0,0,0,1,0,1,1,1,14,29,39,42,47,70,47,45,28,23,13,14,11,5,41
LGAV,2024-07-09,ARR,466,2,0,0,0,2,2,3,1,9,20,18,38,57,44,34,40,42,21,24,22,19,15,6,13,4,30
LGAV,2024-07-09,DEP,471,0,0,0,0,0,0,0,1,1,0,2,10,38,54,44,55,57,43,39,27,21,11,11,10,6,41
LGAV,2024-07-10,ARR,466,1,0,0,0,1,2,1,2,9,11,21,23,45,48,33,47,31,30,24,22,17,18,14,9,5,52
LGAV,2024-07-10,DEP,468,0,1,0,0,0,0,0,1,0,1,2,7,14,42,28,57,50,48,34,36,33,15,19,15,12,53
LGAV,2024-07-11,ARR,490,1,0,0,1,0,3,2,3,3,6,20,30,46,42,31,42,28,46,33,25,24,15,14,10,9,56
LGAV,2024-07-11,DEP,481,0,0,0,0,0,0,0,0,0,0,2,6,23,43,30,58,43,62,38,32,16,20,23,16,11,58
LGAV,2024-07-12,ARR,492,2,1,0,0,1,2,2,7,8,14,17,26,39,30,28,27,37,38,39,19,26,19,16,17,9,68
LGAV,2024-07-12,DEP,485,1,0,0,0,0,0,0,0,2,1,0,6,13,43,34,45,50,40,42,30,23,24,14,16,10,91
LGAV,2024-07-13,ARR,473,3,0,0,1,0,1,1,2,6,11,27,30,32,46,29,35,40,53,20,24,24,14,11,11,7,45
LGAV,2024-07-13,DEP,477,1,0,0,0,0,0,0,1,0,0,2,6,29,57,45,53,50,37,31,38,25,19,15,9,11,48
LGAV,2024-07-14,ARR,493,1,0,0,0,1,2,1,7,10,11,15,25,39,44,38,44,45,31,26,38,19,14,14,12,12,44
LGAV,2024-07-14,DEP,492,0,0,0,0,0,0,0,0,0,2,5,11,21,52,37,49,50,51,34,19,27,19,21,19,9,66
LGAV,2024-07-15,ARR,492,1,0,1,1,1,0,4,5,7,13,16,31,22,39,36,39,39,38,34,31,16,21,20,10,10,57
LGAV,2024-07-15,DEP,495,0,0,0,1,0,0,0,0,0,2,2,7,32,51,37,52,49,48,35,23,29,20,23,7,10,67
LGAV,2024-07-16,ARR,489,3,1,0,1,0,0,1,2,6,11,15,25,33,37,36,37,51,40,34,30,23,20,15,11,12,45
LGAV,2024-07-16,DEP,492,1,0,0,0,0,0,0,0,0,0,2,2,18,38,34,59,64,50,40,33,31,20,19,20,8,53
LGAV,2024-07-17,ARR,473,2,0,0,1,1,6,1,2,10,9,17,30,35,50,42,43,38,35,33,31,21,21,8,4,4,29
LGAV,2024-07-17,DEP,474,0,0,0,0,0,0,0,0,0,0,5,11,26,53,42,61,48,58,30,25,26,20,13,11,6,39
LGAV,2024-07-18,ARR,477,2,0,0,1,1,1,7,1,7,10,19,29,37,51,25,41,37,33,28,20,23,11,15,13,6,59
LGAV,2024-07-18,DEP,471,0,0,0,1,0,1,0,0,1,1,2,11,26,45,34,49,65,36,37,26,25,15,13,21,10,52
LGAV,2024-07-19,ARR,485,3,0,0,0,3,3,1,1,5,9,10,22,23,34,21,40,26,29,23,23,23,15,14,15,21,121
LGAV,2024-07-19,DEP,472,0,0,0,0,0,0,1,0,0,1,1,5,15,29,27,38,42,27,26,27,24,23,20,7,16,143
LGAV,2024-07-20,ARR,474,0,0,1,0,0,0,2,1,4,8,18,20,41,29,38,42,28,29,34,19,16,23,13,13,15,80
LGAV,2024-07-20,DEP,477,1,0,0,0,0,0,0,0,0,0,0,4,15,32,30,51,59,44,29,25,32,16,22,9,13,95
LGAV,2024-07-21,ARR,494,0,1,0,0,1,2,2,2,6,11,18,27,36,39,36,39,32,24,20,25,19,17,19,18,8,92
LGAV,2024-07-21,DEP,501,1,0,0,0,0,0,0,0,0,1,2,3,24,32,27,48,57,42,39,24,24,16,15,12,16,118
LGAV,2024-07-22,ARR,489,1,0,1,3,1,1,3,6,8,8,11,30,36,29,23,25,31,31,24,25,17,16,24,16,11,108
LGAV,2024-07-22,DEP,484,0,0,0,0,0,1,0,0,2,0,0,9,13,29,29,38,43,50,26,33,26,19,19,17,13,117
LGAV,2024-07-23,ARR,483,0,2,1,1,2,3,2,0,6,5,11,17,28,42,33,33,30,23,19,28,16,19,18,17,15,112
LGAV,2024-07-23,DEP,490,2,0,1,0,0,0,0,0,0,1,3,4,11,31,21,36,42,43,38,36,38,22,18,17,10,116
LGAV,2024-07-24,ARR,490,1,2,1,2,1,1,1,3,2,10,13,22,34,36,34,35,31,20,34,25,21,14,27,18,14,88
LGAV,2024-07-24,DEP,492,1,0,0,0,0,0,0,0,0,2,4,2,17,35,32,49,36,55,45,22,31,29,20,21,11,80
LGAV,2024-07-25,ARR,497,1,1,0,1,1,2,4,5,7,15,19,34,30,39,35,29,43,40,24,29,16,23,9,10,6,74
LGAV,2024-07-25,DEP,493,1,1,0,0,0,0,0,1,1,1,8,4,22,40,45,61,61,39,28,25,27,15,15,14,19,65
LGAV,2024-07-26,ARR,486,0,0,2,1,2,2,1,2,8,16,15,32,49,40,33,40,37,32,34,21,14,23,15,13,12,42
LGAV,2024-07-26,DEP,481,1,0,0,0,0,0,0,0,1,0,4,8,22,41,36,49,42,53,28,40,25,31,21,16,14,49
LGAV,2024-07-27,ARR,474,1,1,1,0,0,2,1,3,7,11,19,29,44,42,38,42,46,34,30,24,22,16,10,5,8,38
LGAV,2024-07-27,DEP,486,0,0,0,0,0,1,0,0,0,0,0,5,24,51,46,58,44,51,40,44,30,6,11,17,9,49
LGAV,2024-07-28,ARR,489,0,0,0,2,0,0,3,3,4,12,19,36,26,51,33,59,38,38,42,20,14,20,13,15,5,36
LGAV,2024-07-28,DEP,481,2,0,0,0,0,0,0,0,0,2,4,8,24,38,35,56,57,45,42,40,22,20,21,10,11,44
LGAV,2024-07-29,ARR,475,1,0,0,0,1,1,4,5,9,11,24,36,54,45,44,43,40,34,26,25,15,10,8,8,5,26
LGAV,2024-07-29,DEP,470,0,0,0,0,0,0,0,0,0,2,4,13,36,74,43,59,68,50,34,20,11,14,6,10,4,22
LGAV,2024-07-30,ARR,482,0,0,0,0,1,1,1,1,3,22,14,37,56,48,40,49,37,45,31,23,14,12,9,5,6,27
LGAV,2024-07-30,DEP,494,0,0,0,1,0,1,0,0,0,1,2,11,35,51,44,58,49,46,49,32,26,14,21,11,8,34
LGAV,2024-07-31,ARR,466,1,2,0,0,3,0,1,3,7,7,15,33,39,53,32,45,36,33,36,31,15,18,18,6,5,27
LGAV,2024-07-31,DEP,467,0,0,0,0,0,0,0,1,0,0,3,10,22,54,48,65,54,41,31,26,23,11,13,17,10,38
LGAV,2024-08-01,ARR,495,0,0,0,0,1,2,2,5,6,7,10,26,30,38,30,41,34,39,40,33,22,24,13,17,9,66
LGAV,2024-08-01,DEP,487,0,0,1,0,0,0,0,0,0,0,4,5,20,40,40,45,42,40,30,38,32,15,20,16,16,83
LGAV,2024-08-02,ARR,490,1,0,0,0,0,1,1,3,4,10,21,33,34,33,38,45,36,33,37,27,12,15,11,9,12,74
LGAV,2024-08-02,DEP,489,0,0,0,0,0,0,1,0,1,1,2,5,23,42,40,53,56,41,26,25,24,29,7,14,14,85
LGAV,2024-08-03,ARR,482,0,0,0,1,1,1,1,1,5,11,30,39,39,44,33,42,25,31,27,18,28,17,19,9,8,52
LGAV,2024-08-03,DEP,477,0,0,0,0,0,0,0,1,0,1,3,7,32,38,48,64,54,40,32,33,17,24,14,11,10,48
LGAV,2024-08-04,ARR,488,2,1,0,0,2,0,2,4,8,15,28,31,41,49,40,45,35,40,27,28,25,12,13,11,4,25
LGAV,2024-08-04,DEP,489,0,0,0,0,1,0,0,1,0,1,3,5,24,49,38,60,52,45,51,41,27,18,19,12,8,34
LGAV,2024-08-05,ARR,471,1,0,0,0,1,3,2,9,5,13,28,33,54,49,40,50,43,28,17,22,12,12,13,9,5,22
LGAV,2024-08-05,DEP,480,2,0,0,0,0,0,0,0,1,0,3,10,34,58,54,75,66,40,35,27,14,14,8,5,5,29
LGAV,2024-08-06,ARR,485,2,1,1,1,2,3,2,3,9,10,26,34,51,60,43,43,33,28,23,33,19,9,10,9,7,23
LGAV,2024-08-06,DEP,482,1,0,0,0,0,0,0,0,0,0,0,9,26,52,62,74,53,39,24,37,22,15,19,9,2,38
LGAV,2024-08-07,ARR,478,0,0,0,1,0,2,3,6,9,13,17,31,50,46,41,47,41,33,27,25,19,14,9,14,4,26
LGAV,2024-08-07,DEP,473,0,0,0,0,0,0,0,0,0,1,0,14,39,52,55,64,56,39,32,29,20,20,7,10,2,33
LGAV,2024-08-08,ARR,470,1,0,0,1,1,1,5,2,9,9,23,43,28,46,39,50,32,29,32,26,13,17,12,9,6,36
LGAV,2024-08-08,DEP,479,1,0,0,0,0,0,2,0,0,2,4,7,28,43,40,60,57,59,30,25,24,27,16,8,5,41
LGAV,2024-08-09,ARR,486,0,1,2,1,1,4,1,6,9,18,21,27,47,53,32,43,40,36,27,20,20,15,7,10,5,40
LGAV,2024-08-09,DEP,475,0,0,0,0,0,0,0,0,0,0,1,9,26,36,39,61,63,51,38,33,17,20,12,13,11,45
LGAV,2024-08-10,ARR,471,0,0,0,0,3,1,3,4,6,12,19,29,56,47,29,35,47,29,28,19,27,16,14,7,9,31
LGAV,2024-08-10,DEP,483,0,0,0,0,0,0,0,0,2,1,1,5,16,53,39,53,73,51,35,37,23,19,15,10,14,36
LGAV,2024-08-11,ARR,470,0,0,0,0,0,4,2,4,4,12,17,34,46,45,38,51,31,35,30,22,24,21,7,10,7,26
LGAV,2024-08-11,DEP,464,0,0,0,0,0,0,0,1,1,0,1,13,31,47,38,67,50,35,48,31,21,18,12,6,9,35
LGAV,2024-08-12,ARR,464,2,0,0,0,0,2,4,3,10,10,20,25,39,38,31,47,40,28,35,19,23,17,8,16,8,39
LGAV,2024-08-12,DEP,464,0,1,0,0,0,0,0,0,0,0,5,10,30,45,57,80,39,40,32,24,17,12,15,11,6,40
LGAV,2024-08-13,ARR,467,2,0,0,0,0,2,5,1,5,8,28,33,47,66,41,54,34,29,20,13,15,10,9,14,6,25
LGAV,2024-08-13,DEP,470,0,0,0,1,0,0,0,0,1,0,1,7,26,41,62,63,49,46,45,32,23,10,9,7,8,39
LGAV,2024-08-14,ARR,464,1,0,0,2,0,3,1,5,9,14,24,31,51,47,36,38,25,42,18,27,16,11,12,8,6,37
LGAV,2024-08-14,DEP,468,0,0,0,0,0,0,0,0,0,1,4,9,28,55,49,57,48,33,26,27,21,16,16,13,8,57
LGAV,2024-08-15,ARR,478,1,0,0,2,0,2,5,0,5,12,22,32,43,61,40,43,48,35,24,24,14,10,6,5,3,41
LGAV,2024-08-15,DEP,469,0,0,0,0,0,0,0,0,0,1,3,12,37,52,57,57,44,50,31,19,14,15,14,11,9,43
LGAV,2024-08-16,ARR,482,3,0,0,0,1,1,3,1,3,6,21,24,49,42,35,44,36,29,35,36,22,16,11,7,5,52
LGAV,2024-08-16,DEP,479,0,0,0,0,0,0,0,1,1,0,1,12,33,35,46,60,43,48,41,28,30,16,12,8,13,51
LGAV,2024-08-17,ARR,469,1,0,0,0,0,1,2,3,3,11,16,28,31,35,43,41,39,33,21,21,25,26,12,14,10,53
LGAV,2024-08-17,DEP,479,1,0,0,0,1,0,0,0,0,1,4,12,23,42,38,60,55,40,29,29,21,24,14,21,12,52
LGAV,2024-08-18,ARR,487,0,1,1,1,0,2,2,2,8,14,13,39,43,35,36,48,33,26,38,16,20,25,12,11,11,50
LGAV,2024-08-18,DEP,480,1,0,0,0,0,0,0,1,0,2,6,14,25,48,53,50,57,39,34,26,10,15,10,12,13,64
LGAV,2024-08-19,ARR,472,0,0,0,0,0,1,1,4,6,16,12,33,31,43,23,36,27,36,24,26,28,20,18,9,10,68
LGAV,2024-08-19,DEP,476,0,0,0,0,1,0,0,1,1,1,1,9,26,48,36,49,56,39,35,25,37,14,9,11,7,70
LGAV,2024-08-20,ARR,476,1,0,0,1,1,0,3,2,6,7,12,21,29,36,25,46,36,35,28,30,27,25,15,10,11,69
LGAV,2024-08-20,DEP,479,2,0,0,0,0,0,0,0,0,1,3,7,17,46,37,46,53,32,39,36,16,29,22,11,13,69
LGAV,2024-08-21,ARR,468,2,1,1,1,2,1,3,2,4,8,17,42,36,47,33,38,39,40,25,32,21,17,7,11,7,31
LGAV,2024-08-21,DEP,469,0,0,0,0,0,0,0,1,1,0,2,10,14,52,44,68,46,42,41,27,20,20,18,11,8,44
LGAV,2024-08-22,ARR,469,0,0,0,1,1,2,3,2,4,12,26,55,43,53,34,52,34,31,26,20,14,10,7,6,6,27
LGAV,2024-08-22,DEP,465,1,0,0,0,0,0,2,0,0,1,0,7,52,61,55,58,51,38,32,23,17,14,5,8,6,34
LGAV,2024-08-23,ARR,475,0,1,0,1,4,1,2,3,4,8,10,37,41,51,44,48,46,39,22,23,19,12,11,10,6,32
LGAV,2024-08-23,DEP,469,0,0,0,0,1,0,1,0,0,2,2,13,27,40,43,49,53,52,48,26,23,21,11,16,7,34
LGAV,2024-08-24,ARR,469,3,0,0,0,0,0,1,3,5,7,21,35,30,48,37,46,33,41,30,27,13,18,11,5,18,37
LGAV,2024-08-24,DEP,474,1,0,0,0,1,1,0,0,0,2,3,13,41,48,35,63,48,34,28,29,22,19,13,14,10,49
LGAV,2024-08-25,ARR,488,1,0,0,1,1,1,4,1,6,8,12,28,45,55,34,46,32,29,37,28,22,17,16,14,6,44
LGAV,2024-08-25,DEP,482,1,0,0,0,0,0,0,0,1,2,2,16,25,50,43,62,60,37,35,26,23,18,19,9,6,47
LGAV,2024-08-26,ARR,486,0,0,0,0,1,3,0,5,6,9,16,33,57,49,38,42,33,34,33,20,18,22,10,9,10,38
LGAV,2024-08-26,DEP,490,0,0,0,1,0,0,0,0,1,1,5,8,27,58,38,62,54,58,38,14,23,15,20,8,19,40
LGAV,2024-08-27,ARR,471,0,0,0,0,0,1,1,3,2,11,15,28,41,48,44,50,34,39,28,21,13,15,13,16,6,42
LGAV,2024-08-27,DEP,475,0,0,0,0,0,0,0,0,0,0,2,6,30,38,40,62,59,43,40,22,20,18,19,10,10,56
LGAV,2024-08-28,ARR,467,1,0,0,0,1,0,0,3,8,10,24,42,55,58,30,35,44,42,25,24,15,11,3,7,4,25
LGAV,2024-08-28,DEP,470,0,0,0,0,0,0,0,0,1,0,5,12,42,53,52,49,53,52,35,26,29,11,7,4,5,34
LGAV,2024-08-29,ARR,480,0,0,0,0,2,1,2,7,7,18,31,41,45,52,39,42,30,29,20,24,15,13,11,10,10,31
LGAV,2024-08-29,DEP,477,0,0,0,0,0,0,0,0,0,3,2,13,34,65,44,56,70,35,33,13,26,21,14,6,9,33
LGAV,2024-08-30,ARR,480,1,0,0,0,0,0,1,5,8,13,14,27,28,31,19,32,23,28,21,28,27,25,22,22,15,90
LGAV,2024-08-30,DEP,478,0,0,0,0,0,0,0,2,1,1,1,7,28,40,34,38,36,31,29,24,15,25,17,17,23,109
LGAV,2024-08-31,ARR,464,0,0,0,0,0,1,0,4,2,13,17,31,51,48,24,48,25,33,27,24,15,17,18,11,13,42
LGAV,2024-08-31,DEP,475,0,0,0,0,0,0,2,0,2,0,1,10,33,50,43,59,49,42,43,25,21,12,15,10,9,49
LGAV,2024-09-01,ARR,473,0,0,0,1,0,0,2,5,8,12,20,34,59,52,29,31,35,32,22,22,19,19,10,14,3,44
LGAV,2024-09-01,DEP,471,0,0,0,0,0,0,0,0,0,2,2,12,38,51,43,55,46,42,30,28,18,20,11,14,5,54
LGAV,2024-09-02,ARR,457,1,0,0,0,0,1,2,5,7,22,25,36,59,43,32,54,34,27,23,17,12,11,7,5,4,30
LGAV,2024-09-02,DEP,456,0,0,0,1,0,0,0,0,1,1,3,18,35,59,41,70,58,37,34,23,11,11,15,4,5,29
LGAV,2024-09-03,ARR,458,0,0,0,0,0,1,2,5,7,11,23,31,35,41,31,49,33,25,22,23,17,14,20,13,10,45
LGAV,2024-09-03,DEP,457,1,0,0,0,0,0,0,0,0,1,6,11,20,46,42,60,34,35,30,31,26,21,14,16,9,54
LGAV,2024-09-04,ARR,431,1,0,1,0,0,0,0,1,12,15,30,33,41,51,34,27,32,37,17,28,16,8,14,9,6,18
LGAV,2024-09-04,DEP,437,0,0,0,0,0,0,0,1,0,0,2,12,32,54,45,61,49,48,35,21,21,4,4,9,7,32
LGAV,2024-09-05,ARR,466,0,0,0,0,0,0,0,2,5,17,29,38,48,39,33,27,36,29,20,20,20,15,14,13,10,51
LGAV,2024-09-05,DEP,460,0,0,1,0,0,0,0,0,1,2,3,10,33,51,32,60,65,27,27,28,19,13,7,6,13,62
LGAV,2024-09-06,ARR,469,0,1,0,1,0,0,0,1,6,15,17,37,33,68,39,51,36,32,26,23,21,14,8,5,8,27
LGAV,2024-09-06,DEP,459,0,0,0,0,0,0,0,0,0,1,3,13,33,64,37,58,52,36,43,21,25,16,15,9,8,25
LGAV,2024-09-07,ARR,440,1,0,0,0,1,0,3,5,4,22,33,51,65,67,37,29,40,18,13,14,8,7,4,2,1,15
LGAV,2024-09-07,DEP,444,0,0,0,0,0,1,0,0,1,1,4,19,46,76,58,61,57,31,20,19,11,7,4,6,3,19
LGAV,2024-09-08,ARR,479,1,0,0,0,0,0,5,7,6,9,20,32,64,64,36,38,43,32,21,16,15,14,7,11,10,28
LGAV,2024-09-08,DEP,484,1,0,0,0,0,0,0,0,1,3,7,11,34,61,40,62,52,49,31,26,28,14,12,8,10,34
LGAV,2024-09-09,ARR,445,0,0,1,2,0,0,1,2,6,15,25,40,46,45,31,38,38,28,19,19,14,24,12,7,4,28
LGAV,2024-09-09,DEP,447,1,0,0,0,0,1,0,0,0,0,3,11,44,61,45,52,44,31,30,25,18,18,8,9,5,41
LGAV,2024-09-10,ARR,452,0,0,1,0,1,2,1,1,3,10,13,20,22,33,19,44,33,28,29,16,37,24,24,15,12,64
LGAV,2024-09-10,DEP,451,0,0,0,1,0,0,0,1,0,1,2,7,25,26,36,51,37,31,31,24,28,26,18,18,12,76
LGAV,2024-09-11,ARR,435,1,0,1,2,0,1,1,2,8,13,23,37,46,36,31,44,31,33,27,20,18,12,5,6,9,28
LGAV,2024-09-11,DEP,438,1,0,0,1,0,0,0,0,1,2,2,12,51,75,51,50,39,35,24,23,9,14,10,10,2,26
LGAV,2024-09-12,ARR,459,2,0,0,1,3,3,2,2,10,20,28,39,42,55,35,51,34,23,27,17,14,10,6,3,7,25
LGAV,2024-09-12,DEP,448,1,0,0,0,0,0,1,1,1,0,3,15,47,65,58,65,45,31,24,15,14,8,8,9,4,33
LGAV,2024-09-13,ARR,459,2,0,0,0,2,0,1,3,8,8,21,32,32,31,37,44,33,29,27,13,24,18,15,8,10,61
LGAV,2024-09-13,DEP,464,0,0,0,0,0,0,0,0,0,0,2,8,27,43,41,57,54,44,28,20,20,16,16,13,12,63
LGAV,2024-09-14,ARR,436,0,0,0,0,0,0,0,1,2,9,15,40,35,32,49,62,29,27,27,29,13,12,7,6,4,37
LGAV,2024-09-14,DEP,439,0,0,0,0,0,0,1,0,1,1,2,9,35,46,37,65,52,35,28,21,22,16,13,11,6,38
LGAV,2024-09-15,ARR,464,1,0,1,0,0,2,0,2,4,9,24,37,48,46,32,46,45,28,19,27,20,12,14,6,5,36
LGAV,2024-09-15,DEP,463,0,1,1,0,0,0,0,0,0,0,5,10,36,63,31,61,52,46,33,23,12,17,20,9,14,29
LGAV,2024-09-16,ARR,451,1,0,0,0,1,2,2,3,8,19,20,36,39,46,31,44,44,31,15,26,25,9,10,7,5,27
LGAV,2024-09-16,DEP,446,0,0,0,1,0,0,1,0,0,1,8,15,47,61,47,45,49,27,29,29,13,18,9,9,8,29
LGAV,2024-09-17,ARR,439,1,1,0,0,0,1,0,3,3,13,31,48,45,56,47,45,42,21,12,12,12,10,8,1,4,23
LGAV,2024-09-17,DEP,447,0,0,0,0,0,0,1,0,0,1,3,19,50,64,62,58,49,35,20,28,13,10,3,7,3,21
LGAV,2024-09-18,ARR,421,0,0,0,1,0,0,0,1,9,22,25,37,40,49,34,39,39,28,24,16,15,13,5,8,4,12
LGAV,2024-09-18,DEP,420,0,0,0,0,1,1,1,0,1,0,5,19,47,58,50,60,33,27,22,20,23,18,5,4,9,16
LGAV,2024-09-19,ARR,445,0,0,0,1,0,1,0,2,7,16,20,54,53,43,52,49,35,35,11,15,13,7,6,4,5,16
LGAV,2024-09-19,DEP,450,0,0,0,0,0,0,1,2,1,1,7,14,48,62,49,62,50,46,25,21,13,9,4,5,6,24
LGAV,2024-09-20,ARR,445,1,0,0,0,0,1,1,4,5,14,33,34,46,47,29,41,44,30,18,23,19,17,1,8,3,26
LGAV,2024-09-20,DEP,445,1,0,0,0,0,0,0,0,0,0,2,9,34,60,60,60,45,37,20,21,29,19,12,6,6,24
LGAV,2024-09-21,ARR,435,0,0,0,1,0,0,4,3,14,24,37,54,51,55,34,38,28,23,19,12,5,8,6,2,4,13
LGAV,2024-09-21,DEP,435,1,0,0,1,0,0,1,0,0,1,3,13,54,83,57,57,41,32,18,16,17,7,8,4,2,19
LGAV,2024-09-22,ARR,444,1,0,0,0,0,1,1,6,10,18,50,53,54,50,47,34,24,25,17,8,14,8,2,3,2,16
LGAV,2024-09-22,DEP,447,1,0,0,1,0,0,0,2,0,1,5,36,58,81,53,47,40,24,23,20,13,9,9,4,5,15
LGAV,2024-09-23,ARR,423,0,0,1,1,1,0,2,5,7,7,36,40,62,34,33,50,36,19,21,8,13,9,7,6,4,21
LGAV,2024-09-23,DEP,431,0,0,0,0,0,0,0,1,1,1,5,20,52,70,64,50,35,27,26,21,15,6,8,6,4,19
LGAV,2024-09-24,ARR,427,0,1,1,1,0,3,4,1,6,12,30,43,52,56,39,45,38,28,12,9,8,5,4,7,2,20
LGAV,2024-09-24,DEP,423,0,0,0,0,0,0,0,0,1,3,2,10,50,84,40,51,38,32,23,25,11,10,7,6,2,28
LGAV,2024-09-25,ARR,418,1,0,1,0,1,0,3,4,6,19,33,62,47,59,35,34,22,15,12,11,11,7,5,6,3,21
LGAV,2024-09-25,DEP,417,2,0,0,0,0,0,0,0,0,0,4,18,50,64,62,60,44,28,8,23,8,9,5,5,5,22
LGAV,2024-09-26,ARR,437,0,0,1,1,1,0,3,7,7,24,39,51,57,48,25,28,27,25,20,11,15,8,8,6,4,21
LGAV,2024-09-26,DEP,435,0,0,0,0,0,0,0,0,0,0,1,18,46,70,54,56,43,36,28,15,20,12,7,4,3,22
LGAV,2024-09-27,ARR,423,0,0,0,0,0,1,2,1,7,13,16,18,32,23,25,35,32,29,32,25,27,8,18,19,10,50
LGAV,2024-09-27,DEP,423,0,0,0,0,0,0,0,0,0,0,2,10,30,25,31,28,33,54,27,26,26,31,20,18,14,48
LGAV,2024-09-28,ARR,428,1,0,0,0,0,3,2,5,8,27,35,57,55,45,28,39,30,22,15,14,11,5,2,6,3,15
LGAV,2024-09-28,DEP,423,0,0,0,0,0,0,0,1,0,1,3,16,55,77,52,65,35,36,18,11,12,7,4,4,5,21
LGAV,2024-09-29,ARR,449,2,0,0,0,0,1,4,6,8,12,29,37,39,43,33,42,30,23,24,17,21,20,7,12,10,29
LGAV,2024-09-29,DEP,451,1,0,0,0,0,0,0,0,0,0,5,16,49,59,41,48,44,32,27,31,19,13,12,6,8,40
LGAV,2024-09-30,ARR,439,0,0,0,0,1,3,1,3,10,16,30,44,51,55,22,43,32,30,16,20,7,13,8,6,3,25
LGAV,2024-09-30,DEP,444,0,0,0,0,0,0,0,0,0,2,7,11,38,71,56,60,51,31,25,25,13,9,6,7,6,26
LGAV,2024-10-01,ARR,403,0,0,1,0,0,3,2,3,11,31,66,64,43,43,28,30,20,13,10,9,6,3,2,4,0,11
LGAV,2024-10-01,DEP,407,0,0,0,0,0,0,0,0,1,2,4,22,49,66,58,62,45,21,22,15,10,4,3,3,3,17
LGAV,2024-10-02,ARR,397,0,0,0,0,1,5,2,2,12,18,36,44,47,45,32,35,24,21,14,17,6,7,4,4,2,19
LGAV,2024-10-02,DEP,394,0,0,0,0,0,0,1,0,1,1,5,12,48,63,52,46,40,27,27,13,9,11,5,6,3,24
LGAV,2024-10-03,ARR,405,1,0,0,1,1,1,1,4,12,19,31,36,56,50,34,34,25,19,16,17,10,6,6,4,5,16
LGAV,2024-10-03,DEP,408,0,0,0,0,1,0,0,0,0,0,2,18,48,67,45,61,42,28,27,16,10,7,6,2,5,23
LGAV,2024-10-04,ARR,419,2,0,0,0,1,2,1,3,7,13,20,31,52,43,19,39,27,22,28,18,18,13,12,8,9,31
LGAV,2024-10-04,DEP,421,0,0,0,0,0,0,0,1,1,2,6,9,38,51,46,58,51,23,24,18,13,15,8,15,9,33
LGAV,2024-10-05,ARR,414,2,0,0,0,2,0,0,4,10,17,35,32,44,42,32,38,24,31,25,12,7,7,8,9,3,30
LGAV,2024-10-05,DEP,412,1,0,1,0,0,0,0,2,0,1,6,13,48,83,51,41,38,27,20,11,14,13,6,2,7,27
LGAV,2024-10-06,ARR,440,1,1,1,0,0,2,6,2,16,19,35,66,60,44,33,30,30,19,21,10,13,3,5,3,2,18
LGAV,2024-10-06,DEP,442,0,0,0,0,0,0,1,0,0,1,5,14,52,91,54,57,43,40,26,14,13,7,10,3,2,9
LGAV,2024-10-07,ARR,408,0,0,0,1,0,1,3,6,23,27,59,49,54,47,23,30,24,16,14,6,6,6,2,3,1,7
LGAV,2024-10-07,DEP,405,1,0,0,0,0,0,0,0,0,1,9,27,62,81,59,49,30,21,17,17,13,3,3,4,0,8
LGAV,2024-10-08,ARR,391,1,0,0,0,0,2,1,3,12,24,46,44,58,51,31,31,20,10,13,7,6,5,5,4,2,15
LGAV,2024-10-08,DEP,401,0,0,0,0,0,0,1,1,0,0,7,30,62,74,51,39,36,29,17,9,7,3,2,5,6,22
LGAV,2024-10-09,ARR,397,0,0,1,2,4,2,2,9,13,24,31,52,45,46,26,30,27,13,14,10,10,7,5,1,6,17
LGAV,2024-10-09,DEP,385,0,0,0,0,1,0,0,0,0,0,6,19,82,71,48,44,34,20,16,13,6,3,9,2,4,7
LGAV,2024-10-10,ARR,409,4,0,0,0,0,4,4,0,13,17,35,50,45,35,41,40,29,21,13,16,13,5,7,2,0,15
LGAV,2024-10-10,DEP,411,1,0,0,0,0,1,0,0,0,1,3,19,55,76,60,54,33,23,25,13,9,8,1,2,3,24
LGAV,2024-10-11,ARR,389,1,1,0,0,0,2,2,7,5,23,43,49,49,43,32,38,28,10,14,12,6,4,4,2,5,9
LGAV,2024-10-11,DEP,403,1,1,0,0,0,1,0,0,0,1,7,13,59,89,45,60,47,25,23,3,5,5,4,1,2,11
LGAV,2024-10-12,ARR,378,1,0,0,2,0,4,4,11,23,28,60,56,45,34,19,20,14,7,10,9,3,6,0,10,3,9
LGAV,2024-10-12,DEP,374,0,1,0,0,0,0,0,1,1,2,5,34,72,74,41,47,24,18,7,6,9,4,2,3,3,20
LGAV,2024-10-13,ARR,415,2,1,0,0,1,1,6,5,16,37,46,74,66,39,31,26,20,11,9,2,6,1,3,1,0,11
LGAV,2024-10-13,DEP,410,0,0,0,0,0,0,0,0,0,3,6,32,74,85,36,57,40,23,17,6,8,3,2,1,2,15
LGAV,2024-10-14,ARR,396,1,0,1,3,1,2,3,7,8,26,56,67,55,44,31,26,29,10,6,3,1,1,3,0,0,12
LGAV,2024-10-14,DEP,399,1,0,0,0,0,0,1,1,0,1,6,32,63,94,68,48,23,17,12,8,4,4,3,4,0,9
LGAV,2024-10-15,ARR,381,2,0,0,0,0,1,8,13,18,31,59,58,46,49,24,20,13,4,4,6,3,3,5,1,2,11
LGAV,2024-10-15,DEP,380,0,0,1,0,0,0,0,1,0,3,8,27,75,89,51,41,27,16,10,4,7,5,3,3,1,8
LGAV,2024-10-16,ARR,374,0,0,0,1,1,0,4,7,20,23,40,48,56,50,32,23,21,13,11,7,1,3,2,4,1,6
LGAV,2024-10-16,DEP,372,0,0,0,1,0,0,0,1,0,3,4,32,76,75,47,33,30,22,18,7,4,4,7,3,1,4
LGAV,2024-10-17,ARR,386,0,0,1,1,0,0,2,5,11,27,44,60,71,29,22,28,24,10,12,2,7,5,3,3,3,16
LGAV,2024-10-17,DEP,390,1,0,0,1,0,0,0,0,0,2,6,35,69,93,45,40,32,19,11,9,4,2,3,1,2,15
LGAV,2024-10-18,ARR,402,1,1,0,1,1,1,3,2,13,22,36,48,55,45,33,39,15,16,17,11,5,5,4,3,4,21
LGAV,2024-10-18,DEP,397,0,0,0,0,0,0,0,1,0,0,4,29,49,75,51,45,38,27,25,8,9,5,3,2,3,23
LGAV,2024-10-19,ARR,375,0,0,0,0,0,2,1,2,16,16,38,58,72,32,25,32,11,15,12,12,3,8,2,1,4,13
LGAV,2024-10-19,DEP,378,0,0,0,0,0,0,0,0,0,0,5,26,56,81,59,57,24,13,9,5,10,3,7,3,3,17
LGAV,2024-10-20,ARR,405,0,0,0,0,0,2,1,3,10,24,29,50,56,58,33,27,26,28,6,10,10,4,5,4,3,16
LGAV,2024-10-20,DEP,411,0,0,0,0,0,0,0,0,0,3,3,31,49,65,57,54,43,25,17,13,7,10,11,3,2,18
LGAV,2024-10-21,ARR,387,2,0,0,0,0,1,0,4,13,26,28,53,59,45,33,32,22,21,7,8,8,7,4,2,0,12
LGAV,2024-10-21,DEP,381,0,0,0,0,0,1,0,0,0,3,6,26,62,70,54,39,37,15,15,13,5,9,6,2,1,17
LGAV,2024-10-22,ARR,380,1,0,1,0,0,0,3,3,10,23,35,54,63,59,25,28,26,15,11,5,8,4,1,1,1,3
LGAV,2024-10-22,DEP,375,0,0,0,0,1,0,0,0,0,4,8,22,48,72,55,65,26,22,19,11,4,1,4,3,3,7
LGAV,2024-10-23,ARR,374,0,2,0,0,0,0,2,3,10,30,31,58,46,44,42,26,24,12,7,10,7,3,2,2,2,11
LGAV,2024-10-23,DEP,373,0,0,0,0,0,0,0,0,0,0,7,29,56,87,40,60,27,18,12,8,8,6,3,0,2,10
LGAV,2024-10-24,ARR,393,0,1,0,0,0,1,2,3,5,25,33,53,48,62,32,38,30,15,9,5,7,6,2,2,2,12
LGAV,2024-10-24,DEP,404,0,0,0,0,1,0,0,0,0,0,3,17,49,78,58,60,40,25,22,8,8,6,2,5,3,19
LGAV,2024-10-25,ARR,403,0,0,0,1,2,1,1,4,4,16,24,40,56,56,40,38,28,20,23,10,8,7,4,3,1,16
LGAV,2024-10-25,DEP,398,0,0,0,0,0,0,0,0,0,0,11,14,29,67,49,61,48,36,20,22,11,2,7,2,5,14
LGAV,2024-10-26,ARR,377,0,0,0,1,1,1,4,8,10,29,36,41,45,44,25,28,25,22,14,5,11,4,8,2,2,11
LGAV,2024-10-26,DEP,374,0,0,0,0,0,1,0,0,0,0,1,16,42,78,48,46,34,22,18,15,13,8,3,6,6,17
LGAV,2024-10-27,ARR,309,4,0,1,0,0,0,3,9,15,40,37,46,46,31,19,17,15,6,4,2,2,2,0,0,0,10
LGAV,2024-10-27,DEP,318,3,0,0,0,0,0,1,0,1,2,6,25,61,59,56,43,17,15,6,4,5,0,2,0,5,7
LGAV,2024-10-28,ARR,342,2,0,0,0,1,0,2,6,13,25,41,47,36,36,29,20,29,17,9,2,4,5,4,1,4,9
LGAV,2024-10-28,DEP,331,0,0,0,0,0,0,0,1,1,0,8,34,59,66,35,39,28,11,8,11,7,4,1,6,1,11
LGAV,2024-10-29,ARR,316,0,0,2,0,0,0,1,5,15,18,49,48,55,29,22,18,12,11,4,7,3,4,3,1,3,6
LGAV,2024-10-29,DEP,322,0,0,0,0,1,1,0,0,0,3,8,26,62,69,36,36,22,10,10,11,7,6,0,3,1,10
LGAV,2024-10-30,ARR,318,0,0,0,1,0,3,1,2,16,31,53,49,44,32,21,20,15,7,4,2,4,3,2,2,0,6
LGAV,2024-10-30,DEP,321,0,0,0,0,0,0,1,0,0,1,9,30,67,72,50,33,18,4,11,2,6,3,2,2,4,6
LGAV,2024-10-31,ARR,329,0,0,1,0,1,0,2,6,14,31,36,50,46,43,16,31,17,8,10,8,1,2,1,0,0,5
LGAV,2024-10-31,DEP,332,0,0,0,0,0,0,1,0,2,0,8,29,61,72,47,40,14,11,18,7,4,10,0,1,0,7
LGAV,2024-11-01,ARR,350,2,1,1,0,0,0,4,3,10,9,25,49,36,40,43,29,20,15,18,13,7,7,1,4,3,10
LGAV,2024-11-01,DEP,344,0,0,1,0,0,0,0,1,0,0,3,12,51,45,45,49,33,36,15,15,9,6,6,3,2,12
LGAV,2024-11-02,ARR,287,0,1,0,0,0,2,3,10,16,26,38,50,44,34,22,13,11,7,4,1,2,0,1,0,0,2
LGAV,2024-11-02,DEP,288,0,0,0,0,0,1,0,1,0,0,9,36,57,62,37,36,22,9,10,2,1,2,0,1,0,2
LGAV,2024-11-03,ARR,334,0,0,2,0,0,1,3,3,6,22,33,44,52,42,45,29,13,10,11,2,5,3,0,1,0,7
LGAV,2024-11-03,DEP,340,1,0,0,1,0,0,0,1,1,1,8,29,51,80,58,40,25,15,8,5,2,3,3,1,0,7
LGAV,2024-11-04,ARR,336,1,0,0,0,1,2,0,7,16,19,39,42,48,49,13,30,23,11,11,3,6,3,1,1,2,8
LGAV,2024-11-04,DEP,325,0,0,0,0,1,0,1,0,1,1,5,25,51,65,35,51,27,14,16,8,5,6,0,1,3,9
LGAV,2024-11-05,ARR,287,1,0,0,1,0,1,3,6,17,22,42,44,38,27,20,19,11,9,8,3,1,3,2,3,0,6
LGAV,2024-11-05,DEP,294,1,0,0,0,1,0,0,0,2,3,7,29,52,56,39,27,20,18,5,11,3,4,4,2,1,9
LGAV,2024-11-06,ARR,303,1,0,0,0,2,0,3,3,9,14,34,51,63,40,19,14,17,7,7,4,4,0,2,2,0,7
LGAV,2024-11-06,DEP,303,0,0,0,0,0,0,0,0,0,2,3,15,43,65,41,34,32,22,16,12,3,7,2,2,0,4
LGAV,2024-11-07,ARR,316,0,1,0,1,0,2,5,6,10,17,36,36,44,49,29,26,17,8,5,7,2,1,4,0,0,10
LGAV,2024-11-07,DEP,307,2,0,0,0,0,0,0,0,1,1,1,19,53,68,38,33,23,25,12,7,8,4,2,1,1,8
LGAV,2024-11-08,ARR,326,0,0,0,0,0,0,2,4,10,22,30,56,39,54,24,19,22,7,10,7,6,3,2,4,1,4
LGAV,2024-11-08,DEP,334,1,0,0,1,0,0,0,1,0,2,5,17,53,76,45,44,26,21,9,8,6,4,3,1,1,10
LGAV,2024-11-09,ARR,269,0,0,0,1,2,2,1,2,16,25,42,49,42,24,24,13,9,6,2,4,0,2,1,0,0,2
LGAV,2024-11-09,DEP,272,0,0,0,0,0,1,0,1,1,3,10,27,68,54,40,16,20,8,6,5,7,0,3,0,0,2
LGAV,2024-11-10,ARR,315,0,0,0,0,2,1,1,3,8,18,41,49,45,37,26,30,18,10,8,7,5,0,1,0,0,5
LGAV,2024-11-10,DEP,320,0,0,0,0,0,0,1,0,0,2,11,22,57,75,45,45,20,9,13,5,3,3,1,2,0,6
LGAV,2024-11-11,ARR,325,2,0,0,0,0,1,3,3,7,22,53,50,47,41,23,22,13,11,6,5,2,2,1,0,2,9
LGAV,2024-11-11,DEP,314,0,0,0,0,0,0,1,2,1,1,3,26,57,53,39,50,24,20,8,8,6,1,4,2,0,8
LGAV,2024-11-12,ARR,275,0,1,0,1,0,0,3,6,9,19,39,53,43,30,17,14,12,10,4,2,4,0,1,2,0,5
LGAV,2024-11-12,DEP,279,0,0,1,0,0,0,0,0,1,0,9,17,72,66,29,31,15,10,5,4,5,3,1,2,0,8
LGAV,2024-11-13,ARR,294,0,1,1,1,1,0,0,5,18,23,41,42,49,42,17,19,11,5,5,3,3,1,1,1,0,4
LGAV,2024-11-13,DEP,295,0,0,0,0,0,0,2,0,0,1,7,27,62,59,39,41,11,13,10,5,5,4,1,0,0,8
LGAV,2024-11-14,ARR,307,1,0,0,1,0,0,1,3,8,15,41,40,28,40,29,28,20,12,10,9,5,6,1,3,1,5
LGAV,2024-11-14,DEP,301,2,0,0,0,0,0,0,0,1,1,3,23,45,51,41,39,31,9,15,11,8,7,0,6,1,7
LGAV,2024-11-15,ARR,327,0,0,1,1,0,0,2,2,4,13,27,36,33,33,32,30,27,19,15,9,7,3,9,6,5,13
LGAV,2024-11-15,DEP,331,1,0,0,0,0,1,0,0,2,1,7,13,29,46,31,49,45,30,26,6,10,5,4,7,3,15
LGAV,2024-11-16,ARR,261,0,0,0,0,0,0,1,4,9,20,36,47,31,36,20,14,11,7,6,4,2,2,1,0,1,9
LGAV,2024-11-16,DEP,263,0,1,0,0,0,0,0,0,1,1,5,24,51,59,41,30,21,7,8,2,2,0,1,0,1,8
LGAV,2024-11-17,ARR,320,0,0,0,0,0,0,6,3,10,13,39,42,58,34,31,26,16,12,9,4,4,1,2,1,1,8
LGAV,2024-11-17,DEP,321,0,0,0,0,0,1,0,0,0,1,8,22,62,71,39,41,25,13,8,9,5,2,3,1,0,10
LGAV,2024-11-18,ARR,318,0,0,0,2,0,3,3,9,18,33,43,55,37,28,22,13,11,14,6,5,2,4,1,2,2,5
LGAV,2024-11-18,DEP,311,0,0,0,0,0,0,2,0,2,2,12,19,62,70,30,32,35,17,9,5,3,3,4,1,0,3
LGAV,2024-11-19,ARR,264,0,1,0,0,0,2,3,9,11,30,35,52,34,25,12,15,6,6,2,4,6,1,0,1,1,8
LGAV,2024-11-19,DEP,272,2,0,0,0,0,0,0,0,1,1,6,31,61,56,42,24,13,11,6,4,3,0,1,3,0,7
LGAV,2024-11-20,ARR,291,3,0,1,0,0,4,2,6,11,25,42,38,35,32,17,19,17,5,12,5,3,2,0,3,3,6
LGAV,2024-11-20,DEP,288,0,0,0,0,0,0,0,0,1,2,8,31,60,49,40,22,26,12,7,6,3,6,3,1,1,10
LGAV,2024-11-21,ARR,303,1,0,0,0,0,2,7,7,8,23,28,53,38,43,16,18,12,7,7,2,5,2,2,1,3,18
LGAV,2024-11-21,DEP,304,0,0,0,0,0,0,0,0,0,0,7,30,61,60,34,27,19,13,12,9,7,4,2,1,3,15
LGAV,2024-11-22,ARR,326,1,1,1,0,0,2,2,5,7,15,21,35,33,31,27,28,26,17,11,13,6,10,4,2,4,24
LGAV,2024-11-22,DEP,319,0,0,0,0,0,0,0,0,0,1,6,20,33,55,40,37,26,26,18,9,6,8,6,7,4,17
LGAV,2024-11-23,ARR,261,0,0,0,0,0,0,5,9,11,17,27,48,33,31,15,19,17,8,4,5,1,2,2,0,0,7
LGAV,2024-11-23,DEP,260,2,0,1,1,0,0,0,1,1,0,7,24,50,54,36,28,16,10,6,6,2,1,2,1,1,10
LGAV,2024-11-24,ARR,301,1,0,0,0,0,0,2,9,7,21,33,51,44,30,21,22,18,16,5,3,4,1,0,0,2,11
LGAV,2024-11-24,DEP,311,1,0,0,0,1,0,0,0,1,2,2,25,40,71,41,44,22,20,12,7,1,3,2,0,1,15
LGAV,2024-11-25,ARR,301,2,1,0,0,1,1,3,3,8,27,37,50,41,41,19,21,11,5,8,7,3,1,3,2,2,4
LGAV,2024-11-25,DEP,300,0,0,0,0,0,0,0,0,1,1,4,22,57,75,43,27,21,15,7,7,6,5,3,0,1,5
LGAV,2024-11-26,ARR,264,0,0,0,2,1,2,1,5,14,34,33,52,46,22,17,12,5,4,1,2,4,2,0,1,1,3
LGAV,2024-11-26,DEP,263,2,0,0,0,0,0,0,2,1,1,9,30,52,62,45,21,12,7,9,2,1,3,1,1,0,2
LGAV,2024-11-27,ARR,286,4,0,0,0,0,1,4,2,17,31,49,42,41,33,18,12,10,4,8,2,1,0,1,1,2,3
LGAV,2024-11-27,DEP,286,0,0,0,0,0,0,0,1,0,0,11,26,56,63,43,37,20,6,8,5,2,0,1,0,0,7
LGAV,2024-11-28,ARR,299,0,0,0,0,0,0,1,5,12,27,47,49,41,40,15,15,7,8,6,6,6,2,0,1,0,11
LGAV,2024-11-28,DEP,297,0,0,0,1,0,0,0,1,2,1,14,29,45,64,42,45,14,12,8,4,5,2,2,1,0,5
LGAV,2024-11-29,ARR,316,2,0,0,0,0,2,1,0,10,17,33,40,55,35,28,24,20,9,11,6,7,1,2,3,0,10
LGAV,2024-11-29,DEP,318,0,0,0,0,0,0,0,1,0,3,4,26,45,75,42,43,19,14,9,7,4,8,3,3,3,9
LGAV,2024-11-30,ARR,252,0,0,0,1,0,0,1,1,4,12,22,39,39,39,15,19,16,12,8,3,2,4,0,6,2,7
LGAV,2024-11-30,DEP,247,1,0,0,0,0,0,0,0,0,0,4,26,44,53,37,26,15,12,8,5,3,0,3,3,3,4
LGAV,2024-12-01,ARR,297,0,0,0,0,0,0,0,3,4,6,18,32,37,50,25,23,19,16,17,8,6,4,5,1,1,22
LGAV,2024-12-01,DEP,310,0,0,0,0,0,0,0,1,0,0,7,19,39,50,45,45,20,19,10,14,10,3,5,1,2,20
LGAV,2024-12-02,ARR,310,1,0,0,0,1,1,2,4,7,16,31,45,47,42,28,28,19,12,6,1,1,5,1,1,1,10
LGAV,2024-12-02,DEP,300,0,0,0,0,0,0,0,2,1,1,8,16,57,66,34,37,24,12,11,8,4,2,0,4,2,11
LGAV,2024-12-03,ARR,260,1,0,0,0,0,0,2,2,2,6,26,38,48,38,22,19,12,12,5,3,4,2,3,2,4,9
LGAV,2024-12-03,DEP,269,0,0,0,0,0,1,0,2,1,1,3,22,41,69,42,26,11,14,9,7,5,4,4,2,3,2
LGAV,2024-12-04,ARR,278,2,0,1,0,1,0,0,4,2,4,26,39,33,41,35,28,22,12,6,5,4,3,1,2,1,6
LGAV,2024-12-04,DEP,278,1,0,0,0,0,0,0,1,0,3,2,17,48,60,43,44,20,10,10,6,4,2,0,1,1,5
LGAV,2024-12-05,ARR,299,0,0,1,1,0,0,3,0,3,10,11,38,39,36,28,26,17,17,17,11,11,5,8,3,1,13
LGAV,2024-12-05,DEP,302,1,0,1,0,0,0,0,1,0,1,4,21,51,61,31,32,23,22,11,7,5,6,6,3,2,13
LGAV,2024-12-06,ARR,306,3,0,1,1,2,0,1,7,13,22,30,43,50,42,22,19,11,8,6,5,4,0,0,3,2,11
LGAV,2024-12-06,DEP,302,1,0,0,0,0,0,0,0,1,1,5,24,51,68,48,31,25,8,8,6,6,3,4,1,0,11
LGAV,2024-12-07,ARR,250,0,0,0,0,2,1,5,4,8,18,39,43,31,23,16,19,6,10,1,2,4,3,1,2,2,10
LGAV,2024-12-07,DEP,245,0,0,0,2,0,0,0,0,0,3,10,23,58,49,29,22,10,8,6,1,2,2,5,0,1,14
LGAV,2024-12-08,ARR,297,0,0,0,0,1,0,0,3,11,17,37,42,37,34,16,20,17,10,7,11,8,5,3,2,0,16
LGAV,2024-12-08,DEP,304,0,0,0,0,0,1,0,0,0,1,11,22,68,71,37,25,15,13,5,10,3,6,0,2,1,13
LGAV,2024-12-09,ARR,313,0,0,0,0,0,2,1,4,4,21,24,33,33,37,24,32,23,22,14,8,6,5,3,2,2,13
LGAV,2024-12-09,DEP,305,2,0,0,0,0,0,0,0,0,2,4,22,64,59,39,40,21,13,8,10,5,2,2,4,0,8
LGAV,2024-12-10,ARR,268,0,0,0,0,0,0,2,0,5,4,13,32,37,38,25,32,19,17,11,7,4,7,3,1,1,10
LGAV,2024-12-10,DEP,266,0,0,0,0,0,0,0,1,2,1,5,20,45,55,32,31,23,11,8,5,6,2,2,3,2,12
LGAV,2024-12-11,ARR,278,1,0,0,0,0,0,1,0,4,10,15,33,34,43,28,37,17,9,10,10,9,2,3,1,1,10
LGAV,2024-12-11,DEP,282,1,0,0,0,0,0,0,0,0,1,4,20,47,55,34,32,19,15,13,2,5,8,3,3,3,17
LGAV,2024-12-12,ARR,297,0,0,1,0,1,0,0,0,3,9,17,20,36,40,29,35,24,21,14,13,4,7,6,3,1,13
LGAV,2024-12-12,DEP,298,1,0,0,0,0,0,0,0,0,3,9,25,48,58,28,28,24,21,12,9,12,4,3,2,2,9
LGAV,2024-12-13,ARR,322,1,1,0,0,0,1,1,4,9,13,28,55,36,34,29,32,25,10,12,8,5,7,2,1,1,7
LGAV,2024-12-13,DEP,322,0,0,0,0,0,0,0,0,0,2,6,24,37,65,56,43,28,12,11,10,6,3,5,2,4,8
LGAV,2024-12-14,ARR,261,0,0,0,0,0,1,0,4,13,23,31,38,42,22,20,15,17,5,8,1,8,1,2,2,1,7
LGAV,2024-12-14,DEP,256,0,0,0,0,0,0,2,1,0,4,5,23,67,73,19,21,14,6,4,4,2,2,1,3,0,5
LGAV,2024-12-15,ARR,307,0,0,0,0,0,0,0,0,3,15,36,45,37,37,26,20,18,22,12,9,5,5,1,2,2,12
LGAV,2024-12-15,DEP,312,0,0,0,0,0,0,0,1,1,1,8,20,69,66,37,22,24,13,12,7,7,6,2,2,3,11
LGAV,2024-12-16,ARR,304,1,0,1,0,0,1,1,0,15,23,34,44,32,38,24,29,17,11,5,5,4,3,4,2,6,4
LGAV,2024-12-16,DEP,303,0,0,0,0,0,0,0,1,0,3,8,24,56,77,43,23,19,13,7,3,3,8,0,4,2,9
LGAV,2024-12-17,ARR,279,1,0,1,0,0,1,4,3,9,29,42,43,37,31,19,22,11,4,3,2,3,2,1,2,0,9
LGAV,2024-12-17,DEP,276,0,0,1,0,1,0,0,0,1,2,9,32,72,60,36,23,8,8,8,1,3,4,1,2,1,3
LGAV,2024-12-18,ARR,284,0,0,1,0,1,1,1,3,3,32,37,38,36,37,23,18,15,9,8,2,4,4,1,2,1,7
LGAV,2024-12-18,DEP,292,0,0,0,0,0,1,0,0,0,3,4,24,48,67,34,28,27,9,6,12,6,2,4,4,3,10
LGAV,2024-12-19,ARR,319,1,0,0,0,0,0,0,8,10,22,30,37,30,46,25,29,13,18,12,8,7,3,4,3,4,9
LGAV,2024-12-19,DEP,320,0,0,0,0,0,0,1,0,0,2,3,20,47,61,42,32,35,16,10,11,10,7,3,2,2,16
LGAV,2024-12-20,ARR,351,1,0,1,2,1,0,2,4,12,5,30,34,44,41,24,26,29,20,17,12,8,7,7,6,4,14
LGAV,2024-12-20,DEP,347,1,0,0,0,1,0,0,0,1,1,5,14,43,63,46,49,31,14,18,11,12,4,10,2,3,18
LGAV,2024-12-21,ARR,295,0,0,0,0,1,0,2,1,6,12,17,39,44,30,30,30,24,17,8,5,5,5,2,2,2,13
LGAV,2024-12-21,DEP,302,0,0,0,0,0,1,0,3,0,3,2,8,35,73,46,41,27,13,14,9,5,4,2,2,0,14
LGAV,2024-12-22,ARR,332,1,0,0,0,0,1,1,1,10,15,34,39,46,40,34,29,10,12,14,11,8,3,6,4,2,11
LGAV,2024-12-22,DEP,337,0,0,0,0,2,0,0,0,0,0,1,7,49,67,48,53,27,20,12,6,11,8,7,3,4,12
LGAV,2024-12-23,ARR,321,1,1,1,0,0,0,0,0,5,10,25,30,36,43,34,26,21,22,15,14,7,4,3,5,4,14
LGAV,2024-12-23,DEP,317,0,0,0,0,0,0,0,0,0,0,5,12,49,70,42,34,23,19,19,11,7,10,2,2,2,10
LGAV,2024-12-24,ARR,266,0,0,0,0,1,1,1,2,3,19,30,39,39,43,14,26,11,6,6,8,2,5,1,1,3,5
LGAV,2024-12-24,DEP,259,0,0,0,0,1,0,0,0,1,0,3,17,43,61,42,28,23,13,7,7,1,3,0,1,1,7
LGAV,2024-12-25,ARR,196,1,0,0,1,0,0,4,3,9,12,26,36,28,22,7,11,7,7,6,1,3,2,2,1,3,4
LGAV,2024-12-25,DEP,191,0,0,0,0,0,0,0,0,0,4,7,21,51,48,18,14,7,4,4,2,4,0,0,1,1,5
LGAV,2024-12-26,ARR,302,0,0,0,0,0,0,1,4,6,14,21,36,35,32,28,32,26,14,14,7,5,7,1,3,3,13
LGAV,2024-12-26,DEP,318,0,0,0,0,0,0,0,0,0,2,7,29,43,65,40,26,34,12,18,11,6,4,2,2,0,17
LGAV,2024-12-27,ARR,338,1,0,0,0,1,2,0,3,2,14,20,38,39,42,40,24,26,17,18,12,4,7,3,2,1,22
LGAV,2024-12-27,DEP,334,1,0,0,0,0,0,0,0,0,2,5,18,42,75,38,29,28,22,23,8,5,3,4,4,4,23
LGAV,2024-12-28,ARR,285,0,0,0,0,0,0,0,2,6,15,16,26,38,22,27,27,23,14,7,7,13,7,5,3,5,22
LGAV,2024-12-28,DEP,283,0,0,0,0,0,0,0,1,0,1,4,19,34,67,27,27,24,15,16,4,4,8,4,5,3,20
LGAV,2024-12-29,ARR,325,0,0,0,0,0,0,2,2,5,13,26,40,47,35,27,32,24,18,6,5,3,8,4,6,4,18
LGAV,2024-12-29,DEP,332,0,0,0,0,0,0,1,0,0,0,3,12,55,67,46,32,26,22,16,18,4,2,0,5,4,19
LGAV,2024-12-30,ARR,328,0,0,0,1,1,0,0,2,14,17,37,29,52,30,29,24,21,19,8,9,12,4,2,2,1,14
LGAV,2024-12-30,DEP,317,0,0,0,0,0,0,0,1,1,1,4,18,46,66,39,36,31,20,14,10,8,7,3,2,0,10
LGAV,2024-12-31,ARR,246,1,0,0,2,0,0,3,10,14,30,35,27,28,20,15,16,15,8,7,4,2,1,2,0,1,5
LGAV,2024-12-31,DEP,240,0,0,0,0,0,0,0,0,0,2,6,29,56,54,30,16,12,9,10,5,1,2,2,1,1,4
