REG,ICAO,DATE,YEAR,MONTH,RANGE,MVTS_VALID,MVTS_NA,TOT_ASMA,TOT_REF,TOT_ADD_TIME,AVG_ASMA,AVG_REF,AVG_ADD_TIME
EUR,LFPG,2023-01-01,2023,2023-01-01,C40,13592,128,215024.58333,178934.49583,36090.0875,15.819936972483813,13.164692159358447,2.655244813125368
EUR,EDDF,2023-01-01,2023,2023-01-01,C40,13073,98,213318.73333000002,167556.4375,45762.29583,16.31750427063413,12.816984433565363,3.500519837068768
EUR,EDDM,2023-01-01,2023,2023-01-01,C40,9285,0,131346.43333,106607.88583,24738.5475,14.146088673128702,11.481732453419493,2.6643562197092083
EUR,LGAV,2023-01-01,2023,2023-01-01,C40,5565,186,75763.56667,60305.08667,15458.48,13.614297694519317,10.836493561545373,2.777804132973944
EUR,EHAM,2023-01-01,2023,2023-01-01,C40,13691,58,196370.88333,160453.44583,35917.4375,14.343063569498211,11.71962937915419,2.6234341903440215
EUR,LPPT,2023-01-01,2023,2023-01-01,C40,7032,4,112791.68334,89372.22917,23419.45417,16.039772943686007,12.709361372298067,3.3304115713879408
EUR,LEBL,2023-01-01,2023,2023-01-01,C40,8537,142,116423.88333000001,97859.975,18563.90833,13.637563936980206,11.463040295185664,2.1745236417945413
EUR,LEMD,2023-01-01,2023,2023-01-01,C40,12255,101,175228.25,139861.37,35366.88,14.298510811913504,11.41259649122807,2.8859143206854343
EUR,LSZH,2023-01-01,2023,2023-01-01,C40,7277,45,109770.90000000001,86726.52667,23044.37333,15.084636526040953,11.917895653428612,3.16674087261234
EUR,LTFM,2023-01-01,2023,2023-01-01,C40,13040,170,215789.28333,163481.31,52307.97333,16.548257924079756,12.53691027607362,4.011347648006135
EUR,EGKK,2023-01-01,2023,2023-01-01,C40,6430,2,104227.25,81642.51667,22584.73333,16.20952566096423,12.697125454121306,3.5124002068429236
EUR,EGLL,2023-01-01,2023,2023-01-01,C40,15470,36,314306.73334,199987.71667,114319.01667,20.31717733290239,12.927454212669684,7.389723120232708
EUR,LFPG,2023-02-01,2023,2023-02-01,C40,12564,107,196001.85,168462.59167,27539.25833,15.60027459407832,13.408356548073861,2.1919180460044574
EUR,EDDF,2023-02-01,2023,2023-02-01,C40,12029,67,190591.5,155595.60333,34995.89667,15.844334524898162,12.935040596059524,2.90929392883864
EUR,EDDM,2023-02-01,2023,2023-02-01,C40,8864,0,126379.95000000001,100972.65833,25407.29167,14.257665839350182,11.39131975744585,2.866346081904332
EUR,LGAV,2023-02-01,2023,2023-02-01,C40,5018,99,70378.88333,55020.065,15358.81833,14.025285637704265,10.964540653646871,3.0607449840573935
EUR,EHAM,2023-02-01,2023,2023-02-01,C40,13091,39,181337.36667000002,152409.94417,28927.4225,13.852063759071118,11.64234544114277,2.2097183179283477
EUR,LPPT,2023-02-01,2023,2023-02-01,C40,6553,7,104308.08333000001,84608.22083,19699.862500000003,15.917607710972074,12.911372017396612,3.006235693575462
EUR,LEBL,2023-02-01,2023,2023-02-01,C40,8473,264,118390.46667,97837.72417,20552.7425,13.972673984421101,11.546999193910068,2.425674790511035
EUR,LEMD,2023-02-01,2023,2023-02-01,C40,11029,64,155333,126363.92833,28969.07167,14.084051137909148,11.457423912412729,2.6266272254964185
EUR,LSZH,2023-02-01,2023,2023-02-01,C40,6737,28,100387.41667,79985.53917,20401.8775,14.900907921923706,11.87257520706546,3.0283327148582453
EUR,LTFM,2023-02-01,2023,2023-02-01,C40,11289,50,192984.58333,142524.29,50460.29333,17.094922785897776,12.625058906900524,4.469863878997254
EUR,EGKK,2023-02-01,2023,2023-02-01,C40,6642,0,108948.38334,84392.69417,24555.68917,16.402948410117435,12.705916014754592,3.6970323953628426
EUR,EGLL,2023-02-01,2023,2023-02-01,C40,12084,39,279044.48333,158254.58833,120789.895,23.092062506620326,13.096208898543528,9.995853608076796
EUR,LFPG,2023-03-01,2023,2023-03-01,C40,14078,203,216391.41666999998,184010.8925,32380.52417,15.370891935644266,13.070812082682199,2.3000798529620687
EUR,EDDF,2023-03-01,2023,2023-03-01,C40,14182,77,222749.76666999998,178230.28,44519.48667,15.706512950923704,12.56735862360739,3.1391543273163163
EUR,EDDM,2023-03-01,2023,2023-03-01,C40,9785,0,140116.96667,113249.2925,26867.67417,14.319567365355136,11.57376520183955,2.745802163515585
EUR,LGAV,2023-03-01,2023,2023-03-01,C40,5787,266,78121.51667000001,60407.20167,17714.315000000002,13.499484477276656,10.43843125453603,3.0610532227406257
EUR,EHAM,2023-03-01,2023,2023-03-01,C40,15335,38,216608.45,177698.04167,38910.40833,14.125102706227585,11.58774318030649,2.5373595259210955
EUR,LPPT,2023-03-01,2023,2023-03-01,C40,7392,3,110642.53333,89593.91500000001,21048.61833,14.967875179924244,12.120388933982685,2.8474862459415586
EUR,LEBL,2023-03-01,2023,2023-03-01,C40,9690,1642,131690.33333,97869.25583,33821.0775,13.590333676986583,10.100026401444788,3.4903072755417957
EUR,LEMD,2023-03-01,2023,2023-03-01,C40,12416,55,180232.76667,144858.51417,35374.2525,14.51616999597294,11.667083937661083,2.849086058311856
EUR,LSZH,2023-03-01,2023,2023-03-01,C40,7897,19,121070.18333,95973.11083,25097.0725,15.331161622134989,12.153110146891224,3.1780514752437634
EUR,LTFM,2023-03-01,2023,2023-03-01,C40,12993,79,214614.86666,160835.29083,53779.57583,16.51773005926268,12.378610854306165,4.139119204956515
EUR,EGKK,2023-03-01,2023,2023-03-01,C40,7527,10,127621.58334,95669.25417,31952.32917,16.955172491032283,12.710144037465126,4.2450284535671585
EUR,EGLL,2023-03-01,2023,2023-03-01,C40,16039,62,321296.08333,207772.105,113523.97833,20.0321767772305,12.95418074692936,7.077996030301141
EUR,LFPG,2023-04-01,2023,2023-04-01,C40,15297,124,239535.5,206599.17833,32936.32167,15.658985421978166,13.505862478263712,2.1531229437144535
EUR,EDDF,2023-04-01,2023,2023-04-01,C40,15752,66,249409.45,207218.12,42191.33,15.833510030472322,13.155035551041138,2.6784744794311837
EUR,EDDM,2023-04-01,2023,2023-04-01,C40,11099,0,155764.59999999998,126853.8675,28910.7325,14.034111181187493,11.42930601856023,2.6048051626272635
EUR,LGAV,2023-04-01,2023,2023-04-01,C40,6439,30,90667.53332999999,70462.95833,20204.575,14.08099601335611,10.943152404100015,3.137843609256096
EUR,EHAM,2023-04-01,2023,2023-04-01,C40,16566,79,231287.76667,191312.63667,39975.13,13.961594028129905,11.54851120789569,2.4130828202342145
EUR,LPPT,2023-04-01,2023,2023-04-01,C40,7515,9,118812.83333000001,95275.475,23537.35833,15.81009092880905,12.678040585495676,3.1320503433133733
EUR,LEBL,2023-04-01,2023,2023-04-01,C40,10789,9,159658.71667,126764.275,32894.44167,14.798286835665955,11.749399851700806,3.04888698396515
EUR,LEMD,2023-04-01,2023,2023-04-01,C40,12500,110,175518.55,144225.0875,31293.4625,14.041483999999999,11.538007,2.503477
EUR,LSZH,2023-04-01,2023,2023-04-01,C40,8648,131,131729.4,103293.63833,28435.76167,15.232354301572617,11.944222748612397,3.288131552960222
EUR,LTFM,2023-04-01,2023,2023-04-01,C40,13475,79,220867.9,168147.20917,52720.69083,16.390938775510204,12.478457081261595,3.9124816942486085
EUR,EGKK,2023-04-01,2023,2023-04-01,C40,7948,1,134798.61667000002,101075.8,33722.81667,16.960067522647208,12.71713638651233,4.242931136134877
EUR,EGLL,2023-04-01,2023,2023-04-01,C40,16281,101,304302.23333,218483.69833,85818.535,18.69063530065721,13.41955029359376,5.271085007063449
EUR,LFPG,2023-05-01,2023,2023-05-01,C40,16483,274,254715.91666999998,220887.17667,33828.74,15.453249813140811,13.400908613116544,2.052341200024267
EUR,EDDF,2023-05-01,2023,2023-05-01,C40,16457,153,282040.73333,226429.66,55611.07333,17.138040549917967,13.758866135990765,3.379174413927204
EUR,EDDM,2023-05-01,2023,2023-05-01,C40,11911,0,165549.93334,135348.00667,30201.92667,13.898911371001594,11.363278202501888,2.5356331684997064
EUR,LGAV,2023-05-01,2023,2023-05-01,C40,7253,0,103323.08334000001,81350.88417,21972.19917,14.245565054460226,11.216170435681788,3.0293946187784364
EUR,EHAM,2023-05-01,2023,2023-05-01,C40,17942,112,246990.21667,204727.8775,42262.33917,13.766035930776948,11.410538262178129,2.3554976685988183
EUR,LPPT,2023-05-01,2023,2023-05-01,C40,7787,30,122239.45,97324.66333,24914.78667,15.697887504815718,12.498351525619622,3.1995359791960962
EUR,LEBL,2023-05-01,2023,2023-05-01,C40,11199,23,170279.33334,133802.79167,36476.54167,15.204869482989555,11.947744590588446,3.257124892401107
EUR,LEMD,2023-05-01,2023,2023-05-01,C40,12796,101,180240.43334,147816.64917,32423.78417,14.085685631447326,11.551785649421694,2.5338999820256327
EUR,LSZH,2023-05-01,2023,2023-05-01,C40,9302,138,144046.15,110198.66917,33847.48083,15.485503117609115,11.846771572780046,3.638731544829069
EUR,LTFM,2023-05-01,2023,2023-05-01,C40,14734,1,230424.38332999998,170776.07583,59648.3075,15.638956381837925,11.59061190647482,4.0483444753631055
EUR,EGKK,2023-05-01,2023,2023-05-01,C40,8725,14,161371.85,111477.48333,49894.36667,18.495340974212034,12.77678892034384,5.718552053868195
EUR,EGLL,2023-05-01,2023,2023-05-01,C40,17262,131,345725.36666,235890.03833,109835.32833,20.02811763758545,13.665278549994207,6.362839087591241
EUR,LFPG,2023-06-01,2023,2023-06-01,C40,16138,915,238472.18333,207230.6625,31241.52083,14.777059321477259,12.841161389267567,1.9358979322096914
EUR,EDDF,2023-06-01,2023,2023-06-01,C40,17058,58,274522.88334,229778.81667,44744.06667,16.093497674991205,13.470442998593036,2.623054676398171
EUR,EDDM,2023-06-01,2023,2023-06-01,C40,12039,0,166423.91667,137629.1825,28794.73417,13.823732591577373,11.431944721322369,2.3917878702550044
EUR,LGAV,2023-06-01,2023,2023-06-01,C40,7894,4,114022.20000000001,87373.13,26649.07,14.444160121611352,11.068296174309603,3.375863947301748
EUR,EHAM,2023-06-01,2023,2023-06-01,C40,17632,78,240617.51666,202652.78083,37964.73583,13.64663774160617,11.493465337454628,2.1531724041515425
EUR,LPPT,2023-06-01,2023,2023-06-01,C40,7806,16,124090.6,96953.63,27136.97,15.896822956699975,12.42039841147835,3.4764245452216245
EUR,LEBL,2023-06-01,2023,2023-06-01,C40,11284,30,166697.75,131462.59083,35235.15917,14.772930698333925,11.650353671570365,3.122577026763559
EUR,LEMD,2023-06-01,2023,2023-06-01,C40,12675,179,173670.19999999998,145758.74167,27911.45833,13.701790927021694,11.499703484812622,2.202087442209073
EUR,LSZH,2023-06-01,2023,2023-06-01,C40,9337,109,143561.9,111093.40167,32468.49833,15.375591731819641,11.898190175645283,3.47740155617436
EUR,LTFM,2023-06-01,2023,2023-06-01,C40,15011,0,234808.55,173624.275,61184.275,15.642432216374658,11.56646958896809,4.075962627406569
EUR,EGKK,2023-06-01,2023,2023-06-01,C40,8991,0,172637.8,114641.69667,57996.10333,19.201178956734513,12.750717013680347,6.450461943054165
EUR,EGLL,2023-06-01,2023,2023-06-01,C40,16574,105,324733.53333,225360.33333,99373.2,19.59294879510076,13.59722054603596,5.9957282490648005
EUR,LFPG,2023-07-01,2023,2023-07-01,C40,16783,379,250189.2,215139.3825,35049.8175,14.907299052612764,12.81888711791694,2.088411934695823
EUR,EDDF,2023-07-01,2023,2023-07-01,C40,17843,39,272453.53333,223839.44333,48614.09,15.269491303592446,12.54494442246259,2.7245468811298545
EUR,EDDM,2023-07-01,2023,2023-07-01,C40,12283,0,172525.85,141826.27333,30699.57667,14.04590490922413,11.546549973947732,2.499354935276398
EUR,LGAV,2023-07-01,2023,2023-07-01,C40,8694,0,128294.96667,96755.45417,31539.5125,14.756724944789509,11.128991737980217,3.627733206809294
EUR,EHAM,2023-07-01,2023,2023-07-01,C40,18377,53,258740.40000000002,215523.57417,43216.82583,14.079577733035862,11.72789759862872,2.3516801344071396
EUR,LPPT,2023-07-01,2023,2023-07-01,C40,8277,12,138836.88332999998,106156.8525,32680.03083,16.77381700253715,12.825522834360275,3.9482941681768757
EUR,LEBL,2023-07-01,2023,2023-07-01,C40,12068,0,179428.53333,141665.80000000002,37762.73333,14.868125068776932,11.738962545575076,3.1291625232018565
EUR,LEMD,2023-07-01,2023,2023-07-01,C40,13285,112,188493.5,157075.59167,31417.90833,14.188445615355665,11.823529670304854,2.364915945050809
EUR,LSZH,2023-07-01,2023,2023-07-01,C40,9683,5,154430.66667,118942.1825,35488.48417,15.948638507693897,12.283608644015285,3.6650298636786123
EUR,LTFM,2023-07-01,2023,2023-07-01,C40,15556,9,242591.25,184020.56583,58570.68417,15.594706222679353,11.82955553034199,3.765150692337362
EUR,EGKK,2023-07-01,2023,2023-07-01,C40,9552,0,193048.63333,120884.38,72164.25333,20.210284058835846,12.655399916247907,7.55488414258794
EUR,EGLL,2023-07-01,2023,2023-07-01,C40,17516,11,344109.61667,228011.6875,116097.92917,19.645445117035855,13.017337719799041,6.628107397236812
EUR,LFPG,2023-08-01,2023,2023-08-01,C40,16909,102,257537.21667,223050.5725,34486.64417,15.23077749541664,13.191233810396831,2.039543685019812
EUR,EDDF,2023-08-01,2023,2023-08-01,C40,17462,38,265300.66667,222396.88917,42903.7775,15.193028671973428,12.736049087733365,2.456979584240064
EUR,EDDM,2023-08-01,2023,2023-08-01,C40,12331,0,172219.48333,142171.4975,30047.98583,13.966384180520638,11.529599991890358,2.4367841886302815
EUR,LGAV,2023-08-01,2023,2023-08-01,C40,8698,4,129318.71665999999,96374.20833,32944.50833,14.867638153598527,11.08004234651644,3.7875958070820874
EUR,EHAM,2023-08-01,2023,2023-08-01,C40,18633,49,259653.25,217113.21333,42540.03667,13.935128535394194,11.652080359040411,2.283048176353781
EUR,LPPT,2023-08-01,2023,2023-08-01,C40,8327,9,138179.48333,105298.105,32881.37833,16.594149553260475,12.645383091149274,3.9487664621112044
EUR,LEBL,2023-08-01,2023,2023-08-01,C40,11791,17,173755.03333,139334.68833,34420.345,14.736242331439234,11.817037429395302,2.919204902043932
EUR,LEMD,2023-08-01,2023,2023-08-01,C40,12950,149,178765.58333,151459.25333,27306.33,13.80429214903475,11.695695237837839,2.108596911196911
EUR,LSZH,2023-08-01,2023,2023-08-01,C40,9619,2,147867.2,117343.28167,30523.91833,15.372408774300863,12.199114426655576,3.1732943476452853
EUR,LTFM,2023-08-01,2023,2023-08-01,C40,15943,13,252188.53334,187866.19417,64322.33917,15.818135441259487,11.783616268581824,4.034519172677664
EUR,EGKK,2023-08-01,2023,2023-08-01,C40,9510,0,188408.45,120813.61667,67594.83333,19.811614090431128,12.703850333333333,7.107763757097791
EUR,EGLL,2023-08-01,2023,2023-08-01,C40,17278,18,323809.68334,228149.84167,95659.84167,18.74115541960875,13.204644152679707,5.536511266929042
EUR,LFPG,2023-09-01,2023,2023-09-01,C40,16290,82,255326.46667,220294.62917,35031.8375,15.673816247391038,13.523304430325354,2.1505118170656847
EUR,EDDF,2023-09-01,2023,2023-09-01,C40,17311,28,273126.18334,229583.92417,43542.25917,15.777608649991334,13.262314376408066,2.5152942735832706
EUR,EDDM,2023-09-01,2023,2023-09-01,C40,12863,0,179309.93334000002,147409.70167,31900.23167,13.939977714374564,11.459978361968437,2.4799993524061263
EUR,LGAV,2023-09-01,2023,2023-09-01,C40,7933,0,118092.88333,88138.75583,29954.1275,14.886283036682213,11.110394028740703,3.77588900794151
EUR,EHAM,2023-09-01,2023,2023-09-01,C40,18321,62,260014.16666999998,215489.7975,44524.36917,14.192138347797608,11.761901506467987,2.430236841329622
EUR,LPPT,2023-09-01,2023,2023-09-01,C40,8020,13,125585.93333,98366.33833,27219.595,15.659093931421447,12.265129467581048,3.393964463840399
EUR,LEBL,2023-09-01,2023,2023-09-01,C40,11458,5,169724.63333,135598.695,34125.93833,14.812762552801537,11.834412201082214,2.9783503517193224
EUR,LEMD,2023-09-01,2023,2023-09-01,C40,13199,200,180526.85,151813.065,28713.785,13.677312675202668,11.501861125842867,2.1754515493598
EUR,LSZH,2023-09-01,2023,2023-09-01,C40,9632,4,150167.46666,115433.83833,34733.62833,15.590476189784054,11.984410125622924,3.6060660641611295
EUR,LTFM,2023-09-01,2023,2023-09-01,C40,15100,0,242516.25,176669.47333,65846.77667,16.06067880794702,11.699965121192054,4.360713686754967
EUR,EGKK,2023-09-01,2023,2023-09-01,C40,9106,1,193894.63334,116773.41667,77121.21667,21.29306318251702,12.823788345047221,8.469274837469799
EUR,EGLL,2023-09-01,2023,2023-09-01,C40,17040,124,348256.41666,228890.53083,119365.88583,20.437583137323944,13.432542889084507,7.005040248239436
EUR,LFPG,2023-10-01,2023,2023-10-01,C40,16591,76,260417.90000000002,219235.82917,41182.07083,15.69633536254596,13.214141954674222,2.4821934078717374
EUR,EDDF,2023-10-01,2023,2023-10-01,C40,17937,22,279188.5,226230.33833,52958.16167,15.564949545631935,12.612495864971846,2.952453680660088
EUR,EDDM,2023-10-01,2023,2023-10-01,C40,13109,0,189907.40000000002,151577.4125,38329.9875,14.486795331451676,11.562850903959113,2.923944427492563
EUR,LGAV,2023-10-01,2023,2023-10-01,C40,7907,1,116083.03334,88472.92667,27610.10667,14.681046331099026,11.18919016947009,3.4918561616289363
EUR,EHAM,2023-10-01,2023,2023-10-01,C40,18706,53,277203.2,220597.995,56605.205,14.818945792793757,11.792900406286753,3.026045386507003
EUR,LPPT,2023-10-01,2023,2023-10-01,C40,8152,5,129153.26666000001,97846.33083,31306.93583,15.84313869725221,12.002739306918548,3.84039939033366
EUR,LEBL,2023-10-01,2023,2023-10-01,C40,11597,9,176422.21667,135288.775,41133.44167,15.212746112787789,11.665842459256703,3.5469036535310856
EUR,LEMD,2023-10-01,2023,2023-10-01,C40,13638,173,191048.59999999998,157996.30167,33052.29833,14.008549640709779,11.585005255169378,2.4235443855404015
EUR,LSZH,2023-10-01,2023,2023-10-01,C40,9857,5,157830.05,119575.66833,38254.38167,16.011976260525515,12.131040715227757,3.880935545297758
EUR,LTFM,2023-10-01,2023,2023-10-01,C40,14699,86,253578.68332999997,183072.07833,70506.605,17.25142413293421,12.454730140145587,4.796693992788625
EUR,EGKK,2023-10-01,2023,2023-10-01,C40,9113,4,174341.65,117216.68667,57124.96333,19.131092944145724,12.862579465598595,6.26851347854713
EUR,EGLL,2023-10-01,2023,2023-10-01,C40,17575,106,371004.9,237512.325,133492.575,21.109809388335705,13.514214793741111,7.595594594594595
EUR,LFPG,2023-11-01,2023,2023-11-01,C40,14424,123,229523.98333,188955.73833,40568.245,15.912644434969495,13.100092784941763,2.8125516500277317
EUR,EDDF,2023-11-01,2023,2023-11-01,C40,15626,21,247052.71667,195708.52667,51344.19,15.810362003711763,12.524544136055292,3.28581786765647
EUR,EDDM,2023-11-01,2023,2023-11-01,C40,11079,0,161551.7,129957.03417,31594.66583,14.58179438577489,11.730032870295153,2.8517615154797364
EUR,LGAV,2023-11-01,2023,2023-11-01,C40,6429,50,93909.90000000001,70265.89083,23644.00917,14.607232851143259,10.929521049930004,3.6777118012132526
EUR,EHAM,2023-11-01,2023,2023-11-01,C40,15924,123,228664.28333,184278.495,44385.78833,14.359726408565688,11.572374717407687,2.7873516911580007
EUR,LPPT,2023-11-01,2023,2023-11-01,C40,7268,11,116055.21667,89743.78167,26311.435,15.967971473582828,12.347796047055585,3.620175426527243
EUR,LEBL,2023-11-01,2023,2023-11-01,C40,10334,71,151798.4,119262.8325,32535.5675,14.689220050319333,11.540819866460229,3.148400183859106
EUR,LEMD,2023-11-01,2023,2023-11-01,C40,12665,71,181218.3,148271.92667,32946.37333,14.308590604026845,11.707218844848006,2.6013717591788397
EUR,LSZH,2023-11-01,2023,2023-11-01,C40,7846,31,122233.4,95478.97,26754.43,15.579072138669385,12.169126943665562,3.4099451950038238
EUR,LTFM,2023-11-01,2023,2023-11-01,C40,13288,75,236000.66667,171146.09417,64854.5725,17.76043548088501,12.879748206652618,4.880687274232391
EUR,EGKK,2023-11-01,2023,2023-11-01,C40,6765,26,110193.01667000001,87751.49,22441.52667,16.288694260162604,12.971395417590541,3.317298842572062
EUR,EGLL,2023-11-01,2023,2023-11-01,C40,16531,38,349308.26667,220789.93667,128518.33,21.13049825600387,13.356114976105498,7.774383279898373
EUR,LFPG,2023-12-01,2023,2023-12-01,C40,15157,79,241080.66666,200465.80083,40614.86583,15.905566184601174,13.225955059048625,2.67961112555255
EUR,EDDF,2023-12-01,2023,2023-12-01,C40,14806,37,234007.98334,185561.07167,48446.91167,15.804942816425774,12.532829371200865,3.272113445224909
EUR,EDDM,2023-12-01,2023,2023-12-01,C40,8897,0,129942.78333,104246.835,25695.94833,14.605235846914692,11.717077104642016,2.888158742272676
EUR,LGAV,2023-12-01,2023,2023-12-01,C40,6469,82,89816.65,70068.57917,19748.07083,13.884162930901221,10.831439043128768,3.052723887772453
EUR,EHAM,2023-12-01,2023,2023-12-01,C40,16324,123,248453.38332999998,192347.4325,56105.95083,15.220128848934083,11.783106622151433,3.4370222267826516
EUR,LPPT,2023-12-01,2023,2023-12-01,C40,7537,14,122391.08333,95226.18,27164.90333,16.23870018973066,12.634493830436512,3.604206359294149
EUR,LEBL,2023-12-01,2023,2023-12-01,C40,10631,158,148804.86666,121524.64333,27280.22333,13.997259586116076,11.431158247577839,2.566101338538237
EUR,LEMD,2023-12-01,2023,2023-12-01,C40,13293,59,183753.45,153925.41083,29828.03917,13.823324306025729,11.579433598886633,2.2438907071390957
EUR,LSZH,2023-12-01,2023,2023-12-01,C40,8047,25,125624.36667,96357.905,29266.46167,15.611329274263701,11.974388592021871,3.6369406822418293
EUR,LTFM,2023-12-01,2023,2023-12-01,C40,13725,1382,207537.46666,155583.75583,51953.710830000004,15.121126896903462,11.33579277449909,3.7853341224043717
EUR,EGKK,2023-12-01,2023,2023-12-01,C40,7924,0,156011.43334,102271.45417,53739.97917,19.688469628975263,12.906543938667339,6.781925690307925
EUR,EGLL,2023-12-01,2023,2023-12-01,C40,16602,22,375718.66667,223090.59667,152628.07,22.630928000843273,13.437573585712565,9.193354415130708
EUR,LFPG,2024-01-01,2024,2024-01-01,C40,12812,161,199098.30000000002,169067.51417,30030.78583,15.539985950671246,13.196028268029973,2.343957682641274
EUR,EDDF,2024-01-01,2024,2024-01-01,C40,13660,17,215966.25,173912.0175,42054.2325,15.810120790629576,12.731480051244509,3.0786407393850657
EUR,EDDM,2024-01-01,2024,2024-01-01,C40,9655,0,137185.58333,112139.345,25046.23833,14.208760572760227,11.614639564992233,2.594121007767996
EUR,LGAV,2024-01-01,2024,2024-01-01,C40,5940,90,85077.45,64663.63667,20413.81333,14.32280303030303,10.88613411952862,3.436668910774411
EUR,EHAM,2024-01-01,2024,2024-01-01,C40,16124,126,235085.9,187943.00083,47142.89917,14.579874720912924,11.656102755519722,2.9237719653932026
EUR,LPPT,2024-01-01,2024,2024-01-01,C40,6866,12,109364.46665999999,85776.27333,23588.19333,15.928410524322748,12.492903193999418,3.435507330323332
EUR,LEBL,2024-01-01,2024,2024-01-01,C40,9622,221,132551.13334,110073.39917,22477.73417,13.775840089378507,11.439762956765746,2.3360771326127625
EUR,LEMD,2024-01-01,2024,2024-01-01,C40,12581,50,174158.31665999998,145835.39583,28322.92083,13.842962932994196,11.591717338049438,2.251245594944758
EUR,LSZH,2024-01-01,2024,2024-01-01,C40,7798,23,120387.85,93839.55833,26548.29167,15.43829828161067,12.033798195691203,3.4045000859194663
EUR,LTFM,2024-01-01,2024,2024-01-01,C40,13626,42,235645.80000000002,170814.355,64831.445,17.293835314839278,12.535913327462206,4.757921987377073
EUR,EGKK,2024-01-01,2024,2024-01-01,C40,6496,0,106660.16665999999,84177.88333,22482.28333,16.419360631157634,12.958418000307882,3.4609426308497535
EUR,EGLL,2024-01-01,2024,2024-01-01,C40,16303,63,332993.76667000004,221914.45167,111079.315,20.425306181070972,13.611878284364842,6.813427896706128
EUR,LFPG,2024-02-01,2024,2024-02-01,C40,12747,111,196286.2,167392.23417,28893.96583,15.398619282968543,13.131892537067547,2.2667267459009963
EUR,EDDF,2024-02-01,2024,2024-02-01,C40,13283,33,206480.55000000002,166920.78583,39559.76417,15.544722577730935,12.56649746518106,2.9782251125498758
EUR,EDDM,2024-02-01,2024,2024-02-01,C40,9749,0,135939.4,113332.81417,22606.58583,13.943932711047287,11.62507069135296,2.3188620196943277
EUR,LGAV,2024-02-01,2024,2024-02-01,C40,5698,76,79476.73333,62503,16973.73333,13.948180647595649,10.969287469287469,2.9788931783081782
EUR,EHAM,2024-02-01,2024,2024-02-01,C40,16127,36,240545.36666,191092.53333,49452.83333,14.915692110125876,11.849230069448751,3.0664620406771252
EUR,LPPT,2024-02-01,2024,2024-02-01,C40,6862,4,109744.3,85058.19167,24686.10833,15.99304867385602,12.39553944476829,3.5975092290877293
EUR,LEBL,2024-02-01,2024,2024-02-01,C40,9610,84,136420.16666000002,110706.79833,25713.36833,14.195646894901147,11.519958202913632,2.675688691987513
EUR,LEMD,2024-02-01,2024,2024-02-01,C40,12299,67,174820.06666,143182.28583,31637.78083,14.214169173103505,11.6417827327425,2.572386440361005
EUR,LSZH,2024-02-01,2024,2024-02-01,C40,7630,2,113441.90000000001,90424.75083,23017.14917,14.867876802096987,11.85121242857143,3.016664373525557
EUR,LTFM,2024-02-01,2024,2024-02-01,C40,12741,78,214164,160388.13667,53775.86333,16.809041676477513,12.588347592025745,4.22069408445177
EUR,EGKK,2024-02-01,2024,2024-02-01,C40,7235,0,126927.06666,93733.75833,33193.30833,17.543478460262612,12.955598939875605,4.587879520387007
EUR,EGLL,2024-02-01,2024,2024-02-01,C40,15971,35,352212,216875.26667,135336.73333,22.053221463903323,13.579316678354518,8.473904785548806
EUR,LFPG,2024-03-01,2024,2024-03-01,C40,14715,156,225355.18334000002,194439.91667,30915.26667,15.314657379544684,13.213721826027863,2.1009355535168197
EUR,EDDF,2024-03-01,2024,2024-03-01,C40,14982,17,229982.58333000002,191109.26083,38873.3225,15.350592933520225,12.755924498064346,2.5946684354558807
EUR,EDDM,2024-03-01,2024,2024-03-01,C40,10644,0,146711.03333,122764.39083,23946.6425,13.783449204246525,11.533670690529876,2.249778513716648
EUR,LGAV,2024-03-01,2024,2024-03-01,C40,6563,3,94674.38333000001,73727.9275,20946.45583,14.425473614200824,11.233875895169893,3.191597719030931
EUR,EHAM,2024-03-01,2024,2024-03-01,C40,17508,13,260575.4,208958.70333,51616.69667,14.883219099840073,11.93504131425634,2.948177785583733
EUR,LPPT,2024-03-01,2024,2024-03-01,C40,7701,10,135261.38333,94680.75333,40580.63,17.56413236332944,12.294605029216985,5.2695273341124524
EUR,LEBL,2024-03-01,2024,2024-03-01,C40,11010,155,163704.1,127094.73333,36609.36667,14.868673932788374,11.543572509536785,3.32510142325159
EUR,LEMD,2024-03-01,2024,2024-03-01,C40,13626,69,197767.68334,159149.17917,38618.50417,14.513994080434463,11.679816466314398,2.8341776141200645
EUR,LSZH,2024-03-01,2024,2024-03-01,C40,8540,0,133166.05000000002,102914.335,30251.715,15.593214285714287,12.050858899297424,3.5423553864168618
EUR,LTFM,2024-03-01,2024,2024-03-01,C40,13898,85,227679.33333,168957.005,58722.32833,16.382165299323642,12.156929414304217,4.225235885019427
EUR,EGKK,2024-03-01,2024,2024-03-01,C40,8166,0,140786.08333,105614.26083,35171.8225,17.24051963384766,12.933414257898605,4.307105375949058
EUR,EGLL,2024-03-01,2024,2024-03-01,C40,17427,71,374658.16667,242566.1375,132092.02917,21.49871846387789,13.918984191197568,7.579734272680323
EUR,LFPG,2024-04-01,2024,2024-04-01,C40,15686,150,240720.4,205973.52333,34746.87667,15.346194058396021,13.131041905520846,2.215152152875175
EUR,EDDF,2024-04-01,2024,2024-04-01,C40,16712,0,256892.31667,209079.35917,47812.9575,15.371727900311154,12.510732358185736,2.8609955421254187
EUR,EDDM,2024-04-01,2024,2024-04-01,C40,12389,0,176925.66666,143321.78333,33603.88333,14.280867435628378,11.568470686092502,2.7123967495358783
EUR,LGAV,2024-04-01,2024,2024-04-01,C40,7428,32,113462.35,85732.74,27729.61,15.274952880990845,11.541833602584814,3.7331192784060314
EUR,EHAM,2024-04-01,2024,2024-04-01,C40,17781,23,268560.71667,211799.46667,56761.25,15.103802748439344,11.911561029750857,3.1922417186884875
EUR,LPPT,2024-04-01,2024,2024-04-01,C40,7746,10,124566.2,96553.89167,28012.30833,16.081358120320164,12.465000215595145,3.616357904725019
EUR,LEBL,2024-04-01,2024,2024-04-01,C40,12079,25,189765.91667,143011.05667,46754.86,15.71039959185363,11.839643734580676,3.870755857272953
EUR,LEMD,2024-04-01,2024,2024-04-01,C40,13801,189,195336.1,156539.78667,38796.31333,14.15376421998406,11.342640871675966,2.8111233483080933
EUR,LSZH,2024-04-01,2024,2024-04-01,C40,9353,2,153449.56667,115337.5275,38112.03917,16.4064542574575,12.331607772907088,4.074846484550411
EUR,LTFM,2024-04-01,2024,2024-04-01,C40,14326,65,243851.2,174928.76,68922.44,17.021583135557727,12.210579366187352,4.811003769370376
EUR,EGKK,2024-04-01,2024,2024-04-01,C40,8423,0,148379.98333,108662.745,39717.23833,17.616049309034786,12.90071767778701,4.715331631247774
EUR,EGLL,2024-04-01,2024,2024-04-01,C40,17088,40,375743.53333999997,238712.06667,137031.46667,21.988736735720973,13.969573189957865,8.019163545763108
EUR,LFPG,2024-05-01,2024,2024-05-01,C40,16854,135,257834.66666,223486.97083,34347.69583,15.298129029310548,13.260173895217752,2.0379551340927966
EUR,EDDF,2024-05-01,2024,2024-05-01,C40,17644,58,274984.33333,225862.615,49121.71833,15.585146980843346,12.801100374064838,2.7840466067785083
EUR,EDDM,2024-05-01,2024,2024-05-01,C40,13245,0,185734.15000000002,151750.22083,33983.92917,14.022963382408458,11.457170315590789,2.565793066817667
EUR,LGAV,2024-05-01,2024,2024-05-01,C40,8256,29,120711.28333,94674.225,26037.05833,14.62103722504845,11.467323764534884,3.1537134605135657
EUR,EHAM,2024-05-01,2024,2024-05-01,C40,18985,76,272499.51667000004,223155.64,49343.87667,14.353411465367397,11.75431340531999,2.599098060047406
EUR,LPPT,2024-05-01,2024,2024-05-01,C40,8060,32,137480.01666000002,102940.19083,34539.82583,17.05707402729529,12.771735834987593,4.285338192307693
EUR,LEBL,2024-05-01,2024,2024-05-01,C40,12752,21,199636.34999999998,152409.54583,47226.80417,15.655297208281052,11.951815074498118,3.7034821337829364
EUR,LEMD,2024-05-01,2024,2024-05-01,C40,14381,80,203179.93334000002,165024.04417,38155.88917,14.128359178082192,11.475143882205689,2.653215295876504
EUR,LSZH,2024-05-01,2024,2024-05-01,C40,10094,1,156886.76666000002,122511.79833,34374.96833,15.542576447394493,12.137091175946107,3.4054852714483856
EUR,LTFM,2024-05-01,2024,2024-05-01,C40,14965,0,254291.91667,180963.22417,73328.6925,16.992443479452056,12.092430616104243,4.900012863347812
EUR,EGKK,2024-05-01,2024,2024-05-01,C40,9144,0,166344.5,117786.83333,48557.66667,18.191655730533682,12.881324729877514,5.310331000656168
EUR,EGLL,2024-05-01,2024,2024-05-01,C40,17912,98,395215.78333,257806.43833,137409.345,22.06430232972309,14.392945418155426,7.671356911567664
EUR,LFPG,2024-06-01,2024,2024-06-01,C40,17020,238,258520.15000000002,223840.04,34680.11,15.189198002350178,13.151588719153937,2.0376092831962396
EUR,EDDF,2024-06-01,2024,2024-06-01,C40,17217,25,264485.61667,218029.33,46456.28667,15.361887475750713,12.663607480978103,2.6982799947726086
EUR,EDDM,2024-06-01,2024,2024-06-01,C40,12815,0,180589.33333,147284.5175,33304.81583,14.092027571595786,11.493134412797502,2.5988931587982833
EUR,LGAV,2024-06-01,2024,2024-06-01,C40,8743,40,134028.16667,99967.805,34060.36167,15.329768577147433,11.434039231385107,3.895729345762324
EUR,EHAM,2024-06-01,2024,2024-06-01,C40,18523,91,261431.96667,218498.95,42933.01667,14.113910633806618,11.796088646547537,2.3178219872590833
EUR,LPPT,2024-06-01,2024,2024-06-01,C40,7858,39,136733.83334,98810.59417,37923.23917,17.40058963349453,12.5745220374141,4.826067596080428
EUR,LEBL,2024-06-01,2024,2024-06-01,C40,12441,14,201328.65000000002,149481.16667,51847.48333,16.182674222329396,12.01520510167993,4.167469120649466
EUR,LEMD,2024-06-01,2024,2024-06-01,C40,13331,109,189220.6,152725.01667,36495.58333,14.194028955067138,11.456381116945467,2.7376478381216716
EUR,LSZH,2024-06-01,2024,2024-06-01,C40,9796,1,156749,118508.98083,38240.01917,16.001327072274396,12.09769097897101,3.903636093303389
EUR,LTFM,2024-06-01,2024,2024-06-01,C40,14884,0,262381.01667,181297.4575,81083.55917,17.62839402512765,12.180694537758667,5.447699487368986
EUR,EGKK,2024-06-01,2024,2024-06-01,C40,9176,39,178972.38332999998,117449.5,61522.88333,19.504400973190933,12.799640366172625,6.704760607018308
EUR,EGLL,2024-06-01,2024,2024-06-01,C40,17167,29,349138.4,241675.27667,107463.12333,20.337764315256017,14.077898099260208,6.259866215995806
EUR,LFPG,2024-07-01,2024,2024-07-01,C40,17526,256,266301.61667,231749.87417,34551.7425,15.19466031439005,13.2232040494123,1.9714562649777474
EUR,EDDF,2024-07-01,2024,2024-07-01,C40,17708,25,267013.11667,222414.71667,44598.4,15.078671598712447,12.560126308448158,2.5185452902642873
EUR,EDDM,2024-07-01,2024,2024-07-01,C40,12882,0,177843.08333000002,148110.5425,29732.54083,13.805549086322001,11.497480399006367,2.308068687315634
EUR,LGAV,2024-07-01,2024,2024-07-01,C40,9450,6,145670.75,109410.97417,36259.77583,15.41489417989418,11.577880864550265,3.837013315343915
EUR,EHAM,2024-07-01,2024,2024-07-01,C40,18919,77,258692.3,220847.11333,37845.18667,13.673677255668904,11.67329739045404,2.0003798652148634
EUR,LPPT,2024-07-01,2024,2024-07-01,C40,8210,57,148486.61667000002,104999.3,43487.31667,18.086067803897688,12.789196102314252,5.296871701583435
EUR,LEBL,2024-07-01,2024,2024-07-01,C40,12998,33,197742.23333000002,151744.30000000002,45997.93333,15.213281530235422,11.674434528388984,3.5388470018464377
EUR,LEMD,2024-07-01,2024,2024-07-01,C40,14388,79,203028.36667,167414.74417,35613.6225,14.1109512559077,11.635720334306367,2.475230921601334
EUR,LSZH,2024-07-01,2024,2024-07-01,C40,10083,2,159809.13334,123301.40167,36507.73167,15.849363615987306,12.228642434791233,3.620721181196073
EUR,LTFM,2024-07-01,2024,2024-07-01,C40,15456,0,275904.55,189267.225,86637.325,17.85096726190476,12.24555027173913,5.605416990165631
EUR,EGKK,2024-07-01,2024,2024-07-01,C40,9662,39,191419.41667,123332.93667,68086.48,19.811572828606913,12.76474194473194,7.046830883874974
EUR,EGLL,2024-07-01,2024,2024-07-01,C40,17744,11,358543.43333,251747.17583,106796.2575,20.20646039957169,14.1877353375789,6.018725061992787
EUR,LFPG,2024-08-01,2024,2024-08-01,C40,17607,219,263277.75,230988.46,32289.29,14.953015845970352,13.119126483784857,1.8338893621854944
EUR,EDDF,2024-08-01,2024,2024-08-01,C40,17686,34,264203.56666,223227.14333,40976.42333,14.938570997399074,12.621686267669343,2.3168847297297295
EUR,EDDM,2024-08-01,2024,2024-08-01,C40,13303,0,183794.76666,152228.86583,31565.90083,13.81603898819815,11.443198213184996,2.372840775013155
EUR,LGAV,2024-08-01,2024,2024-08-01,C40,9368,16,141250.51667,108812.875,32437.64167,15.077980003202393,11.615379483347565,3.462600519854825
EUR,EHAM,2024-08-01,2024,2024-08-01,C40,19334,82,260702.48334,224558.73167,36143.75167,13.484146236681495,11.61470630340333,1.8694399332781626
EUR,LPPT,2024-08-01,2024,2024-08-01,C40,8304,40,154639.15,108527.055,46112.095,18.62224831406551,13.069250361271676,5.5529979527938345
EUR,LEBL,2024-08-01,2024,2024-08-01,C40,12732,75,187346.91667,150586.3825,36760.53417,14.714649439993718,11.8273941643104,2.8872552756833176
EUR,LEMD,2024-08-01,2024,2024-08-01,C40,13974,122,189709.73333000002,160193.10333,29516.63,13.575907637755833,11.463654167024474,2.1122534707313583
EUR,LSZH,2024-08-01,2024,2024-08-01,C40,10004,34,153981.06667,120805.3275,33175.73917,15.391949887045183,12.075702469012395,3.3162474180327868
EUR,LTFM,2024-08-01,2024,2024-08-01,C40,15777,0,270332.63333,196816.5025,73516.13083,17.134603114026746,12.474900329593712,4.659702784433035
EUR,EGKK,2024-08-01,2024,2024-08-01,C40,9565,36,196659.96665999998,121890.13333,74769.83333,20.560372886565602,12.743349015159435,7.8170238714061675
EUR,EGLL,2024-08-01,2024,2024-08-01,C40,17959,17,386138.31667,254676.05667,131462.26,21.501103439501083,14.180970915418452,7.320132524082633
EUR,LFPG,2024-09-01,2024,2024-09-01,C40,16836,267,259345.91667,222000.54667,37345.37,15.40424784212402,13.186062406153482,2.2181854359705393
EUR,EDDF,2024-09-01,2024,2024-09-01,C40,17480,90,274847.53333,223667.28333,51180.25,15.723543096681922,12.795611174485126,2.9279319221967963
EUR,EDDM,2024-09-01,2024,2024-09-01,C40,13262,0,188171.13333,151485.90833,36685.225,14.188744784346254,11.422553787513197,2.766190996833057
EUR,LGAV,2024-09-01,2024,2024-09-01,C40,8660,57,130773.03333,100009.17,30763.86333,15.100812162817553,11.548403002309469,3.552409160508083
EUR,EHAM,2024-09-01,2024,2024-09-01,C40,18759,39,270721.95,222440.14,48281.81,14.431576843115305,11.8577823977824,2.573794445332907
EUR,LPPT,2024-09-01,2024,2024-09-01,C40,7988,14,149117.06666,103097.29833,46019.76833,18.667634784677016,12.906522074361543,5.761112710315473
EUR,LEBL,2024-09-01,2024,2024-09-01,C40,12689,35,199721.2,150512.16667,49209.03333,15.739711561194737,11.861625555205297,3.8780860059894398
EUR,LEMD,2024-09-01,2024,2024-09-01,C40,14177,177,196285.08334,161184.68917,35100.39417,13.845318709176837,11.369449754531988,2.4758689546448474
EUR,LSZH,2024-09-01,2024,2024-09-01,C40,9953,16,159173.2,121710.74917,37462.45083,15.992484677986537,12.228549097759469,3.7639355802270673
EUR,LTFM,2024-09-01,2024,2024-09-01,C40,15104,0,257865.23333,196365.7375,61499.49583,17.072645215174788,13.00090952727754,4.071735687897246
EUR,EGKK,2024-09-01,2024,2024-09-01,C40,9376,9,208115.95,121135.34333,86980.60667,22.1966670221843,12.919725184513652,9.276941837670648
EUR,EGLL,2024-09-01,2024,2024-09-01,C40,17206,61,397045.58333,250394.9,146650.68333,23.075995776473324,14.552766476810415,8.523229299662908
EUR,LFPG,2024-10-01,2024,2024-10-01,C40,16578,136,259918.05,222762.20083,37155.84917,15.67849258052841,13.437218049825068,2.241274530703342
EUR,EDDF,2024-10-01,2024,2024-10-01,C40,17588,40,275225.6,224096.58667,51129.01333,15.648487605185352,12.74144795712986,2.9070396480554925
EUR,EDDM,2024-10-01,2024,2024-10-01,C40,13355,0,191968.53333,151560.155,40408.37833,14.374281791838262,11.348570198427556,3.0257115934107075
EUR,LGAV,2024-10-01,2024,2024-10-01,C40,8374,31,124835.25,97396.99,27438.26,14.907481490327203,11.630880105087176,3.2766013852400286
EUR,EHAM,2024-10-01,2024,2024-10-01,C40,18984,40,277831.33334,227282.07917,50549.25417,14.635025987147072,11.972296627159714,2.662729359987358
EUR,LPPT,2024-10-01,2024,2024-10-01,C40,8093,20,150361.7,101373.83167,48987.86833,18.57922896330162,12.526112896330162,6.053116066971456
EUR,LEBL,2024-10-01,2024,2024-10-01,C40,12754,21,207124.38332999998,154719.12,52405.26333,16.239954785165438,12.131027128743924,4.108927656421515
EUR,LEMD,2024-10-01,2024,2024-10-01,C40,13396,131,209973.69999999998,157659.65167,52314.04833,15.674358017318601,11.769158828754852,3.90519918856375
EUR,LSZH,2024-10-01,2024,2024-10-01,C40,10143,3,162311.5,122549.55167,39761.94833,16.002316868776497,12.08217999309869,3.9201368756778074
EUR,LTFM,2024-10-01,2024,2024-10-01,C40,14496,1,241298.75,192176.06167,49122.68833,16.64588507174393,13.257178647213024,3.388706424530905
EUR,EGKK,2024-10-01,2024,2024-10-01,C40,9285,0,180276.1,119153.75833,61122.34167,19.415842757135167,12.832930353257943,6.582912403877222
EUR,EGLL,2024-10-01,2024,2024-10-01,C40,17806,82,376357.25,253442.2,122915.05,21.136541053577446,14.233528024261485,6.903013029315961
EUR,LFPG,2024-11-01,2024,2024-11-01,C40,14207,267,222735.31665999998,188892.85833,33842.45833,15.677857159146898,13.29575971915253,2.382097439994369
EUR,EDDF,2024-11-01,2024,2024-11-01,C40,15480,287,245599.08333,192299.3675,53299.71583,15.865573858527132,12.422439760981911,3.4431340975452196
EUR,EDDM,2024-11-01,2024,2024-11-01,C40,11335,0,162033.31667,129364.55,32668.76667,14.29495515394795,11.412840758711955,2.8821143952359947
EUR,LGAV,2024-11-01,2024,2024-11-01,C40,6925,14,99607.23333,80723.5675,18883.66583,14.38371600433213,11.65683285198556,2.726883152346571
EUR,EHAM,2024-11-01,2024,2024-11-01,C40,16861,71,247536.08333,200382.32083,47153.7625,14.680984717988256,11.884367524464741,2.796617193523516
EUR,LPPT,2024-11-01,2024,2024-11-01,C40,7241,28,129302.41667,92860.1725,36442.24417,17.856983382129542,12.824219375776826,5.032764006352713
EUR,LEBL,2024-11-01,2024,2024-11-01,C40,10581,487,152767.61667,121682.155,31085.46167,14.43791859654097,11.500061903411776,2.937856693129194
EUR,LEMD,2024-11-01,2024,2024-11-01,C40,13465,38,209026.78333,156379.61333,52647.17,15.523712092833271,11.613784874118084,3.9099272187151874
EUR,LSZH,2024-11-01,2024,2024-11-01,C40,8302,18,123902.05,98866.4225,25035.6275,14.924361599614551,11.908747590941942,3.0156140086726086
EUR,LTFM,2024-11-01,2024,2024-11-01,C40,13627,0,236580.98333000002,182140.165,54440.81833,17.36119346371175,13.366123504806634,3.995069958905115
EUR,EGKK,2024-11-01,2024,2024-11-01,C40,6956,0,115442.61666999999,89675.63917,25766.9775,16.59612085537665,12.891840018688901,3.7042808366877518
EUR,EGLL,2024-11-01,2024,2024-11-01,C40,16741,68,368326.45,238792.6325,129533.8175,22.00146048623141,14.263940774147304,7.737519712084105
EUR,LFPG,2024-12-01,2024,2024-12-01,C40,15665,109,249337.98333,207811.8,41526.18333,15.916883710820299,13.265994254707946,2.650889456112352
EUR,EDDF,2024-12-01,2024,2024-12-01,C40,14800,9,236670.43334000002,186149.26417,50521.16917,15.991245495945947,12.57765298445946,3.4135925114864865
EUR,EDDM,2024-12-01,2024,2024-12-01,C40,10772,0,154692.53333,123621.24,31071.29333,14.360613937059043,11.476164129223914,2.884449807835128
EUR,LGAV,2024-12-01,2024,2024-12-01,C40,7001,22,102498.78332999999,81057.6175,21441.16583,14.640591819740036,11.578005642051135,3.062586177688902
EUR,EHAM,2024-12-01,2024,2024-12-01,C40,17083,22,261264.95,205739.65333,55525.29667,15.293856465492011,12.043531776034655,3.2503246894573556
EUR,LPPT,2024-12-01,2024,2024-12-01,C40,7553,27,139026.1,101340.54833,37685.55167,18.406739044088443,13.417257822057461,4.989481222030981
EUR,LEBL,2024-12-01,2024,2024-12-01,C40,11000,185,157926.06667,126869.59667,31056.47,14.356915151818182,11.533599697272727,2.8233154545454546
EUR,LEMD,2024-12-01,2024,2024-12-01,C40,14070,40,198530.81667,159356.25417,39174.5625,14.11022151172708,11.325959784648187,2.784261727078891
EUR,LSZH,2024-12-01,2024,2024-12-01,C40,8630,9,130786.31667,103335.295,27451.02167,15.154845500579373,11.973962340672074,3.1808831599073
EUR,LTFM,2024-12-01,2024,2024-12-01,C40,14455,67,250900.93332999997,194008.17083,56892.7625,17.357380375648564,13.42152686475268,3.9358535108958836
EUR,EGKK,2024-12-01,2024,2024-12-01,C40,8017,0,150161.7,102753.25,47408.45,18.730410377946864,12.816920294374455,5.913490083572408
EUR,EGLL,2024-12-01,2024,2024-12-01,C40,17040,24,370521.05000000005,237449.07417,133071.97583,21.744193075117373,13.934804822183098,7.809388252934273
EUR,LFPG,2025-01-01,2025,2025-01-01,C40,14286,131,228481.55,190383.98833,38097.56167,15.993388632227354,13.326612650846982,2.6667759813803724
EUR,EDDF,2025-01-01,2025,2025-01-01,C40,13560,33,216535.58333,169196.08333,47339.5,15.968700835545722,12.47758726622419,3.491113569321534
EUR,EDDM,2025-01-01,2025,2025-01-01,C40,10053,0,142094.7,115077.1925,27017.5075,14.134556848701882,11.447049885606287,2.6875069630955934
EUR,LGAV,2025-01-01,2025,2025-01-01,C40,6318,65,88690.75,71982.97667,16707.77333,14.037788857233302,11.393316978474202,2.644471878759101
EUR,EHAM,2025-01-01,2025,2025-01-01,C40,16301,25,247158.63332999998,195715.64333,51442.99,15.162176144408317,12.0063580964358,3.155818047972517
EUR,LPPT,2025-01-01,2025,2025-01-01,C40,7054,9,128029.83333000001,89641.01833,38388.815,18.14996219591721,12.70782794584633,5.4421342500708825
EUR,LEBL,2025-01-01,2025,2025-01-01,C40,9995,362,142006.96667,113956.9675,28049.99917,14.207800567283641,11.401397448724362,2.8064031185592797
EUR,LEMD,2025-01-01,2025,2025-01-01,C40,13542,45,200485.66667,157601.215,42884.45167,14.804730960714814,11.637957096440703,3.16677386427411
EUR,LSZH,2025-01-01,2025,2025-01-01,C40,8363,32,130840.23332999999,100410.41333,30429.82,15.645131332057872,12.006506436685399,3.638624895372474
EUR,LTFM,2025-01-01,2025,2025-01-01,C40,14310,54,245989.6,193571.22,52418.380000000005,17.19004891684137,13.526989517819706,3.6630593990216633
EUR,EGKK,2025-01-01,2025,2025-01-01,C40,6694,0,109324.91667,86424.61667,22900.3,16.331777213922916,12.910758391096504,3.4210188228264116
EUR,EGLL,2025-01-01,2025,2025-01-01,C40,17082,32,340215.35,239080.65333,101134.69667,19.91659934433907,13.996057448191078,5.920541896147992
EUR,LFPG,2025-02-01,2025,2025-02-01,C40,13468,166,212986.75,180923.4475,32063.3025,15.814282001782002,13.433579410454412,2.3807025913275917
EUR,EDDF,2025-02-01,2025,2025-02-01,C40,13368,34,212761.44999999998,172397.93417,40363.51583,15.915727857570316,12.896314644673847,3.019413212896469
EUR,EDDM,2025-02-01,2025,2025-02-01,C40,9290,0,127897.6,104844.18167,23053.41833,13.767233584499463,11.285703086114102,2.4815304983853608
EUR,LGAV,2025-02-01,2025,2025-02-01,C40,5866,193,85866.56667,66480.925,19385.64167,14.638010001704739,11.333263723150358,3.3047462785543815
EUR,EHAM,2025-02-01,2025,2025-02-01,C40,15809,35,237155.51666000002,189445.16583,47710.35083,15.001297783541022,11.983374396229996,3.0179233873110256
EUR,LPPT,2025-02-01,2025,2025-02-01,C40,6731,17,126381.13334,86202.56667,40178.56667,18.775981776853364,12.806799386421037,5.969182390432328
EUR,LEBL,2025-02-01,2025,2025-02-01,C40,10010,172,145246.55,117436.26,27810.29,14.510144855144855,11.731894105894105,2.7782507492507493
EUR,LEMD,2025-02-01,2025,2025-02-01,C40,12607,24,174387.31667,143492.95417,30894.3625,13.832578461965575,11.382006359165544,2.450572102800032
EUR,LSZH,2025-02-01,2025,2025-02-01,C40,7847,1,117335.1,93447.53417,23887.56583,14.952860965974258,11.908695574104753,3.0441653918695044
EUR,LTFM,2025-02-01,2025,2025-02-01,C40,12177,204,213089.11667000002,161694.1325,51394.98417,17.49931154389423,13.278650940297283,4.220660603596945
EUR,EGKK,2025-02-01,2025,2025-02-01,C40,7212,0,121844.05,92531.16667,29312.88333,16.89462701053799,12.830167314198558,4.064459696339434
EUR,EGLL,2025-02-01,2025,2025-02-01,C40,15848,119,325628.51666,227094.91583,98533.60083,20.546978587834428,14.329563088717821,6.2174154991166075
EUR,LFPG,2025-03-01,2025,2025-03-01,C40,15661,149,246010.15,212186.4,33823.75,15.708457314347742,13.548713364408403,2.15974394993934
EUR,EDDF,2025-03-01,2025,2025-03-01,C40,15674,53,254751.55000000002,204217.60083,50533.94917,16.253129386244737,13.029067298073244,3.224062088171494
EUR,EDDM,2025-03-01,2025,2025-03-01,C40,11219,0,154247.55,127167.93083,27079.61917,13.748778857295658,11.33505043497638,2.41372842231928
EUR,LGAV,2025-03-01,2025,2025-03-01,C40,7267,93,104430.78332999999,82957.47333,21473.31,14.37054951561855,11.415642401265996,2.9549071143525527
EUR,EHAM,2025-03-01,2025,2025-03-01,C40,17858,73,258673.15000000002,212320.8225,46352.3275,14.485001119946244,11.889395369022287,2.5956057509239554
EUR,LPPT,2025-03-01,2025,2025-03-01,C40,7771,23,146483.25,100247.29417,46235.95583,18.84998713164329,12.900179406768755,5.949807724874534
EUR,LEBL,2025-03-01,2025,2025-03-01,C40,11638,75,189339.66666000002,143865.25333,45474.41333,16.26908976284585,12.361681846537206,3.907407916308644
EUR,LEMD,2025-03-01,2025,2025-03-01,C40,14150,31,210642.15,164292.71,46349.44,14.886371024734983,11.610792226148408,3.2755787985865727
EUR,LSZH,2025-03-01,2025,2025-03-01,C40,9066,60,135005.11667,107832.415,27172.70167,14.891365174277519,11.894155636443855,2.997209537833664
EUR,LTFM,2025-03-01,2025,2025-03-01,C40,13945,78,240866.48334,189373.32667,51493.15667,17.272605474363573,13.580016254571532,3.69258921979204
EUR,EGKK,2025-03-01,2025,2025-03-01,C40,8352,0,140006.9,107353.31667,32653.58333,16.76327825670498,12.853605923132184,3.909672333572797
EUR,EGLL,2025-03-01,2025,2025-03-01,C40,16379,121,333640.71667,233114.68,100526.03667,20.370029713047195,14.232534342755967,6.1374953702912265
EUR,LFPG,2025-04-01,2025,2025-04-01,C40,16275,511,256198.36666,217759.19333,38439.17333,15.741835125038403,13.379981156989247,2.361853968049155
EUR,EDDF,2025-04-01,2025,2025-04-01,C40,17422,57,281709.1,226558.10167,55150.99833,16.169733670072322,13.004138541499254,3.165595128573069
EUR,EDDM,2025-04-01,2025,2025-04-01,C40,12814,0,181430.5,144723.63667,36706.86333,14.158771656001248,11.294181104260964,2.864590551740284
EUR,LGAV,2025-04-01,2025,2025-04-01,C40,7905,41,115980.36666999999,91484.135,24496.23167,14.671773139784944,11.572945604048071,3.0988275357368753
EUR,EHAM,2025-04-01,2025,2025-04-01,C40,18440,129,261237.03332999998,215152.41833,46084.615,14.166867317245117,11.667701644793926,2.499165672451193
EUR,LPPT,2025-04-01,2025,2025-04-01,C40,7700,36,144661.18333,99549.185,45111.99833,18.787166666233766,12.928465584415584,5.858701081818182
EUR,LEBL,2025-04-01,2025,2025-04-01,C40,12579,0,200105.36667,153030.18167,47075.185,15.907891459575483,12.165528394148978,3.7423630654265043
EUR,LEMD,2025-04-01,2025,2025-04-01,C40,13921,22,201760.4,162736.2175,39024.1825,14.493240428130163,11.689980425256806,2.803260002873357
EUR,LSZH,2025-04-01,2025,2025-04-01,C40,9566,20,149581.61667,115495.67167,34085.945,15.636798731967383,12.073559656073593,3.5632390758937906
EUR,LTFM,2025-04-01,2025,2025-04-01,C40,14901,41,269462.13333,202665.65,66796.48333,18.08349327763237,13.600808670559022,4.482684607073351
EUR,EGKK,2025-04-01,2025,2025-04-01,C40,8271,0,139951.66667,106014.91667,33936.75,16.92076734010398,12.817666143150769,4.10310119695321
EUR,EGLL,2025-04-01,2025,2025-04-01,C40,17089,137,355417.1,247598.895,107818.205,20.79800456433963,14.488787816724209,6.309216747615425
EUR,LFPG,2025-05-01,2025,2025-05-01,C40,17145,217,273966.31667,231663.65,42302.66667,15.979371051035285,13.512023913677456,2.46734713735783
EUR,EDDF,2025-05-01,2025,2025-05-01,C40,18696,38,299929.38334,239853.66167,60075.72167,16.042435993795465,12.829143221544715,3.2132927722507487
EUR,EDDM,2025-05-01,2025,2025-05-01,C40,14077,0,203670.65000000002,161305.98167,42364.66833,14.46832776870072,11.458832256162536,3.009495512538183
EUR,LGAV,2025-05-01,2025,2025-05-01,C40,8684,73,128652,100151.85667,28500.14333,14.814831874712114,11.532917626669736,3.281914248042377
EUR,EHAM,2025-05-01,2025,2025-05-01,C40,19283,147,271551.85000000003,224450.0775,47101.7725,14.08244827049733,11.639790359383914,2.442657911113416
EUR,LPPT,2025-05-01,2025,2025-05-01,C40,8175,33,148212.71666,107683.68583,40529.03083,18.12999592171254,13.172316309480122,4.9576796122324165
EUR,LEBL,2025-05-01,2025,2025-05-01,C40,13385,1,215533.53334,160159.47667,55374.05667,16.10261735823683,11.965594073216288,4.137023285020545
EUR,LEMD,2025-05-01,2025,2025-05-01,C40,14543,47,205908.59999999998,167864.51583,38044.08417,14.1586055146806,11.54263328267895,2.6159722320016505
EUR,LSZH,2025-05-01,2025,2025-05-01,C40,10349,1,162182.21667,125854.45167,36327.765,15.671293523045705,12.16102538119625,3.510268141849454
EUR,LTFM,2025-05-01,2025,2025-05-01,C40,15318,352,268416.21666,204815.24583,63600.97083,17.522928362710534,13.370886919310616,4.152041443399922
EUR,EGKK,2025-05-01,2025,2025-05-01,C40,9048,1,167050.56667,115634.8,51415.76667,18.462706307471265,12.780150309460655,5.68255599801061
EUR,EGLL,2025-05-01,2025,2025-05-01,C40,17555,120,373258.85,252144.63417,121114.21583,21.262252919396182,14.363123564226717,6.8991293551694675
EUR,LFPG,2025-06-01,2025,2025-06-01,C40,17013,198,261181.44999999998,224723.89667,36457.55333,15.351875036736612,13.208951782166578,2.142923254570035
EUR,EDDF,2025-06-01,2025,2025-06-01,C40,18258,36,284677.56667000003,230130.32167,54547.245,15.591935955197723,12.604355442545733,2.9875805126519883
EUR,EDDM,2025-06-01,2025,2025-06-01,C40,13767,0,198599.33334,158560.19917,40039.13417,14.425752403573764,11.517411140408223,2.9083412631655405
EUR,LGAV,2025-06-01,2025,2025-06-01,C40,9205,4,143560.68334,107811.91167,35748.77167,15.595946044541009,11.712320659424226,3.8836253851167846
EUR,EHAM,2025-06-01,2025,2025-06-01,C40,18395,69,260525.08333,218198.88333,42326.2,14.162820512639303,11.861858294645284,2.30096221799402
EUR,LPPT,2025-06-01,2025,2025-06-01,C40,7993,56,146215.65,106454.9325,39760.7175,18.292962592268236,13.318520267734266,4.9744423245339675
EUR,LEBL,2025-06-01,2025,2025-06-01,C40,13131,1,207840.38332999998,156988.6825,50851.70083,15.828222018886603,11.955577069530118,3.8726449493564847
EUR,LEMD,2025-06-01,2025,2025-06-01,C40,14169,72,196655.34999999998,162792.675,33862.675,13.87926812054485,11.489355282659325,2.3899128378855248
EUR,LSZH,2025-06-01,2025,2025-06-01,C40,10241,1,161974.58334,125118.33917,36856.24417,15.816285845132313,12.217394704618691,3.5988911405136217
EUR,LTFM,2025-06-01,2025,2025-06-01,C40,15686,97,275478.36666,213144.56333,62333.80333,17.562053210506186,13.588203705852353,3.9738495046538316
EUR,EGKK,2025-06-01,2025,2025-06-01,C40,9025,0,166586.26667,114413.85167,52172.415,18.458312096398892,12.677435088088643,5.78087700831025
EUR,EGLL,2025-06-01,2025,2025-06-01,C40,16803,9,330210.81667000003,231626.64167,98584.175,19.65189648693686,13.784838521097424,5.867057965839433
EUR,LFPG,2025-07-01,2025,2025-07-01,C40,17477,146,267910.45,230248.74167,37661.70833,15.329315672026093,13.17438585970132,2.1549298123247698
EUR,EDDF,2025-07-01,2025,2025-07-01,C40,18570,15,277744.65,229042.28333,48702.36667,14.956631663974154,12.333994794291868,2.6226368696822835
EUR,EDDM,2025-07-01,2025,2025-07-01,C40,13883,0,199629.51666999998,160611.99667,39017.52,14.379422075199884,11.568969003097314,2.8104530721025713
EUR,LGAV,2025-07-01,2025,2025-07-01,C40,9824,87,148612.65000000002,112851.6325,35761.0175,15.127509161237787,11.487340441775245,3.6401687194625407
EUR,EHAM,2025-07-01,2025,2025-07-01,C40,19440,112,273540.45,230018.93083,43521.51917,14.071010802469136,11.83224952829218,2.2387612741769547
EUR,LPPT,2025-07-01,2025,2025-07-01,C40,8254,27,158754.25,111218.715,47535.535,19.23361400533075,13.474523261448994,5.759090743881755
EUR,LEBL,2025-07-01,2025,2025-07-01,C40,13217,23,206296.9,156585.2675,49711.6325,15.608451237043202,11.84726242717712,3.7611888098660815
EUR,LEMD,2025-07-01,2025,2025-07-01,C40,14666,54,203995.16666,170028.30583,33966.86083,13.909393608345834,11.593366005045684,2.31602760330015
EUR,LSZH,2025-07-01,2025,2025-07-01,C40,10598,2,169067.35,129520.32333,39547.02667,15.952759954708435,12.221204314965087,3.731555639743348
EUR,LTFM,2025-07-01,2025,2025-07-01,C40,16771,60,298668.18332999997,227126.82583,71541.3575,17.808609106791483,13.542831425079005,4.26577768171248
EUR,EGKK,2025-07-01,2025,2025-07-01,C40,9407,0,180948.65,118797.01667,62151.63333,19.235532050600614,12.628576237907941,6.606955812692675
EUR,EGLL,2025-07-01,2025,2025-07-01,C40,17837,16,344306.58334,243822.21667,100484.36667,19.302942386051466,13.669463288108986,5.633479097942479
EUR,LFPG,2025-08-01,2025,2025-08-01,C40,17864,105,279446.48334,239782.36667,39664.11667,15.642996156515897,13.42265823275862,2.2203379237572776
EUR,EDDF,2025-08-01,2025,2025-08-01,C40,18844,41,290010.86666,240021.60833,49989.25833,15.390090567819996,12.737296132986627,2.6527944348333685
EUR,EDDM,2025-08-01,2025,2025-08-01,C40,13694,0,193081.5,158331.26333,34750.23667,14.099715203738864,11.562090209580838,2.5376249941580253
EUR,LGAV,2025-08-01,2025,2025-08-01,C40,9737,26,148035.21666,113171.67333,34863.54333,15.203370305022082,11.622848241758243,3.580522063263839
EUR,EHAM,2025-08-01,2025,2025-08-01,C40,19641,48,278374.26665999996,234397.57583,43976.69083,14.17312085229876,11.93409581131307,2.2390250409856933
EUR,LPPT,2025-08-01,2025,2025-08-01,C40,8420,43,159369.2,113446.68333,45922.51667,18.92745843230404,13.47347783016627,5.453980602137767
EUR,LEBL,2025-08-01,2025,2025-08-01,C40,13162,5,199035.15,156623.77167,42411.37833,15.121953350554627,11.899693942409968,3.2222594081446587
EUR,LEMD,2025-08-01,2025,2025-08-01,C40,14355,84,194831.48334,165202.48667,29628.99667,13.572377801462906,11.508358528039011,2.0640192734238942
EUR,LSZH,2025-08-01,2025,2025-08-01,C40,10656,10,163127.6,129463.245,33664.355,15.308521021021022,12.149328547297296,3.159192473723724
EUR,LTFM,2025-08-01,2025,2025-08-01,C40,16853,31,304799.71666000003,227905.69833,76894.01833,18.085783935204418,13.523153048715363,4.562630886489052
EUR,EGKK,2025-08-01,2025,2025-08-01,C40,9616,0,192151.91667,122168.2,69983.71667,19.98252045237105,12.704679700499169,7.27784075187188
EUR,EGLL,2025-08-01,2025,2025-08-01,C40,17979,39,352542.81667,250643.7125,101899.10417,19.608588724066966,13.940915095389064,5.667673628677902
EUR,LFPG,2025-09-01,2025,2025-09-01,C40,16866,142,269207.33333,225165.78333,44041.55,15.961539981619827,13.350277678762007,2.6112623028578206
EUR,EDDF,2025-09-01,2025,2025-09-01,C40,18499,18,297873.35000000003,237069.25833,60804.09167,16.102132547705285,12.815247220390292,3.28688532731499
EUR,EDDM,2025-09-01,2025,2025-09-01,C40,14089,0,203348.35,162617.47333,40730.87667,14.433128681950459,11.542158657818156,2.8909700241323018
EUR,LGAV,2025-09-01,2025,2025-09-01,C40,9056,5,135689.23333000002,105529.62333,30159.61,14.983351736969967,11.653006109761485,3.3303456272084806
EUR,EHAM,2025-09-01,2025,2025-09-01,C40,18631,41,271154.18333,224519.9525,46634.23083,14.553925357200367,12.050880387526167,2.5030449696741988
EUR,LPPT,2025-09-01,2025,2025-09-01,C40,8019,29,151437.51666999998,109222.27917,42215.2375,18.88483809327846,13.620436359895248,5.264401733383215
EUR,LEBL,2025-09-01,2025,2025-09-01,C40,12884,13,206084.51666999998,156104.74167,49979.775,15.995383162837626,12.116170573579632,3.8792125892579947
EUR,LEMD,2025-09-01,2025,2025-09-01,C40,13923,48,192127.73333000002,160080.37833,32047.355,13.799305704948647,11.497549258780436,2.301756446168211
EUR,LSZH,2025-09-01,2025,2025-09-01,C40,10391,4,163759.15,126297.43583,37461.71417,15.759710326243864,12.154502533923589,3.605207792320277
EUR,LTFM,2025-09-01,2025,2025-09-01,C40,16074,92,288077.01667,216874.965,71202.05167,17.92192464041309,13.492283501306458,4.429641139106632
EUR,EGKK,2025-09-01,2025,2025-09-01,C40,9089,0,181773.48333999998,115148.96667,66624.51667,19.999283016833534,12.669046833535042,7.330236183298492
EUR,EGLL,2025-09-01,2025,2025-09-01,C40,16704,46,345094.98333,231404.63333,113690.35,20.65942189475575,13.853246727131227,6.806175167624521
EUR,LFPG,2025-10-01,2025,2025-10-01,C40,16874,122,279191.35,228517.56667,50673.78333,16.54565307573782,13.542584252103829,3.003068823633993
EUR,EDDF,2025-10-01,2025,2025-10-01,C40,18817,24,299284.9,239524.62667,59760.273330000004,15.905027368868577,12.729161219641814,3.175866149226763
EUR,EDDM,2025-10-01,2025,2025-10-01,C40,13832,0,203428.08333,159758.5425,43669.54083,14.707062126229033,11.54992354684789,3.157138579381145
EUR,LGAV,2025-10-01,2025,2025-10-01,C40,8799,67,132551.95,102097.40833,30454.54167,15.06443345834754,11.603296775769975,3.4611366825775653
EUR,EHAM,2025-10-01,2025,2025-10-01,C40,19122,56,281295.05,230455.68583,50839.36417,14.710545445037129,12.051860988913294,2.6586844561238365
EUR,LPPT,2025-10-01,2025,2025-10-01,C40,8181,19,149398.71666,107966.85333,41431.86333,18.26166931426476,13.19726846718005,5.064400847084708
EUR,LEBL,2025-10-01,2025,2025-10-01,C40,13265,12,215067.43333,158133.4,56934.03333,16.213149892951375,11.921100640784017,4.292049252167358
EUR,LEMD,2025-10-01,2025,2025-10-01,C40,15209,9,214969.5,175160.84333,39808.65667,14.134361233480176,11.516920463541325,2.617440769938852
EUR,LSZH,2025-10-01,2025,2025-10-01,C40,10543,5,168712.48334,129088.29917,39624.18417,16.00232223655506,12.24398171013943,3.758340526415631
EUR,LTFM,2025-10-01,2025,2025-10-01,C40,16219,55,299262.86667,221629.58917,77633.2775,18.4513759584438,13.664812206054627,4.786563752389173
EUR,EGKK,2025-10-01,2025,2025-10-01,C40,8878,0,157968.41666,112708.23333,45260.18333,17.793243597657128,12.695227903807163,5.098015693849966
EUR,EGLL,2025-10-01,2025,2025-10-01,C40,17971,32,364976.71666000003,247079.93333,117896.78333,20.30920464414891,13.748813829503089,6.560390814645818
EUR,LFPG,2025-11-01,2025,2025-11-01,C40,15158,78,247501.53334000002,202624.64167,44876.89167,16.328112768175224,13.367505058055153,2.9606077101200685
EUR,EDDF,2025-11-01,2025,2025-11-01,C40,16059,42,244130.63332999998,199679.925,44450.70833,15.202106814247461,12.434144405006538,2.767962409240924
EUR,EDDM,2025-11-01,2025,2025-11-01,C40,11263,1,156889.23333,130494.07333,26395.16,13.92961318742786,11.586084820207759,2.343528367220101
EUR,LGAV,2025-11-01,2025,2025-11-01,C40,7349,69,110064.11666999999,84070.80917,25993.3075,14.976747403728396,11.43976175942305,3.5369856443053473
EUR,EHAM,2025-11-01,2025,2025-11-01,C40,17218,57,252116.23334,207733.16667,44383.06667,14.642596895109769,12.064883649088165,2.5777132460216055
EUR,LPPT,2025-11-01,2025,2025-11-01,C40,7371,20,136894.25,96294.725,40599.525,18.572005155338488,13.063997422330756,5.508007733007733
EUR,LEBL,2025-11-01,2025,2025-11-01,C40,11172,231,165699.28333,129081.23333,36618.05,14.831658013784462,11.553995106516291,3.2776629072681707
EUR,LEMD,2025-11-01,2025,2025-11-01,C40,14244,3,208405.81667,166414.625,41991.19167,14.631130066694748,11.683138514462229,2.947991552232519
EUR,LSZH,2025-11-01,2025,2025-11-01,C40,8802,6,133100.85,105301.5525,27799.2975,15.121659850034083,11.963366564417178,3.1582932856169053
EUR,LTFM,2025-11-01,2025,2025-11-01,C40,14749,84,264890.28333,202606.275,62284.00833,17.959880895653942,13.736949962709335,4.222930932944606
EUR,EGKK,2025-11-01,2025,2025-11-01,C40,6750,0,103100.93333,86681.55,16419.38333,15.274212345185186,12.841711111111112,2.432501234074074
EUR,EGLL,2025-11-01,2025,2025-11-01,C40,17056,34,338320.16666,233234.77083,105085.39583,19.83584466815197,13.674646507387429,6.16119816076454
EUR,LFPG,2025-12-01,2025,2025-12-01,C40,16205,106,266145.13334,218495.92917,47649.20417,16.42364290897871,13.483241540882442,2.9404013680962664
EUR,EDDF,2025-12-01,2025,2025-12-01,C40,15502,53,245328.66666000002,198571.13083,46757.53583,15.825613898851762,12.809387874467811,3.0162260243839505
EUR,EDDM,2025-12-01,2025,2025-12-01,C40,10866,0,154523.01667,124650.02167,29872.995000000003,14.22078195011964,11.471564666850727,2.7492172832689126
EUR,LGAV,2025-12-01,2025,2025-12-01,C40,7276,405,102746.2,82372.5925,20373.6075,14.121247938427707,11.321136957119297,2.800110981308411
EUR,EHAM,2025-12-01,2025,2025-12-01,C40,17324,14,260517.5,209590.33833,50927.16167,15.037953128607711,12.098264738513045,2.9396883900946666
EUR,LPPT,2025-12-01,2025,2025-12-01,C40,7513,36,141001.33334,99614.66667,41386.66667,18.76764719020365,13.258973335551712,5.508673854651937
EUR,LEBL,2025-12-01,2025,2025-12-01,C40,11543,264,174287.63334,136680.39167,37607.24167,15.098989287013774,11.840976493979037,3.25801279303474
EUR,LEMD,2025-12-01,2025,2025-12-01,C40,14759,4,205148.98333999998,167954.15417,37194.82917,13.899924340402464,11.379778722813198,2.5201456175892676
EUR,LSZH,2025-12-01,2025,2025-12-01,C40,9244,1,142975.3,110172.34083,32802.95917,15.466821722198182,11.918254092384249,3.5485676298139337
EUR,LTFM,2025-12-01,2025,2025-12-01,C40,15063,11,269767.18334,208245.35167,61521.83167,17.909259997344485,13.824958618469097,4.08430137887539
EUR,EGKK,2025-12-01,2025,2025-12-01,C40,7974,0,131552.81667,101453.25,30099.56667,16.49771967268623,12.72300601956358,3.7747136531226486
EUR,EGLL,2025-12-01,2025,2025-12-01,C40,17564,47,367540.7,243754.38333,123786.31667,20.92579708494648,13.878067827943521,7.047729257002961
