DATE,FLTS,D,A,I,O,J,H,M,L,NN,MAINLINE,LOW_COST,REGIONAL,CHARTER,ALL_CARGO,BUSINESS_AVIATION,MILITARY,OTHER_SEGMENT,MS_NA,SCHED,CARGO,OTHER,REG
2023-01-01,2928,227,246,2287,168,0,0,0,0,2928,0,0,0,0,0,0,0,0,2928,0,0,2928,BRA
2023-01-02,4848,318,275,4085,170,0,0,0,0,4848,0,0,0,0,0,0,0,0,4848,0,0,4848,BRA
2023-01-03,4906,314,281,4136,175,0,0,0,0,4906,0,0,0,0,0,0,0,0,4906,0,0,4906,BRA
2023-01-04,4541,287,252,3844,158,0,0,0,0,4541,0,0,0,0,0,0,0,0,4541,0,0,4541,BRA
2023-01-05,4829,280,278,4083,188,0,0,0,0,4829,0,0,0,0,0,0,0,0,4829,0,0,4829,BRA
2023-01-06,4638,267,249,3952,170,0,0,0,0,4638,0,0,0,0,0,0,0,0,4638,0,0,4638,BRA
2023-01-07,3968,258,242,3285,183,0,0,0,0,3968,0,0,0,0,0,0,0,0,3968,0,0,3968,BRA
2023-01-08,4140,275,291,3399,175,0,0,0,0,4140,0,0,0,0,0,0,0,0,4140,0,0,4140,BRA
2023-01-09,4695,290,269,3954,182,0,0,0,0,4695,0,0,0,0,0,0,0,0,4695,0,0,4695,BRA
2023-01-10,4713,289,275,3965,184,0,0,0,0,4713,0,0,0,0,0,0,0,0,4713,0,0,4713,BRA
2023-01-11,4746,270,260,4050,166,0,0,0,0,4746,0,0,0,0,0,0,0,0,4746,0,0,4746,BRA
2023-01-12,5052,289,287,4294,182,0,0,0,0,5052,0,0,0,0,0,0,0,0,5052,0,0,5052,BRA
2023-01-13,5067,310,286,4286,185,0,0,0,0,5067,0,0,0,0,0,0,0,0,5067,0,0,5067,BRA
2023-01-14,4251,279,291,3516,165,0,0,0,0,4251,0,0,0,0,0,0,0,0,4251,0,0,4251,BRA
2023-01-15,4193,304,311,3390,188,0,0,0,0,4193,0,0,0,0,0,0,0,0,4193,0,0,4193,BRA
2023-01-16,4865,283,251,4150,181,0,0,0,0,4865,0,0,0,0,0,0,0,0,4865,0,0,4865,BRA
2023-01-17,4945,302,287,4178,178,0,0,0,0,4945,0,0,0,0,0,0,0,0,4945,0,0,4945,BRA
2023-01-18,4956,290,273,4238,155,0,0,0,0,4956,0,0,0,0,0,0,0,0,4956,0,0,4956,BRA
2023-01-19,5123,311,312,4335,165,0,0,0,0,5123,0,0,0,0,0,0,0,0,5123,0,0,5123,BRA
2023-01-20,5197,321,278,4430,168,0,0,0,0,5197,0,0,0,0,0,0,0,0,5197,0,0,5197,BRA
2023-01-21,4347,285,266,3617,179,0,0,0,0,4347,0,0,0,0,0,0,0,0,4347,0,0,4347,BRA
2023-01-22,4144,263,274,3435,172,0,0,0,0,4144,0,0,0,0,0,0,0,0,4144,0,0,4144,BRA
2023-01-23,4758,269,259,4075,155,0,0,0,0,4758,0,0,0,0,0,0,0,0,4758,0,0,4758,BRA
2023-01-24,4871,290,288,4117,176,0,0,0,0,4871,0,0,0,0,0,0,0,0,4871,0,0,4871,BRA
2023-01-25,5337,287,280,4591,179,0,0,0,0,5337,0,0,0,0,0,0,0,0,5337,0,0,5337,BRA
2023-01-26,5352,302,282,4570,198,0,0,0,0,5352,0,0,0,0,0,0,0,0,5352,0,0,5352,BRA
2023-01-27,5498,311,287,4712,188,0,0,0,0,5498,0,0,0,0,0,0,0,0,5498,0,0,5498,BRA
2023-01-28,4525,289,284,3784,168,0,0,0,0,4525,0,0,0,0,0,0,0,0,4525,0,0,4525,BRA
2023-01-29,4306,267,285,3595,159,0,0,0,0,4306,0,0,0,0,0,0,0,0,4306,0,0,4306,BRA
2023-01-30,4754,327,320,3915,192,0,0,0,0,4754,0,0,0,0,0,0,0,0,4754,0,0,4754,BRA
2023-01-31,4812,263,263,4108,178,0,0,0,0,4812,0,0,0,0,0,0,0,0,4812,0,0,4812,BRA
2023-02-01,4930,280,263,4234,153,0,0,0,0,4930,0,0,0,0,0,0,0,0,4930,0,0,4930,BRA
2023-02-02,5066,265,273,4355,173,0,0,0,0,5066,0,0,0,0,0,0,0,0,5066,0,0,5066,BRA
2023-02-03,5202,297,256,4476,173,0,0,0,0,5202,0,0,0,0,0,0,0,0,5202,0,0,5202,BRA
2023-02-04,4302,294,265,3570,173,0,0,0,0,4302,0,0,0,0,0,0,0,0,4302,0,0,4302,BRA
2023-02-05,4239,281,286,3495,177,0,0,0,0,4239,0,0,0,0,0,0,0,0,4239,0,0,4239,BRA
2023-02-06,4907,280,263,4195,169,0,0,0,0,4907,0,0,0,0,0,0,0,0,4907,0,0,4907,BRA
2023-02-07,4975,286,284,4219,186,0,0,0,0,4975,0,0,0,0,0,0,0,0,4975,0,0,4975,BRA
2023-02-08,5099,281,243,4409,166,0,0,0,0,5099,0,0,0,0,0,0,0,0,5099,0,0,5099,BRA
2023-02-09,5373,307,281,4599,186,0,0,0,0,5373,0,0,0,0,0,0,0,0,5373,0,0,5373,BRA
2023-02-10,5492,303,278,4730,181,0,0,0,0,5492,0,0,0,0,0,0,0,0,5492,0,0,5492,BRA
2023-02-11,4379,293,289,3625,172,0,0,0,0,4379,0,0,0,0,0,0,0,0,4379,0,0,4379,BRA
2023-02-12,4064,276,292,3325,171,0,0,0,0,4064,0,0,0,0,0,0,0,0,4064,0,0,4064,BRA
2023-02-13,5006,270,281,4293,162,0,0,0,0,5006,0,0,0,0,0,0,0,0,5006,0,0,5006,BRA
2023-02-14,5156,299,281,4390,186,0,0,0,0,5156,0,0,0,0,0,0,0,0,5156,0,0,5156,BRA
2023-02-15,5008,283,253,4318,154,0,0,0,0,5008,0,0,0,0,0,0,0,0,5008,0,0,5008,BRA
2023-02-16,5540,314,274,4776,176,0,0,0,0,5540,0,0,0,0,0,0,0,0,5540,0,0,5540,BRA
2023-02-17,5976,348,280,5185,163,0,0,0,0,5976,0,0,0,0,0,0,0,0,5976,0,0,5976,BRA
2023-02-18,4549,332,282,3761,174,0,0,0,0,4549,0,0,0,0,0,0,0,0,4549,0,0,4549,BRA
2023-02-19,2960,255,249,2285,171,0,0,0,0,2960,0,0,0,0,0,0,0,0,2960,0,0,2960,BRA
2023-02-20,3337,272,238,2658,169,0,0,0,0,3337,0,0,0,0,0,0,0,0,3337,0,0,3337,BRA
2023-02-21,3859,284,290,3102,183,0,0,0,0,3859,0,0,0,0,0,0,0,0,3859,0,0,3859,BRA
2023-02-22,5191,285,286,4466,154,0,0,0,0,5191,0,0,0,0,0,0,0,0,5191,0,0,5191,BRA
2023-02-23,4726,264,276,4003,183,0,0,0,0,4726,0,0,0,0,0,0,0,0,4726,0,0,4726,BRA
2023-02-24,4674,282,261,3954,177,0,0,0,0,4674,0,0,0,0,0,0,0,0,4674,0,0,4674,BRA
2023-02-25,4330,267,274,3615,174,0,0,0,0,4330,0,0,0,0,0,0,0,0,4330,0,0,4330,BRA
2023-02-26,4243,272,295,3512,164,0,0,0,0,4243,0,0,0,0,0,0,0,0,4243,0,0,4243,BRA
2023-02-27,5116,285,265,4381,185,0,0,0,0,5116,0,0,0,0,0,0,0,0,5116,0,0,5116,BRA
2023-02-28,4987,292,272,4255,168,0,0,0,0,4987,0,0,0,0,0,0,0,0,4987,0,0,4987,BRA
2023-03-01,5054,289,275,4334,156,0,0,0,0,5054,0,0,0,0,0,0,0,0,5054,0,0,5054,BRA
2023-03-02,5366,260,277,4638,191,0,0,0,0,5366,0,0,0,0,0,0,0,0,5366,0,0,5366,BRA
2023-03-03,5576,330,299,4766,181,0,0,0,0,5576,0,0,0,0,0,0,0,0,5576,0,0,5576,BRA
2023-03-04,4338,274,268,3618,178,0,0,0,0,4338,0,0,0,0,0,0,0,0,4338,0,0,4338,BRA
2023-03-05,4069,249,266,3397,157,0,0,0,0,4069,0,0,0,0,0,0,0,0,4069,0,0,4069,BRA
2023-03-06,4856,265,258,4172,161,0,0,0,0,4856,0,0,0,0,0,0,0,0,4856,0,0,4856,BRA
2023-03-07,4943,272,271,4235,165,0,0,0,0,4943,0,0,0,0,0,0,0,0,4943,0,0,4943,BRA
2023-03-08,5166,288,274,4457,147,0,0,0,0,5166,0,0,0,0,0,0,0,0,5166,0,0,5166,BRA
2023-03-09,5401,295,300,4630,176,0,0,0,0,5401,0,0,0,0,0,0,0,0,5401,0,0,5401,BRA
2023-03-10,5406,290,285,4658,173,0,0,0,0,5406,0,0,0,0,0,0,0,0,5406,0,0,5406,BRA
2023-03-11,4169,275,264,3446,184,0,0,0,0,4169,0,0,0,0,0,0,0,0,4169,0,0,4169,BRA
2023-03-12,3950,254,264,3268,164,0,0,0,0,3950,0,0,0,0,0,0,0,0,3950,0,0,3950,BRA
2023-03-13,4713,275,257,4027,154,0,0,0,0,4713,0,0,0,0,0,0,0,0,4713,0,0,4713,BRA
2023-03-14,4775,273,248,4066,188,0,0,0,0,4775,0,0,0,0,0,0,0,0,4775,0,0,4775,BRA
2023-03-15,5164,282,258,4467,157,0,0,0,0,5164,0,0,0,0,0,0,0,0,5164,0,0,5164,BRA
2023-03-16,5400,279,275,4661,185,0,0,0,0,5400,0,0,0,0,0,0,0,0,5400,0,0,5400,BRA
2023-03-17,5534,294,256,4807,177,0,0,0,0,5534,0,0,0,0,0,0,0,0,5534,0,0,5534,BRA
2023-03-18,4392,285,259,3677,171,0,0,0,0,4392,0,0,0,0,0,0,0,0,4392,0,0,4392,BRA
2023-03-19,4146,277,266,3458,145,0,0,0,0,4146,0,0,0,0,0,0,0,0,4146,0,0,4146,BRA
2023-03-20,4937,265,250,4264,158,0,0,0,0,4937,0,0,0,0,0,0,0,0,4937,0,0,4937,BRA
2023-03-21,4979,266,255,4290,168,0,0,0,0,4979,0,0,0,0,0,0,0,0,4979,0,0,4979,BRA
2023-03-22,5260,298,261,4542,159,0,0,0,0,5260,0,0,0,0,0,0,0,0,5260,0,0,5260,BRA
2023-03-23,5532,278,259,4799,196,0,0,0,0,5532,0,0,0,0,0,0,0,0,5532,0,0,5532,BRA
2023-03-24,5752,341,308,4925,178,0,0,0,0,5752,0,0,0,0,0,0,0,0,5752,0,0,5752,BRA
2023-03-25,4161,269,265,3459,168,0,0,0,0,4161,0,0,0,0,0,0,0,0,4161,0,0,4161,BRA
2023-03-26,4108,262,259,3427,160,0,0,0,0,4108,0,0,0,0,0,0,0,0,4108,0,0,4108,BRA
2023-03-27,5036,291,286,4287,172,0,0,0,0,5036,0,0,0,0,0,0,0,0,5036,0,0,5036,BRA
2023-03-28,5219,279,262,4497,181,0,0,0,0,5219,0,0,0,0,0,0,0,0,5219,0,0,5219,BRA
2023-03-29,5373,311,298,4560,204,0,0,0,0,5373,0,0,0,0,0,0,0,0,5373,0,0,5373,BRA
2023-03-30,5386,281,273,4664,168,0,0,0,0,5386,0,0,0,0,0,0,0,0,5386,0,0,5386,BRA
2023-03-31,5497,292,278,4752,175,0,0,0,0,5497,0,0,0,0,0,0,0,0,5497,0,0,5497,BRA
2023-04-01,4561,321,277,3794,169,0,0,0,0,4561,0,0,0,0,0,0,0,0,4561,0,0,4561,BRA
2023-04-02,4058,237,240,3425,156,0,0,0,0,4058,0,0,0,0,0,0,0,0,4058,0,0,4058,BRA
2023-04-03,4973,264,256,4275,178,0,0,0,0,4973,0,0,0,0,0,0,0,0,4973,0,0,4973,BRA
2023-04-04,5416,274,255,4696,191,0,0,0,0,5416,0,0,0,0,0,0,0,0,5416,0,0,5416,BRA
2023-04-05,5688,306,284,4927,171,0,0,0,0,5688,0,0,0,0,0,0,0,0,5688,0,0,5688,BRA
2023-04-06,5844,338,308,4998,200,0,0,0,0,5844,0,0,0,0,0,0,0,0,5844,0,0,5844,BRA
2023-04-07,3728,277,239,3051,161,0,0,0,0,3728,0,0,0,0,0,0,0,0,3728,0,0,3728,BRA
2023-04-08,2956,225,226,2333,172,0,0,0,0,2956,0,0,0,0,0,0,0,0,2956,0,0,2956,BRA
2023-04-09,4284,261,305,3558,160,0,0,0,0,4284,0,0,0,0,0,0,0,0,4284,0,0,4284,BRA
2023-04-10,5538,288,267,4815,168,0,0,0,0,5538,0,0,0,0,0,0,0,0,5538,0,0,5538,BRA
2023-04-11,5548,275,288,4781,204,0,0,0,0,5548,0,0,0,0,0,0,0,0,5548,0,0,5548,BRA
2023-04-12,5453,285,244,4743,181,0,0,0,0,5453,0,0,0,0,0,0,0,0,5453,0,0,5453,BRA
2023-04-13,5567,288,264,4830,185,0,0,0,0,5567,0,0,0,0,0,0,0,0,5567,0,0,5567,BRA
2023-04-14,5208,292,268,4476,172,0,0,0,0,5208,0,0,0,0,0,0,0,0,5208,0,0,5208,BRA
2023-04-15,4212,265,245,3550,152,0,0,0,0,4212,0,0,0,0,0,0,0,0,4212,0,0,4212,BRA
2023-04-16,4115,261,269,3421,164,0,0,0,0,4115,0,0,0,0,0,0,0,0,4115,0,0,4115,BRA
2023-04-17,4964,278,267,4253,166,0,0,0,0,4964,0,0,0,0,0,0,0,0,4964,0,0,4964,BRA
2023-04-18,4760,254,222,4112,172,0,0,0,0,4760,0,0,0,0,0,0,0,0,4760,0,0,4760,BRA
2023-04-19,5236,253,226,4587,170,0,0,0,0,5236,0,0,0,0,0,0,0,0,5236,0,0,5236,BRA
2023-04-20,6234,338,293,5395,208,0,0,0,0,6234,0,0,0,0,0,0,0,0,6234,0,0,6234,BRA
2023-04-21,5136,322,288,4335,191,0,0,0,0,5136,0,0,0,0,0,0,0,0,5136,0,0,5136,BRA
2023-04-22,3614,261,244,2939,170,0,0,0,0,3614,0,0,0,0,0,0,0,0,3614,0,0,3614,BRA
2023-04-23,4587,267,281,3868,171,0,0,0,0,4587,0,0,0,0,0,0,0,0,4587,0,0,4587,BRA
2023-04-24,5184,264,247,4496,177,0,0,0,0,5184,0,0,0,0,0,0,0,0,5184,0,0,5184,BRA
2023-04-25,5283,288,263,4562,170,0,0,0,0,5283,0,0,0,0,0,0,0,0,5283,0,0,5283,BRA
2023-04-26,5160,279,268,4450,163,0,0,0,0,5160,0,0,0,0,0,0,0,0,5160,0,0,5160,BRA
2023-04-27,5553,282,277,4820,174,0,0,0,0,5553,0,0,0,0,0,0,0,0,5553,0,0,5553,BRA
2023-04-28,5839,312,282,5044,201,0,0,0,0,5839,0,0,0,0,0,0,0,0,5839,0,0,5839,BRA
2023-04-29,4554,309,275,3779,191,0,0,0,0,4554,0,0,0,0,0,0,0,0,4554,0,0,4554,BRA
2023-04-30,3624,255,271,2929,169,0,0,0,0,3624,0,0,0,0,0,0,0,0,3624,0,0,3624,BRA
2023-05-01,5151,280,291,4406,174,0,0,0,0,5151,0,0,0,0,0,0,0,0,5151,0,0,5151,BRA
2023-05-02,5278,281,244,4598,155,0,0,0,0,5278,0,0,0,0,0,0,0,0,5278,0,0,5278,BRA
2023-05-03,5399,284,265,4674,176,0,0,0,0,5399,0,0,0,0,0,0,0,0,5399,0,0,5399,BRA
2023-05-04,5445,279,262,4736,168,0,0,0,0,5445,0,0,0,0,0,0,0,0,5445,0,0,5445,BRA
2023-05-05,5522,299,246,4796,181,0,0,0,0,5522,0,0,0,0,0,0,0,0,5522,0,0,5522,BRA
2023-05-06,4429,280,264,3713,172,0,0,0,0,4429,0,0,0,0,0,0,0,0,4429,0,0,4429,BRA
2023-05-07,4021,259,252,3352,158,0,0,0,0,4021,0,0,0,0,0,0,0,0,4021,0,0,4021,BRA
2023-05-08,4887,263,234,4225,165,0,0,0,0,4887,0,0,0,0,0,0,0,0,4887,0,0,4887,BRA
2023-05-09,5082,264,249,4390,179,0,0,0,0,5082,0,0,0,0,0,0,0,0,5082,0,0,5082,BRA
2023-05-10,4860,245,231,4221,163,0,0,0,0,4860,0,0,0,0,0,0,0,0,4860,0,0,4860,BRA
2023-05-11,5428,287,273,4699,169,0,0,0,0,5428,0,0,0,0,0,0,0,0,5428,0,0,5428,BRA
2023-05-12,5749,305,283,4989,172,0,0,0,0,5749,0,0,0,0,0,0,0,0,5749,0,0,5749,BRA
2023-05-13,4486,267,265,3773,181,0,0,0,0,4486,0,0,0,0,0,0,0,0,4486,0,0,4486,BRA
2023-05-14,3962,255,257,3290,160,0,0,0,0,3962,0,0,0,0,0,0,0,0,3962,0,0,3962,BRA
2023-05-15,5140,292,241,4450,157,0,0,0,0,5140,0,0,0,0,0,0,0,0,5140,0,0,5140,BRA
2023-05-16,5343,259,250,4641,193,0,0,0,0,5343,0,0,0,0,0,0,0,0,5343,0,0,5343,BRA
2023-05-17,5431,273,250,4734,174,0,0,0,0,5431,0,0,0,0,0,0,0,0,5431,0,0,5431,BRA
2023-05-18,5722,277,252,5013,180,0,0,0,0,5722,0,0,0,0,0,0,0,0,5722,0,0,5722,BRA
2023-05-19,5749,336,282,4960,171,0,0,0,0,5749,0,0,0,0,0,0,0,0,5749,0,0,5749,BRA
2023-05-20,4555,270,242,3880,163,0,0,0,0,4555,0,0,0,0,0,0,0,0,4555,0,0,4555,BRA
2023-05-21,4193,249,265,3522,157,0,0,0,0,4193,0,0,0,0,0,0,0,0,4193,0,0,4193,BRA
2023-05-22,5100,285,259,4394,162,0,0,0,0,5100,0,0,0,0,0,0,0,0,5100,0,0,5100,BRA
2023-05-23,5347,270,255,4654,168,0,0,0,0,5347,0,0,0,0,0,0,0,0,5347,0,0,5347,BRA
2023-05-24,5385,307,261,4658,159,0,0,0,0,5385,0,0,0,0,0,0,0,0,5385,0,0,5385,BRA
2023-05-25,5677,288,278,4932,179,0,0,0,0,5677,0,0,0,0,0,0,0,0,5677,0,0,5677,BRA
2023-05-26,5767,294,277,5017,179,0,0,0,0,5767,0,0,0,0,0,0,0,0,5767,0,0,5767,BRA
2023-05-27,4592,277,267,3866,182,0,0,0,0,4592,0,0,0,0,0,0,0,0,4592,0,0,4592,BRA
2023-05-28,4108,273,274,3375,186,0,0,0,0,4108,0,0,0,0,0,0,0,0,4108,0,0,4108,BRA
2023-05-29,4765,257,234,4115,159,0,0,0,0,4765,0,0,0,0,0,0,0,0,4765,0,0,4765,BRA
2023-05-30,4942,273,243,4260,166,0,0,0,0,4942,0,0,0,0,0,0,0,0,4942,0,0,4942,BRA
2023-05-31,4732,273,259,4006,194,0,0,0,0,4732,0,0,0,0,0,0,0,0,4732,0,0,4732,BRA
2023-06-01,5616,294,275,4865,182,0,0,0,0,5616,0,0,0,0,0,0,0,0,5616,0,0,5616,BRA
2023-06-02,5807,301,270,5054,182,0,0,0,0,5807,0,0,0,0,0,0,0,0,5807,0,0,5807,BRA
2023-06-03,4637,296,261,3917,163,0,0,0,0,4637,0,0,0,0,0,0,0,0,4637,0,0,4637,BRA
2023-06-04,4488,258,247,3816,167,0,0,0,0,4488,0,0,0,0,0,0,0,0,4488,0,0,4488,BRA
2023-06-05,5279,274,258,4583,164,0,0,0,0,5279,0,0,0,0,0,0,0,0,5279,0,0,5279,BRA
2023-06-06,5400,269,257,4703,171,0,0,0,0,5400,0,0,0,0,0,0,0,0,5400,0,0,5400,BRA
2023-06-07,5983,327,269,5210,177,0,0,0,0,5983,0,0,0,0,0,0,0,0,5983,0,0,5983,BRA
2023-06-08,5225,319,261,4464,181,0,0,0,0,5225,0,0,0,0,0,0,0,0,5225,0,0,5225,BRA
2023-06-09,4085,271,251,3395,168,0,0,0,0,4085,0,0,0,0,0,0,0,0,4085,0,0,4085,BRA
2023-06-10,3844,252,250,3167,175,0,0,0,0,3844,0,0,0,0,0,0,0,0,3844,0,0,3844,BRA
2023-06-11,4819,270,307,4066,176,0,0,0,0,4819,0,0,0,0,0,0,0,0,4819,0,0,4819,BRA
2023-06-12,4978,259,247,4316,156,0,0,0,0,4978,0,0,0,0,0,0,0,0,4978,0,0,4978,BRA
2023-06-13,4722,267,248,4042,165,0,0,0,0,4722,0,0,0,0,0,0,0,0,4722,0,0,4722,BRA
2023-06-14,4520,232,224,3903,161,0,0,0,0,4520,0,0,0,0,0,0,0,0,4520,0,0,4520,BRA
2023-06-15,4644,260,242,3976,166,0,0,0,0,4644,0,0,0,0,0,0,0,0,4644,0,0,4644,BRA
2023-06-16,5251,289,260,4519,183,0,0,0,0,5251,0,0,0,0,0,0,0,0,5251,0,0,5251,BRA
2023-06-17,4373,291,246,3650,186,0,0,0,0,4373,0,0,0,0,0,0,0,0,4373,0,0,4373,BRA
2023-06-18,4374,265,256,3688,165,0,0,0,0,4374,0,0,0,0,0,0,0,0,4374,0,0,4374,BRA
2023-06-19,5273,277,247,4574,175,0,0,0,0,5273,0,0,0,0,0,0,0,0,5273,0,0,5273,BRA
2023-06-20,5551,282,259,4810,200,0,0,0,0,5551,0,0,0,0,0,0,0,0,5551,0,0,5551,BRA
2023-06-21,5561,268,246,4872,175,0,0,0,0,5561,0,0,0,0,0,0,0,0,5561,0,0,5561,BRA
2023-06-22,5712,307,292,4941,172,0,0,0,0,5712,0,0,0,0,0,0,0,0,5712,0,0,5712,BRA
2023-06-23,5902,343,309,5057,193,0,0,0,0,5902,0,0,0,0,0,0,0,0,5902,0,0,5902,BRA
2023-06-24,4636,291,257,3894,194,0,0,0,0,4636,0,0,0,0,0,0,0,0,4636,0,0,4636,BRA
2023-06-25,4382,257,257,3699,169,0,0,0,0,4382,0,0,0,0,0,0,0,0,4382,0,0,4382,BRA
2023-06-26,5415,280,254,4683,198,0,0,0,0,5415,0,0,0,0,0,0,0,0,5415,0,0,5415,BRA
2023-06-27,5574,273,247,4848,206,0,0,0,0,5574,0,0,0,0,0,0,0,0,5574,0,0,5574,BRA
2023-06-28,5577,287,271,4828,191,0,0,0,0,5577,0,0,0,0,0,0,0,0,5577,0,0,5577,BRA
2023-06-29,5861,294,278,5111,178,0,0,0,0,5861,0,0,0,0,0,0,0,0,5861,0,0,5861,BRA
2023-06-30,5914,321,294,5106,193,0,0,0,0,5914,0,0,0,0,0,0,0,0,5914,0,0,5914,BRA
2023-07-01,4834,306,260,4081,187,0,0,0,0,4834,0,0,0,0,0,0,0,0,4834,0,0,4834,BRA
2023-07-02,4635,269,251,3940,175,0,0,0,0,4635,0,0,0,0,0,0,0,0,4635,0,0,4635,BRA
2023-07-03,5607,300,275,4842,190,0,0,0,0,5607,0,0,0,0,0,0,0,0,5607,0,0,5607,BRA
2023-07-04,5542,300,260,4770,212,0,0,0,0,5542,0,0,0,0,0,0,0,0,5542,0,0,5542,BRA
2023-07-05,5683,287,283,4926,187,0,0,0,0,5683,0,0,0,0,0,0,0,0,5683,0,0,5683,BRA
2023-07-06,5889,300,298,5086,205,0,0,0,0,5889,0,0,0,0,0,0,0,0,5889,0,0,5889,BRA
2023-07-07,5792,307,290,5003,192,0,0,0,0,5792,0,0,0,0,0,0,0,0,5792,0,0,5792,BRA
2023-07-08,4607,294,265,3875,173,0,0,0,0,4607,0,0,0,0,0,0,0,0,4607,0,0,4607,BRA
2023-07-09,4373,271,278,3656,168,0,0,0,0,4373,0,0,0,0,0,0,0,0,4373,0,0,4373,BRA
2023-07-10,5098,295,279,4357,167,0,0,0,0,5098,0,0,0,0,0,0,0,0,5098,0,0,5098,BRA
2023-07-11,5186,292,265,4449,180,0,0,0,0,5186,0,0,0,0,0,0,0,0,5186,0,0,5186,BRA
2023-07-12,5133,279,264,4418,172,0,0,0,0,5133,0,0,0,0,0,0,0,0,5133,0,0,5133,BRA
2023-07-13,5091,274,274,4363,180,0,0,0,0,5091,0,0,0,0,0,0,0,0,5091,0,0,5091,BRA
2023-07-14,5680,306,272,4910,192,0,0,0,0,5680,0,0,0,0,0,0,0,0,5680,0,0,5680,BRA
2023-07-15,4826,325,297,4029,175,0,0,0,0,4826,0,0,0,0,0,0,0,0,4826,0,0,4826,BRA
2023-07-16,4443,266,263,3755,159,0,0,0,0,4443,0,0,0,0,0,0,0,0,4443,0,0,4443,BRA
2023-07-17,5232,283,267,4523,159,0,0,0,0,5232,0,0,0,0,0,0,0,0,5232,0,0,5232,BRA
2023-07-18,4959,281,264,4248,166,0,0,0,0,4959,0,0,0,0,0,0,0,0,4959,0,0,4959,BRA
2023-07-19,5218,300,267,4488,163,0,0,0,0,5218,0,0,0,0,0,0,0,0,5218,0,0,5218,BRA
2023-07-20,5486,319,284,4697,186,0,0,0,0,5486,0,0,0,0,0,0,0,0,5486,0,0,5486,BRA
2023-07-21,5704,306,288,4936,174,0,0,0,0,5704,0,0,0,0,0,0,0,0,5704,0,0,5704,BRA
2023-07-22,4574,304,293,3804,173,0,0,0,0,4574,0,0,0,0,0,0,0,0,4574,0,0,4574,BRA
2023-07-23,4620,290,295,3872,163,0,0,0,0,4620,0,0,0,0,0,0,0,0,4620,0,0,4620,BRA
2023-07-24,5214,268,251,4532,163,0,0,0,0,5214,0,0,0,0,0,0,0,0,5214,0,0,5214,BRA
2023-07-25,5256,287,256,4529,184,0,0,0,0,5256,0,0,0,0,0,0,0,0,5256,0,0,5256,BRA
2023-07-26,5387,290,272,4654,171,0,0,0,0,5387,0,0,0,0,0,0,0,0,5387,0,0,5387,BRA
2023-07-27,5641,304,299,4866,172,0,0,0,0,5641,0,0,0,0,0,0,0,0,5641,0,0,5641,BRA
2023-07-28,5603,318,279,4811,195,0,0,0,0,5603,0,0,0,0,0,0,0,0,5603,0,0,5603,BRA
2023-07-29,4308,267,252,3632,157,0,0,0,0,4308,0,0,0,0,0,0,0,0,4308,0,0,4308,BRA
2023-07-30,4546,285,301,3790,170,0,0,0,0,4546,0,0,0,0,0,0,0,0,4546,0,0,4546,BRA
2023-07-31,5086,293,261,4360,172,0,0,0,0,5086,0,0,0,0,0,0,0,0,5086,0,0,5086,BRA
2023-08-01,5133,297,262,4397,177,0,0,0,0,5133,0,0,0,0,0,0,0,0,5133,0,0,5133,BRA
2023-08-02,5380,295,279,4640,166,0,0,0,0,5380,0,0,0,0,0,0,0,0,5380,0,0,5380,BRA
2023-08-03,5863,319,316,5038,190,0,0,0,0,5863,0,0,0,0,0,0,0,0,5863,0,0,5863,BRA
2023-08-04,5830,324,278,5035,193,0,0,0,0,5830,0,0,0,0,0,0,0,0,5830,0,0,5830,BRA
2023-08-05,4677,298,277,3932,170,0,0,0,0,4677,0,0,0,0,0,0,0,0,4677,0,0,4677,BRA
2023-08-06,4468,289,261,3747,171,0,0,0,0,4468,0,0,0,0,0,0,0,0,4468,0,0,4468,BRA
2023-08-07,5168,304,291,4390,183,0,0,0,0,5168,0,0,0,0,0,0,0,0,5168,0,0,5168,BRA
2023-08-08,5036,312,277,4268,179,0,0,0,0,5036,0,0,0,0,0,0,0,0,5036,0,0,5036,BRA
2023-08-09,4924,292,267,4203,162,0,0,0,0,4924,0,0,0,0,0,0,0,0,4924,0,0,4924,BRA
2023-08-10,5555,326,298,4753,178,0,0,0,0,5555,0,0,0,0,0,0,0,0,5555,0,0,5555,BRA
2023-08-11,5484,307,258,4737,182,0,0,0,0,5484,0,0,0,0,0,0,0,0,5484,0,0,5484,BRA
2023-08-12,4377,298,257,3645,177,0,0,0,0,4377,0,0,0,0,0,0,0,0,4377,0,0,4377,BRA
2023-08-13,4039,265,265,3339,170,0,0,0,0,4039,0,0,0,0,0,0,0,0,4039,0,0,4039,BRA
2023-08-14,4800,249,231,4153,167,0,0,0,0,4800,0,0,0,0,0,0,0,0,4800,0,0,4800,BRA
2023-08-15,5406,307,303,4614,182,0,0,0,0,5406,0,0,0,0,0,0,0,0,5406,0,0,5406,BRA
2023-08-16,5652,318,320,4807,207,0,0,0,0,5652,0,0,0,0,0,0,0,0,5652,0,0,5652,BRA
2023-08-17,5614,325,290,4839,160,0,0,0,0,5614,0,0,0,0,0,0,0,0,5614,0,0,5614,BRA
2023-08-18,5602,307,290,4828,177,0,0,0,0,5602,0,0,0,0,0,0,0,0,5602,0,0,5602,BRA
2023-08-19,4390,299,275,3631,185,0,0,0,0,4390,0,0,0,0,0,0,0,0,4390,0,0,4390,BRA
2023-08-20,4372,272,274,3661,165,0,0,0,0,4372,0,0,0,0,0,0,0,0,4372,0,0,4372,BRA
2023-08-21,5196,289,254,4476,177,0,0,0,0,5196,0,0,0,0,0,0,0,0,5196,0,0,5196,BRA
2023-08-22,5280,288,258,4549,185,0,0,0,0,5280,0,0,0,0,0,0,0,0,5280,0,0,5280,BRA
2023-08-23,5342,289,293,4589,171,0,0,0,0,5342,0,0,0,0,0,0,0,0,5342,0,0,5342,BRA
2023-08-24,5563,316,308,4756,183,0,0,0,0,5563,0,0,0,0,0,0,0,0,5563,0,0,5563,BRA
2023-08-25,5545,324,288,4759,174,0,0,0,0,5545,0,0,0,0,0,0,0,0,5545,0,0,5545,BRA
2023-08-26,4179,303,235,3483,158,0,0,0,0,4179,0,0,0,0,0,0,0,0,4179,0,0,4179,BRA
2023-08-27,4094,313,278,3346,157,0,0,0,0,4094,0,0,0,0,0,0,0,0,4094,0,0,4094,BRA
2023-08-28,4844,296,259,4136,153,0,0,0,0,4844,0,0,0,0,0,0,0,0,4844,0,0,4844,BRA
2023-08-29,5138,342,255,4399,142,0,0,0,0,5138,0,0,0,0,0,0,0,0,5138,0,0,5138,BRA
2023-08-30,5295,278,268,4608,141,0,0,0,0,5295,0,0,0,0,0,0,0,0,5295,0,0,5295,BRA
2023-08-31,5496,321,306,4726,143,0,0,0,0,5496,0,0,0,0,0,0,0,0,5496,0,0,5496,BRA
2023-09-01,5800,348,289,4972,191,0,0,0,0,5800,0,0,0,0,0,0,0,0,5800,0,0,5800,BRA
2023-09-02,4258,290,262,3550,156,0,0,0,0,4258,0,0,0,0,0,0,0,0,4258,0,0,4258,BRA
2023-09-03,4314,289,287,3570,168,0,0,0,0,4314,0,0,0,0,0,0,0,0,4314,0,0,4314,BRA
2023-09-04,5038,296,268,4313,161,0,0,0,0,5038,0,0,0,0,0,0,0,0,5038,0,0,5038,BRA
2023-09-05,5211,302,267,4464,178,0,0,0,0,5211,0,0,0,0,0,0,0,0,5211,0,0,5211,BRA
2023-09-06,5742,334,290,4943,175,0,0,0,0,5742,0,0,0,0,0,0,0,0,5742,0,0,5742,BRA
2023-09-07,5074,327,304,4278,165,0,0,0,0,5074,0,0,0,0,0,0,0,0,5074,0,0,5074,BRA
2023-09-08,3968,309,258,3220,181,0,0,0,0,3968,0,0,0,0,0,0,0,0,3968,0,0,3968,BRA
2023-09-09,3687,264,276,2976,171,0,0,0,0,3687,0,0,0,0,0,0,0,0,3687,0,0,3687,BRA
2023-09-10,5230,295,340,4410,185,0,0,0,0,5230,0,0,0,0,0,0,0,0,5230,0,0,5230,BRA
2023-09-11,5393,302,284,4633,174,0,0,0,0,5393,0,0,0,0,0,0,0,0,5393,0,0,5393,BRA
2023-09-12,5454,309,292,4680,173,0,0,0,0,5454,0,0,0,0,0,0,0,0,5454,0,0,5454,BRA
2023-09-13,5090,311,280,4332,167,0,0,0,0,5090,0,0,0,0,0,0,0,0,5090,0,0,5090,BRA
2023-09-14,5300,318,309,4491,182,0,0,0,0,5300,0,0,0,0,0,0,0,0,5300,0,0,5300,BRA
2023-09-15,5630,304,281,4870,175,0,0,0,0,5630,0,0,0,0,0,0,0,0,5630,0,0,5630,BRA
2023-09-16,4621,302,288,3863,168,0,0,0,0,4621,0,0,0,0,0,0,0,0,4621,0,0,4621,BRA
2023-09-17,4833,297,290,4082,164,0,0,0,0,4833,0,0,0,0,0,0,0,0,4833,0,0,4833,BRA
2023-09-18,5205,291,279,4449,186,0,0,0,0,5205,0,0,0,0,0,0,0,0,5205,0,0,5205,BRA
2023-09-19,5107,294,265,4373,175,0,0,0,0,5107,0,0,0,0,0,0,0,0,5107,0,0,5107,BRA
2023-09-20,5505,294,271,4766,174,0,0,0,0,5505,0,0,0,0,0,0,0,0,5505,0,0,5505,BRA
2023-09-21,5664,310,274,4909,171,0,0,0,0,5664,0,0,0,0,0,0,0,0,5664,0,0,5664,BRA
2023-09-22,5833,322,278,5045,188,0,0,0,0,5833,0,0,0,0,0,0,0,0,5833,0,0,5833,BRA
2023-09-23,4483,280,275,3748,180,0,0,0,0,4483,0,0,0,0,0,0,0,0,4483,0,0,4483,BRA
2023-09-24,4479,279,288,3737,175,0,0,0,0,4479,0,0,0,0,0,0,0,0,4479,0,0,4479,BRA
2023-09-25,5058,286,269,4330,173,0,0,0,0,5058,0,0,0,0,0,0,0,0,5058,0,0,5058,BRA
2023-09-26,5129,288,263,4408,170,0,0,0,0,5129,0,0,0,0,0,0,0,0,5129,0,0,5129,BRA
2023-09-27,5027,285,289,4274,179,0,0,0,0,5027,0,0,0,0,0,0,0,0,5027,0,0,5027,BRA
2023-09-28,5423,302,290,4655,176,0,0,0,0,5423,0,0,0,0,0,0,0,0,5423,0,0,5423,BRA
2023-09-29,5523,313,281,4737,192,0,0,0,0,5523,0,0,0,0,0,0,0,0,5523,0,0,5523,BRA
2023-09-30,4414,290,277,3695,152,0,0,0,0,4414,0,0,0,0,0,0,0,0,4414,0,0,4414,BRA
2023-10-01,4132,259,252,3450,171,0,0,0,0,4132,0,0,0,0,0,0,0,0,4132,0,0,4132,BRA
2023-10-02,4909,298,269,4170,172,0,0,0,0,4909,0,0,0,0,0,0,0,0,4909,0,0,4909,BRA
2023-10-03,5009,282,264,4289,174,0,0,0,0,5009,0,0,0,0,0,0,0,0,5009,0,0,5009,BRA
2023-10-04,4971,301,276,4210,184,0,0,0,0,4971,0,0,0,0,0,0,0,0,4971,0,0,4971,BRA
2023-10-05,5355,302,291,4580,182,0,0,0,0,5355,0,0,0,0,0,0,0,0,5355,0,0,5355,BRA
2023-10-06,5493,316,270,4715,192,0,0,0,0,5493,0,0,0,0,0,0,0,0,5493,0,0,5493,BRA
2023-10-07,4368,306,268,3608,186,0,0,0,0,4368,0,0,0,0,0,0,0,0,4368,0,0,4368,BRA
2023-10-08,4079,284,285,3342,168,0,0,0,0,4079,0,0,0,0,0,0,0,0,4079,0,0,4079,BRA
2023-10-09,4967,308,277,4198,184,0,0,0,0,4967,0,0,0,0,0,0,0,0,4967,0,0,4967,BRA
2023-10-10,5519,312,293,4734,180,0,0,0,0,5519,0,0,0,0,0,0,0,0,5519,0,0,5519,BRA
2023-10-11,5988,339,285,5170,194,0,0,0,0,5988,0,0,0,0,0,0,0,0,5988,0,0,5988,BRA
2023-10-12,4844,309,295,4056,184,0,0,0,0,4844,0,0,0,0,0,0,0,0,4844,0,0,4844,BRA
2023-10-13,3754,272,231,3083,168,0,0,0,0,3754,0,0,0,0,0,0,0,0,3754,0,0,3754,BRA
2023-10-14,3602,236,244,2953,169,0,0,0,0,3602,0,0,0,0,0,0,0,0,3602,0,0,3602,BRA
2023-10-15,5107,332,333,4272,170,0,0,0,0,5107,0,0,0,0,0,0,0,0,5107,0,0,5107,BRA
2023-10-16,5212,311,295,4426,180,0,0,0,0,5212,0,0,0,0,0,0,0,0,5212,0,0,5212,BRA
2023-10-17,4913,290,261,4182,180,0,0,0,0,4913,0,0,0,0,0,0,0,0,4913,0,0,4913,BRA
2023-10-18,5390,306,295,4602,187,0,0,0,0,5390,0,0,0,0,0,0,0,0,5390,0,0,5390,BRA
2023-10-19,5489,299,290,4715,185,0,0,0,0,5489,0,0,0,0,0,0,0,0,5489,0,0,5489,BRA
2023-10-20,5541,324,307,4727,183,0,0,0,0,5541,0,0,0,0,0,0,0,0,5541,0,0,5541,BRA
2023-10-21,4713,312,279,3919,203,0,0,0,0,4713,0,0,0,0,0,0,0,0,4713,0,0,4713,BRA
2023-10-22,4476,283,277,3746,170,0,0,0,0,4476,0,0,0,0,0,0,0,0,4476,0,0,4476,BRA
2023-10-23,5228,288,253,4513,174,0,0,0,0,5228,0,0,0,0,0,0,0,0,5228,0,0,5228,BRA
2023-10-24,5178,283,267,4445,183,0,0,0,0,5178,0,0,0,0,0,0,0,0,5178,0,0,5178,BRA
2023-10-25,5340,313,288,4570,169,0,0,0,0,5340,0,0,0,0,0,0,0,0,5340,0,0,5340,BRA
2023-10-26,5382,321,282,4600,179,0,0,0,0,5382,0,0,0,0,0,0,0,0,5382,0,0,5382,BRA
2023-10-27,5184,307,273,4418,186,0,0,0,0,5184,0,0,0,0,0,0,0,0,5184,0,0,5184,BRA
2023-10-28,4217,291,259,3496,171,0,0,0,0,4217,0,0,0,0,0,0,0,0,4217,0,0,4217,BRA
2023-10-29,4226,281,285,3475,185,0,0,0,0,4226,0,0,0,0,0,0,0,0,4226,0,0,4226,BRA
2023-10-30,5061,319,288,4273,181,0,0,0,0,5061,0,0,0,0,0,0,0,0,5061,0,0,5061,BRA
2023-10-31,4998,296,256,4251,195,0,0,0,0,4998,0,0,0,0,0,0,0,0,4998,0,0,4998,BRA
2023-11-01,5428,331,276,4633,188,0,0,0,0,5428,0,0,0,0,0,0,0,0,5428,0,0,5428,BRA
2023-11-02,4882,325,303,4065,189,0,0,0,0,4882,0,0,0,0,0,0,0,0,4882,0,0,4882,BRA
2023-11-03,4019,337,323,3172,187,0,0,0,0,4019,0,0,0,0,0,0,0,0,4019,0,0,4019,BRA
2023-11-04,4040,287,318,3254,181,0,0,0,0,4040,0,0,0,0,0,0,0,0,4040,0,0,4040,BRA
2023-11-05,5202,360,321,4312,209,0,0,0,0,5202,0,0,0,0,0,0,0,0,5202,0,0,5202,BRA
2023-11-06,5586,338,314,4722,212,0,0,0,0,5586,0,0,0,0,0,0,0,0,5586,0,0,5586,BRA
2023-11-07,5416,343,300,4582,191,0,0,0,0,5416,0,0,0,0,0,0,0,0,5416,0,0,5416,BRA
2023-11-08,5647,336,301,4828,182,0,0,0,0,5647,0,0,0,0,0,0,0,0,5647,0,0,5647,BRA
2023-11-09,5577,350,309,4725,193,0,0,0,0,5577,0,0,0,0,0,0,0,0,5577,0,0,5577,BRA
2023-11-10,5870,345,315,5035,175,0,0,0,0,5870,0,0,0,0,0,0,0,0,5870,0,0,5870,BRA
2023-11-11,4790,323,287,3978,202,0,0,0,0,4790,0,0,0,0,0,0,0,0,4790,0,0,4790,BRA
2023-11-12,4433,290,286,3674,183,0,0,0,0,4433,0,0,0,0,0,0,0,0,4433,0,0,4433,BRA
2023-11-13,4910,302,278,4156,174,0,0,0,0,4910,0,0,0,0,0,0,0,0,4910,0,0,4910,BRA
2023-11-14,5017,314,259,4265,179,0,0,0,0,5017,0,0,0,0,0,0,0,0,5017,0,0,5017,BRA
2023-11-15,5006,333,282,4197,194,0,0,0,0,5006,0,0,0,0,0,0,0,0,5006,0,0,5006,BRA
2023-11-16,5005,320,307,4187,191,0,0,0,0,5005,0,0,0,0,0,0,0,0,5005,0,0,5005,BRA
2023-11-17,5202,340,309,4346,207,0,0,0,0,5202,0,0,0,0,0,0,0,0,5202,0,0,5202,BRA
2023-11-18,4371,308,305,3570,188,0,0,0,0,4371,0,0,0,0,0,0,0,0,4371,0,0,4371,BRA
2023-11-19,4235,296,304,3446,189,0,0,0,0,4235,0,0,0,0,0,0,0,0,4235,0,0,4235,BRA
2023-11-20,5085,323,280,4301,181,0,0,0,0,5085,0,0,0,0,0,0,0,0,5085,0,0,5085,BRA
2023-11-21,5495,310,294,4704,187,0,0,0,0,5495,0,0,0,0,0,0,0,0,5495,0,0,5495,BRA
2023-11-22,5218,307,290,4458,163,0,0,0,0,5218,0,0,0,0,0,0,0,0,5218,0,0,5218,BRA
2023-11-23,5291,339,274,4488,190,0,0,0,0,5291,0,0,0,0,0,0,0,0,5291,0,0,5291,BRA
2023-11-24,5439,326,315,4629,169,0,0,0,0,5439,0,0,0,0,0,0,0,0,5439,0,0,5439,BRA
2023-11-25,4608,319,288,3837,164,0,0,0,0,4608,0,0,0,0,0,0,0,0,4608,0,0,4608,BRA
2023-11-26,4401,279,297,3657,168,0,0,0,0,4401,0,0,0,0,0,0,0,0,4401,0,0,4401,BRA
2023-11-27,4992,316,278,4195,203,0,0,0,0,4992,0,0,0,0,0,0,0,0,4992,0,0,4992,BRA
2023-11-28,4915,306,282,4154,173,0,0,0,0,4915,0,0,0,0,0,0,0,0,4915,0,0,4915,BRA
2023-11-29,5244,311,273,4474,186,0,0,0,0,5244,0,0,0,0,0,0,0,0,5244,0,0,5244,BRA
2023-11-30,5648,319,300,4847,182,0,0,0,0,5648,0,0,0,0,0,0,0,0,5648,0,0,5648,BRA
2023-12-01,5949,333,315,5116,185,0,0,0,0,5949,0,0,0,0,0,0,0,0,5949,0,0,5949,BRA
2023-12-02,4632,307,283,3908,134,0,0,0,0,4632,0,0,0,0,0,0,0,0,4632,0,0,4632,BRA
2023-12-03,4462,288,273,3763,138,0,0,0,0,4462,0,0,0,0,0,0,0,0,4462,0,0,4462,BRA
2023-12-04,5049,318,280,4270,181,0,0,0,0,5049,0,0,0,0,0,0,0,0,5049,0,0,5049,BRA
2023-12-05,5306,295,290,4545,176,0,0,0,0,5306,0,0,0,0,0,0,0,0,5306,0,0,5306,BRA
2023-12-06,5498,320,277,4718,183,0,0,0,0,5498,0,0,0,0,0,0,0,0,5498,0,0,5498,BRA
2023-12-07,5631,315,301,4814,201,0,0,0,0,5631,0,0,0,0,0,0,0,0,5631,0,0,5631,BRA
2023-12-08,5849,336,322,5011,180,0,0,0,0,5849,0,0,0,0,0,0,0,0,5849,0,0,5849,BRA
2023-12-09,4616,307,284,3839,186,0,0,0,0,4616,0,0,0,0,0,0,0,0,4616,0,0,4616,BRA
2023-12-10,4490,297,314,3711,168,0,0,0,0,4490,0,0,0,0,0,0,0,0,4490,0,0,4490,BRA
2023-12-11,5203,320,298,4404,181,0,0,0,0,5203,0,0,0,0,0,0,0,0,5203,0,0,5203,BRA
2023-12-12,5786,323,303,4968,192,0,0,0,0,5786,0,0,0,0,0,0,0,0,5786,0,0,5786,BRA
2023-12-13,5886,357,298,5049,182,0,0,0,0,5886,0,0,0,0,0,0,0,0,5886,0,0,5886,BRA
2023-12-14,6069,356,332,5154,227,0,0,0,0,6069,0,0,0,0,0,0,0,0,6069,0,0,6069,BRA
2023-12-15,6233,364,312,5354,203,0,0,0,0,6233,0,0,0,0,0,0,0,0,6233,0,0,6233,BRA
2023-12-16,5149,369,315,4256,209,0,0,0,0,5149,0,0,0,0,0,0,0,0,5149,0,0,5149,BRA
2023-12-17,4705,314,314,3923,154,0,0,0,0,4705,0,0,0,0,0,0,0,0,4705,0,0,4705,BRA
2023-12-18,5398,336,303,4552,207,0,0,0,0,5398,0,0,0,0,0,0,0,0,5398,0,0,5398,BRA
2023-12-19,5619,358,299,4771,191,0,0,0,0,5619,0,0,0,0,0,0,0,0,5619,0,0,5619,BRA
2023-12-20,5649,359,311,4811,168,0,0,0,0,5649,0,0,0,0,0,0,0,0,5649,0,0,5649,BRA
2023-12-21,5675,342,329,4818,186,0,0,0,0,5675,0,0,0,0,0,0,0,0,5675,0,0,5675,BRA
2023-12-22,5681,358,316,4832,175,0,0,0,0,5681,0,0,0,0,0,0,0,0,5681,0,0,5681,BRA
2023-12-23,4383,326,307,3541,209,0,0,0,0,4383,0,0,0,0,0,0,0,0,4383,0,0,4383,BRA
2023-12-24,3088,255,256,2414,163,0,0,0,0,3088,0,0,0,0,0,0,0,0,3088,0,0,3088,BRA
2023-12-25,3059,277,257,2357,168,0,0,0,0,3059,0,0,0,0,0,0,0,0,3059,0,0,3059,BRA
2023-12-26,5374,368,305,4530,171,0,0,0,0,5374,0,0,0,0,0,0,0,0,5374,0,0,5374,BRA
2023-12-27,5731,388,320,4829,194,0,0,0,0,5731,0,0,0,0,0,0,0,0,5731,0,0,5731,BRA
2023-12-28,5584,392,358,4624,210,0,0,0,0,5584,0,0,0,0,0,0,0,0,5584,0,0,5584,BRA
2023-12-29,5005,386,336,4101,182,0,0,0,0,5005,0,0,0,0,0,0,0,0,5005,0,0,5005,BRA
2023-12-30,4039,344,304,3211,180,0,0,0,0,4039,0,0,0,0,0,0,0,0,4039,0,0,4039,BRA
2023-12-31,3049,254,244,2391,160,0,0,0,0,3049,0,0,0,0,0,0,0,0,3049,0,0,3049,BRA
2024-01-01,3078,272,248,2392,166,0,0,0,0,3078,0,0,0,0,0,0,0,0,3078,0,0,3078,BRA
2024-01-02,4979,358,360,4078,183,0,0,0,0,4979,0,0,0,0,0,0,0,0,4979,0,0,4979,BRA
2024-01-03,5045,359,314,4183,189,0,0,0,0,5045,0,0,0,0,0,0,0,0,5045,0,0,5045,BRA
2024-01-04,4872,366,346,3968,192,0,0,0,0,4872,0,0,0,0,0,0,0,0,4872,0,0,4872,BRA
2024-01-05,4990,360,312,4131,187,0,0,0,0,4990,0,0,0,0,0,0,0,0,4990,0,0,4990,BRA
2024-01-06,4583,386,344,3672,181,0,0,0,0,4583,0,0,0,0,0,0,0,0,4583,0,0,4583,BRA
2024-01-07,4592,354,355,3702,181,0,0,0,0,4592,0,0,0,0,0,0,0,0,4592,0,0,4592,BRA
2024-01-08,4967,368,355,4051,193,0,0,0,0,4967,0,0,0,0,0,0,0,0,4967,0,0,4967,BRA
2024-01-09,4838,346,314,3988,190,0,0,0,0,4838,0,0,0,0,0,0,0,0,4838,0,0,4838,BRA
2024-01-10,5233,361,320,4365,187,0,0,0,0,5233,0,0,0,0,0,0,0,0,5233,0,0,5233,BRA
2024-01-11,4981,341,337,4118,185,0,0,0,0,4981,0,0,0,0,0,0,0,0,4981,0,0,4981,BRA
2024-01-12,5050,368,349,4143,190,0,0,0,0,5050,0,0,0,0,0,0,0,0,5050,0,0,5050,BRA
2024-01-13,4358,366,344,3453,195,0,0,0,0,4358,0,0,0,0,0,0,0,0,4358,0,0,4358,BRA
2024-01-14,4515,312,316,3699,188,0,0,0,0,4515,0,0,0,0,0,0,0,0,4515,0,0,4515,BRA
2024-01-15,4982,325,341,4141,175,0,0,0,0,4982,0,0,0,0,0,0,0,0,4982,0,0,4982,BRA
2024-01-16,5250,348,324,4381,197,0,0,0,0,5250,0,0,0,0,0,0,0,0,5250,0,0,5250,BRA
2024-01-17,4976,332,293,4178,173,0,0,0,0,4976,0,0,0,0,0,0,0,0,4976,0,0,4976,BRA
2024-01-18,5271,330,317,4441,183,0,0,0,0,5271,0,0,0,0,0,0,0,0,5271,0,0,5271,BRA
2024-01-19,5403,364,342,4512,185,0,0,0,0,5403,0,0,0,0,0,0,0,0,5403,0,0,5403,BRA
2024-01-20,4329,371,338,3451,169,0,0,0,0,4329,0,0,0,0,0,0,0,0,4329,0,0,4329,BRA
2024-01-21,4193,338,341,3325,189,0,0,0,0,4193,0,0,0,0,0,0,0,0,4193,0,0,4193,BRA
2024-01-22,4836,351,316,3996,173,0,0,0,0,4836,0,0,0,0,0,0,0,0,4836,0,0,4836,BRA
2024-01-23,4545,278,251,3844,172,0,0,0,0,4545,0,0,0,0,0,0,0,0,4545,0,0,4545,BRA
2024-01-24,4911,298,277,4197,139,0,0,0,0,4911,0,0,0,0,0,0,0,0,4911,0,0,4911,BRA
2024-01-25,5067,325,317,4246,179,0,0,0,0,5067,0,0,0,0,0,0,0,0,5067,0,0,5067,BRA
2024-01-26,4924,298,288,4218,120,0,0,0,0,4924,0,0,0,0,0,0,0,0,4924,0,0,4924,BRA
2024-01-27,4533,379,343,3625,186,0,0,0,0,4533,0,0,0,0,0,0,0,0,4533,0,0,4533,BRA
2024-01-28,4257,356,358,3359,184,0,0,0,0,4257,0,0,0,0,0,0,0,0,4257,0,0,4257,BRA
2024-01-29,5159,359,335,4279,186,0,0,0,0,5159,0,0,0,0,0,0,0,0,5159,0,0,5159,BRA
2024-01-30,5395,356,335,4527,177,0,0,0,0,5395,0,0,0,0,0,0,0,0,5395,0,0,5395,BRA
2024-01-31,5211,357,315,4360,179,0,0,0,0,5211,0,0,0,0,0,0,0,0,5211,0,0,5211,BRA
2024-02-01,5508,383,340,4615,170,0,0,0,0,5508,0,0,0,0,0,0,0,0,5508,0,0,5508,BRA
2024-02-02,5109,358,325,4302,124,0,0,0,0,5109,0,0,0,0,0,0,0,0,5109,0,0,5109,BRA
2024-02-03,4727,373,348,3826,180,0,0,0,0,4727,0,0,0,0,0,0,0,0,4727,0,0,4727,BRA
2024-02-04,4421,327,331,3590,173,0,0,0,0,4421,0,0,0,0,0,0,0,0,4421,0,0,4421,BRA
2024-02-05,5079,325,301,4262,191,0,0,0,0,5079,0,0,0,0,0,0,0,0,5079,0,0,5079,BRA
2024-02-06,5224,350,325,4367,182,0,0,0,0,5224,0,0,0,0,0,0,0,0,5224,0,0,5224,BRA
2024-02-07,5327,352,296,4484,195,0,0,0,0,5327,0,0,0,0,0,0,0,0,5327,0,0,5327,BRA
2024-02-08,5612,344,308,4782,178,0,0,0,0,5612,0,0,0,0,0,0,0,0,5612,0,0,5612,BRA
2024-02-09,6444,454,381,5428,181,0,0,0,0,6444,0,0,0,0,0,0,0,0,6444,0,0,6444,BRA
2024-02-10,5025,409,336,4104,176,0,0,0,0,5025,0,0,0,0,0,0,0,0,5025,0,0,5025,BRA
2024-02-11,3490,304,295,2729,162,0,0,0,0,3490,0,0,0,0,0,0,0,0,3490,0,0,3490,BRA
2024-02-12,3667,330,309,2842,186,0,0,0,0,3667,0,0,0,0,0,0,0,0,3667,0,0,3667,BRA
2024-02-13,4092,326,321,3277,168,0,0,0,0,4092,0,0,0,0,0,0,0,0,4092,0,0,4092,BRA
2024-02-14,5183,361,345,4302,175,0,0,0,0,5183,0,0,0,0,0,0,0,0,5183,0,0,5183,BRA
2024-02-15,4567,313,295,3769,190,0,0,0,0,4567,0,0,0,0,0,0,0,0,4567,0,0,4567,BRA
2024-02-16,5060,341,324,4220,175,0,0,0,0,5060,0,0,0,0,0,0,0,0,5060,0,0,5060,BRA
2024-02-17,4670,347,345,3792,186,0,0,0,0,4670,0,0,0,0,0,0,0,0,4670,0,0,4670,BRA
2024-02-18,4367,312,321,3554,180,0,0,0,0,4367,0,0,0,0,0,0,0,0,4367,0,0,4367,BRA
2024-02-19,4986,309,306,4196,175,0,0,0,0,4986,0,0,0,0,0,0,0,0,4986,0,0,4986,BRA
2024-02-20,4735,308,299,3969,159,0,0,0,0,4735,0,0,0,0,0,0,0,0,4735,0,0,4735,BRA
2024-02-21,5033,335,290,4266,142,0,0,0,0,5033,0,0,0,0,0,0,0,0,5033,0,0,5033,BRA
2024-02-22,5306,354,325,4438,189,0,0,0,0,5306,0,0,0,0,0,0,0,0,5306,0,0,5306,BRA
2024-02-23,5571,356,313,4723,179,0,0,0,0,5571,0,0,0,0,0,0,0,0,5571,0,0,5571,BRA
2024-02-24,4450,347,316,3604,183,0,0,0,0,4450,0,0,0,0,0,0,0,0,4450,0,0,4450,BRA
2024-02-25,4173,282,307,3407,177,0,0,0,0,4173,0,0,0,0,0,0,0,0,4173,0,0,4173,BRA
2024-02-26,5032,317,310,4243,162,0,0,0,0,5032,0,0,0,0,0,0,0,0,5032,0,0,5032,BRA
2024-02-27,5091,325,284,4311,171,0,0,0,0,5091,0,0,0,0,0,0,0,0,5091,0,0,5091,BRA
2024-02-28,4880,271,248,4262,99,0,0,0,0,4880,0,0,0,0,0,0,0,0,4880,0,0,4880,BRA
2024-02-29,5230,331,313,4473,113,0,0,0,0,5230,0,0,0,0,0,0,0,0,5230,0,0,5230,BRA
2024-03-01,5799,369,332,4930,168,0,0,0,0,5799,0,0,0,0,0,0,0,0,5799,0,0,5799,BRA
2024-03-02,4621,335,303,3805,178,0,0,0,0,4621,0,0,0,0,0,0,0,0,4621,0,0,4621,BRA
2024-03-03,4475,301,314,3696,164,0,0,0,0,4475,0,0,0,0,0,0,0,0,4475,0,0,4475,BRA
2024-03-04,5087,306,297,4306,178,0,0,0,0,5087,0,0,0,0,0,0,0,0,5087,0,0,5087,BRA
2024-03-05,5064,310,285,4291,178,0,0,0,0,5064,0,0,0,0,0,0,0,0,5064,0,0,5064,BRA
2024-03-06,5396,320,292,4608,176,0,0,0,0,5396,0,0,0,0,0,0,0,0,5396,0,0,5396,BRA
2024-03-07,5348,348,321,4511,168,0,0,0,0,5348,0,0,0,0,0,0,0,0,5348,0,0,5348,BRA
2024-03-08,5310,335,308,4508,159,0,0,0,0,5310,0,0,0,0,0,0,0,0,5310,0,0,5310,BRA
2024-03-09,4347,336,307,3519,185,0,0,0,0,4347,0,0,0,0,0,0,0,0,4347,0,0,4347,BRA
2024-03-10,4231,304,305,3438,184,0,0,0,0,4231,0,0,0,0,0,0,0,0,4231,0,0,4231,BRA
2024-03-11,5265,296,289,4514,166,0,0,0,0,5265,0,0,0,0,0,0,0,0,5265,0,0,5265,BRA
2024-03-12,5271,295,266,4537,173,0,0,0,0,5271,0,0,0,0,0,0,0,0,5271,0,0,5271,BRA
2024-03-13,5300,333,287,4519,161,0,0,0,0,5300,0,0,0,0,0,0,0,0,5300,0,0,5300,BRA
2024-03-14,6014,363,302,5169,180,0,0,0,0,6014,0,0,0,0,0,0,0,0,6014,0,0,6014,BRA
2024-03-15,5921,363,325,5048,185,0,0,0,0,5921,0,0,0,0,0,0,0,0,5921,0,0,5921,BRA
2024-03-16,4718,317,302,3917,182,0,0,0,0,4718,0,0,0,0,0,0,0,0,4718,0,0,4718,BRA
2024-03-17,4320,282,289,3587,162,0,0,0,0,4320,0,0,0,0,0,0,0,0,4320,0,0,4320,BRA
2024-03-18,5222,306,288,4459,169,0,0,0,0,5222,0,0,0,0,0,0,0,0,5222,0,0,5222,BRA
2024-03-19,5259,316,283,4477,183,0,0,0,0,5259,0,0,0,0,0,0,0,0,5259,0,0,5259,BRA
2024-03-20,5564,316,282,4821,145,0,0,0,0,5564,0,0,0,0,0,0,0,0,5564,0,0,5564,BRA
2024-03-21,5551,312,306,4772,161,0,0,0,0,5551,0,0,0,0,0,0,0,0,5551,0,0,5551,BRA
2024-03-22,5466,315,285,4697,169,0,0,0,0,5466,0,0,0,0,0,0,0,0,5466,0,0,5466,BRA
2024-03-23,4264,334,295,3452,183,0,0,0,0,4264,0,0,0,0,0,0,0,0,4264,0,0,4264,BRA
2024-03-24,3828,260,264,3154,150,0,0,0,0,3828,0,0,0,0,0,0,0,0,3828,0,0,3828,BRA
2024-03-25,5354,332,326,4524,172,0,0,0,0,5354,0,0,0,0,0,0,0,0,5354,0,0,5354,BRA
2024-03-26,5280,345,330,4440,165,0,0,0,0,5280,0,0,0,0,0,0,0,0,5280,0,0,5280,BRA
2024-03-27,5606,377,331,4730,168,0,0,0,0,5606,0,0,0,0,0,0,0,0,5606,0,0,5606,BRA
2024-03-28,5667,330,313,4841,183,0,0,0,0,5667,0,0,0,0,0,0,0,0,5667,0,0,5667,BRA
2024-03-29,4427,349,318,3593,167,0,0,0,0,4427,0,0,0,0,0,0,0,0,4427,0,0,4427,BRA
2024-03-30,3683,320,317,2886,160,0,0,0,0,3683,0,0,0,0,0,0,0,0,3683,0,0,3683,BRA
2024-03-31,5015,306,339,4195,175,0,0,0,0,5015,0,0,0,0,0,0,0,0,5015,0,0,5015,BRA
2024-04-01,5774,330,325,4931,188,0,0,0,0,5774,0,0,0,0,0,0,0,0,5774,0,0,5774,BRA
2024-04-02,5571,311,270,4816,174,0,0,0,0,5571,0,0,0,0,0,0,0,0,5571,0,0,5571,BRA
2024-04-03,6008,363,311,5147,187,0,0,0,0,6008,0,0,0,0,0,0,0,0,6008,0,0,6008,BRA
2024-04-04,5939,337,309,5087,206,0,0,0,0,5939,0,0,0,0,0,0,0,0,5939,0,0,5939,BRA
2024-04-05,5906,341,310,5095,160,0,0,0,0,5906,0,0,0,0,0,0,0,0,5906,0,0,5906,BRA
2024-04-06,4960,320,282,4163,195,0,0,0,0,4960,0,0,0,0,0,0,0,0,4960,0,0,4960,BRA
2024-04-07,4483,294,285,3729,175,0,0,0,0,4483,0,0,0,0,0,0,0,0,4483,0,0,4483,BRA
2024-04-08,5252,309,280,4500,163,0,0,0,0,5252,0,0,0,0,0,0,0,0,5252,0,0,5252,BRA
2024-04-09,5595,312,289,4820,174,0,0,0,0,5595,0,0,0,0,0,0,0,0,5595,0,0,5595,BRA
2024-04-10,5795,347,308,4974,166,0,0,0,0,5795,0,0,0,0,0,0,0,0,5795,0,0,5795,BRA
2024-04-11,5684,334,323,4847,180,0,0,0,0,5684,0,0,0,0,0,0,0,0,5684,0,0,5684,BRA
2024-04-12,5789,319,294,4996,180,0,0,0,0,5789,0,0,0,0,0,0,0,0,5789,0,0,5789,BRA
2024-04-13,4573,308,271,3806,188,0,0,0,0,4573,0,0,0,0,0,0,0,0,4573,0,0,4573,BRA
2024-04-14,4368,283,300,3622,163,0,0,0,0,4368,0,0,0,0,0,0,0,0,4368,0,0,4368,BRA
2024-04-15,5210,295,275,4470,170,0,0,0,0,5210,0,0,0,0,0,0,0,0,5210,0,0,5210,BRA
2024-04-16,5211,315,261,4459,176,0,0,0,0,5211,0,0,0,0,0,0,0,0,5211,0,0,5211,BRA
2024-04-17,5580,302,292,4815,171,0,0,0,0,5580,0,0,0,0,0,0,0,0,5580,0,0,5580,BRA
2024-04-18,5848,320,300,5031,197,0,0,0,0,5848,0,0,0,0,0,0,0,0,5848,0,0,5848,BRA
2024-04-19,6190,366,330,5301,193,0,0,0,0,6190,0,0,0,0,0,0,0,0,6190,0,0,6190,BRA
2024-04-20,4929,322,279,4127,201,0,0,0,0,4929,0,0,0,0,0,0,0,0,4929,0,0,4929,BRA
2024-04-21,4769,285,314,4003,167,0,0,0,0,4769,0,0,0,0,0,0,0,0,4769,0,0,4769,BRA
2024-04-22,5357,332,299,4545,181,0,0,0,0,5357,0,0,0,0,0,0,0,0,5357,0,0,5357,BRA
2024-04-23,5486,295,271,4756,164,0,0,0,0,5486,0,0,0,0,0,0,0,0,5486,0,0,5486,BRA
2024-04-24,5490,308,287,4724,171,0,0,0,0,5490,0,0,0,0,0,0,0,0,5490,0,0,5490,BRA
2024-04-25,5692,327,307,4876,182,0,0,0,0,5692,0,0,0,0,0,0,0,0,5692,0,0,5692,BRA
2024-04-26,6081,324,308,5274,175,0,0,0,0,6081,0,0,0,0,0,0,0,0,6081,0,0,6081,BRA
2024-04-27,4840,319,285,4066,170,0,0,0,0,4840,0,0,0,0,0,0,0,0,4840,0,0,4840,BRA
2024-04-28,4557,309,287,3787,174,0,0,0,0,4557,0,0,0,0,0,0,0,0,4557,0,0,4557,BRA
2024-04-29,5290,300,278,4540,172,0,0,0,0,5290,0,0,0,0,0,0,0,0,5290,0,0,5290,BRA
2024-04-30,5344,304,266,4597,177,0,0,0,0,5344,0,0,0,0,0,0,0,0,5344,0,0,5344,BRA
2024-05-01,5122,329,290,4329,174,0,0,0,0,5122,0,0,0,0,0,0,0,0,5122,0,0,5122,BRA
2024-05-02,5328,314,295,4551,168,0,0,0,0,5328,0,0,0,0,0,0,0,0,5328,0,0,5328,BRA
2024-05-03,5711,327,304,4915,165,0,0,0,0,5711,0,0,0,0,0,0,0,0,5711,0,0,5711,BRA
2024-05-04,4557,304,295,3781,177,0,0,0,0,4557,0,0,0,0,0,0,0,0,4557,0,0,4557,BRA
2024-05-05,4728,276,304,3984,164,0,0,0,0,4728,0,0,0,0,0,0,0,0,4728,0,0,4728,BRA
2024-05-06,5380,287,266,4657,170,0,0,0,0,5380,0,0,0,0,0,0,0,0,5380,0,0,5380,BRA
2024-05-07,5553,311,296,4779,167,0,0,0,0,5553,0,0,0,0,0,0,0,0,5553,0,0,5553,BRA
2024-05-08,5554,306,282,4814,152,0,0,0,0,5554,0,0,0,0,0,0,0,0,5554,0,0,5554,BRA
2024-05-09,5749,323,311,4987,128,0,0,0,0,5749,0,0,0,0,0,0,0,0,5749,0,0,5749,BRA
2024-05-10,5874,346,316,5025,187,0,0,0,0,5874,0,0,0,0,0,0,0,0,5874,0,0,5874,BRA
2024-05-11,4715,283,266,3985,181,0,0,0,0,4715,0,0,0,0,0,0,0,0,4715,0,0,4715,BRA
2024-05-12,4283,287,273,3566,157,0,0,0,0,4283,0,0,0,0,0,0,0,0,4283,0,0,4283,BRA
2024-05-13,5148,291,249,4437,171,0,0,0,0,5148,0,0,0,0,0,0,0,0,5148,0,0,5148,BRA
2024-05-14,5266,302,278,4522,164,0,0,0,0,5266,0,0,0,0,0,0,0,0,5266,0,0,5266,BRA
2024-05-15,5211,260,243,4561,147,0,0,0,0,5211,0,0,0,0,0,0,0,0,5211,0,0,5211,BRA
2024-05-16,5591,302,290,4822,177,0,0,0,0,5591,0,0,0,0,0,0,0,0,5591,0,0,5591,BRA
2024-05-17,5590,318,302,4796,174,0,0,0,0,5590,0,0,0,0,0,0,0,0,5590,0,0,5590,BRA
2024-05-18,4527,311,271,3774,171,0,0,0,0,4527,0,0,0,0,0,0,0,0,4527,0,0,4527,BRA
2024-05-19,4357,267,275,3651,164,0,0,0,0,4357,0,0,0,0,0,0,0,0,4357,0,0,4357,BRA
2024-05-20,5298,303,291,4531,173,0,0,0,0,5298,0,0,0,0,0,0,0,0,5298,0,0,5298,BRA
2024-05-21,5306,279,258,4590,179,0,0,0,0,5306,0,0,0,0,0,0,0,0,5306,0,0,5306,BRA
2024-05-22,5752,342,309,4938,163,0,0,0,0,5752,0,0,0,0,0,0,0,0,5752,0,0,5752,BRA
2024-05-23,5621,328,316,4810,167,0,0,0,0,5621,0,0,0,0,0,0,0,0,5621,0,0,5621,BRA
2024-05-24,5469,341,305,4657,166,0,0,0,0,5469,0,0,0,0,0,0,0,0,5469,0,0,5469,BRA
2024-05-25,4599,319,286,3809,185,0,0,0,0,4599,0,0,0,0,0,0,0,0,4599,0,0,4599,BRA
2024-05-26,4016,242,262,3331,181,0,0,0,0,4016,0,0,0,0,0,0,0,0,4016,0,0,4016,BRA
2024-05-27,4606,309,297,3818,182,0,0,0,0,4606,0,0,0,0,0,0,0,0,4606,0,0,4606,BRA
2024-05-28,5166,312,275,4401,178,0,0,0,0,5166,0,0,0,0,0,0,0,0,5166,0,0,5166,BRA
2024-05-29,6255,334,294,5461,166,0,0,0,0,6255,0,0,0,0,0,0,0,0,6255,0,0,6255,BRA
2024-05-30,5534,343,302,4700,189,0,0,0,0,5534,0,0,0,0,0,0,0,0,5534,0,0,5534,BRA
2024-05-31,4447,319,283,3661,184,0,0,0,0,4447,0,0,0,0,0,0,0,0,4447,0,0,4447,BRA
2024-06-01,4170,304,269,3409,188,0,0,0,0,4170,0,0,0,0,0,0,0,0,4170,0,0,4170,BRA
2024-06-02,5472,331,335,4614,192,0,0,0,0,5472,0,0,0,0,0,0,0,0,5472,0,0,5472,BRA
2024-06-03,5474,294,284,4716,180,0,0,0,0,5474,0,0,0,0,0,0,0,0,5474,0,0,5474,BRA
2024-06-04,5479,307,280,4720,172,0,0,0,0,5479,0,0,0,0,0,0,0,0,5479,0,0,5479,BRA
2024-06-05,5641,304,280,4890,167,0,0,0,0,5641,0,0,0,0,0,0,0,0,5641,0,0,5641,BRA
2024-06-06,5860,318,282,5061,199,0,0,0,0,5860,0,0,0,0,0,0,0,0,5860,0,0,5860,BRA
2024-06-07,6131,333,327,5296,175,0,0,0,0,6131,0,0,0,0,0,0,0,0,6131,0,0,6131,BRA
2024-06-08,4885,305,275,4119,186,0,0,0,0,4885,0,0,0,0,0,0,0,0,4885,0,0,4885,BRA
2024-06-09,4760,289,337,3945,189,0,0,0,0,4760,0,0,0,0,0,0,0,0,4760,0,0,4760,BRA
2024-06-10,5542,295,294,4756,197,0,0,0,0,5542,0,0,0,0,0,0,0,0,5542,0,0,5542,BRA
2024-06-11,5662,343,301,4846,172,0,0,0,0,5662,0,0,0,0,0,0,0,0,5662,0,0,5662,BRA
2024-06-12,5752,335,281,4959,177,0,0,0,0,5752,0,0,0,0,0,0,0,0,5752,0,0,5752,BRA
2024-06-13,6090,322,284,5284,200,0,0,0,0,6090,0,0,0,0,0,0,0,0,6090,0,0,6090,BRA
2024-06-14,6294,348,317,5447,182,0,0,0,0,6294,0,0,0,0,0,0,0,0,6294,0,0,6294,BRA
2024-06-15,5160,327,300,4339,194,0,0,0,0,5160,0,0,0,0,0,0,0,0,5160,0,0,5160,BRA
2024-06-16,4752,298,280,3997,177,0,0,0,0,4752,0,0,0,0,0,0,0,0,4752,0,0,4752,BRA
2024-06-17,5530,294,287,4749,200,0,0,0,0,5530,0,0,0,0,0,0,0,0,5530,0,0,5530,BRA
2024-06-18,5683,324,275,4898,186,0,0,0,0,5683,0,0,0,0,0,0,0,0,5683,0,0,5683,BRA
2024-06-19,5922,339,306,5103,174,0,0,0,0,5922,0,0,0,0,0,0,0,0,5922,0,0,5922,BRA
2024-06-20,6170,335,312,5321,202,0,0,0,0,6170,0,0,0,0,0,0,0,0,6170,0,0,6170,BRA
2024-06-21,6241,345,318,5391,187,0,0,0,0,6241,0,0,0,0,0,0,0,0,6241,0,0,6241,BRA
2024-06-22,5165,316,285,4374,190,0,0,0,0,5165,0,0,0,0,0,0,0,0,5165,0,0,5165,BRA
2024-06-23,4762,310,324,3936,192,0,0,0,0,4762,0,0,0,0,0,0,0,0,4762,0,0,4762,BRA
2024-06-24,5458,329,298,4637,194,0,0,0,0,5458,0,0,0,0,0,0,0,0,5458,0,0,5458,BRA
2024-06-25,5570,312,294,4779,185,0,0,0,0,5570,0,0,0,0,0,0,0,0,5570,0,0,5570,BRA
2024-06-26,5756,334,290,4946,186,0,0,0,0,5756,0,0,0,0,0,0,0,0,5756,0,0,5756,BRA
2024-06-27,6162,359,316,5285,202,0,0,0,0,6162,0,0,0,0,0,0,0,0,6162,0,0,6162,BRA
2024-06-28,6241,357,326,5374,184,0,0,0,0,6241,0,0,0,0,0,0,0,0,6241,0,0,6241,BRA
2024-06-29,5109,313,296,4314,186,0,0,0,0,5109,0,0,0,0,0,0,0,0,5109,0,0,5109,BRA
2024-06-30,4815,268,280,4077,190,0,0,0,0,4815,0,0,0,0,0,0,0,0,4815,0,0,4815,BRA
2024-07-01,5521,297,301,4738,185,0,0,0,0,5521,0,0,0,0,0,0,0,0,5521,0,0,5521,BRA
2024-07-02,5911,343,309,5075,184,0,0,0,0,5911,0,0,0,0,0,0,0,0,5911,0,0,5911,BRA
2024-07-03,6196,381,356,5259,200,0,0,0,0,6196,0,0,0,0,0,0,0,0,6196,0,0,6196,BRA
2024-07-04,6435,385,366,5479,205,0,0,0,0,6435,0,0,0,0,0,0,0,0,6435,0,0,6435,BRA
2024-07-05,6374,414,358,5387,215,0,0,0,0,6374,0,0,0,0,0,0,0,0,6374,0,0,6374,BRA
2024-07-06,5073,350,317,4218,188,0,0,0,0,5073,0,0,0,0,0,0,0,0,5073,0,0,5073,BRA
2024-07-07,4742,318,331,3918,175,0,0,0,0,4742,0,0,0,0,0,0,0,0,4742,0,0,4742,BRA
2024-07-08,5413,336,305,4578,194,0,0,0,0,5413,0,0,0,0,0,0,0,0,5413,0,0,5413,BRA
2024-07-09,5086,333,312,4235,206,0,0,0,0,5086,0,0,0,0,0,0,0,0,5086,0,0,5086,BRA
2024-07-10,5746,345,336,4877,188,0,0,0,0,5746,0,0,0,0,0,0,0,0,5746,0,0,5746,BRA
2024-07-11,5766,342,330,4879,215,0,0,0,0,5766,0,0,0,0,0,0,0,0,5766,0,0,5766,BRA
2024-07-12,5774,350,322,4922,180,0,0,0,0,5774,0,0,0,0,0,0,0,0,5774,0,0,5774,BRA
2024-07-13,4573,292,279,3811,191,0,0,0,0,4573,0,0,0,0,0,0,0,0,4573,0,0,4573,BRA
2024-07-14,4776,330,349,3919,178,0,0,0,0,4776,0,0,0,0,0,0,0,0,4776,0,0,4776,BRA
2024-07-15,5662,363,339,4774,186,0,0,0,0,5662,0,0,0,0,0,0,0,0,5662,0,0,5662,BRA
2024-07-16,5707,361,327,4822,197,0,0,0,0,5707,0,0,0,0,0,0,0,0,5707,0,0,5707,BRA
2024-07-17,6050,386,380,5091,193,0,0,0,0,6050,0,0,0,0,0,0,0,0,6050,0,0,6050,BRA
2024-07-18,6279,364,368,5344,203,0,0,0,0,6279,0,0,0,0,0,0,0,0,6279,0,0,6279,BRA
2024-07-19,6237,390,354,5308,185,0,0,0,0,6237,0,0,0,0,0,0,0,0,6237,0,0,6237,BRA
2024-07-20,5294,352,328,4421,193,0,0,0,0,5294,0,0,0,0,0,0,0,0,5294,0,0,5294,BRA
2024-07-21,5302,333,360,4430,179,0,0,0,0,5302,0,0,0,0,0,0,0,0,5302,0,0,5302,BRA
2024-07-22,5811,356,347,4926,182,0,0,0,0,5811,0,0,0,0,0,0,0,0,5811,0,0,5811,BRA
2024-07-23,5898,378,324,5010,186,0,0,0,0,5898,0,0,0,0,0,0,0,0,5898,0,0,5898,BRA
2024-07-24,6171,375,356,5261,179,0,0,0,0,6171,0,0,0,0,0,0,0,0,6171,0,0,6171,BRA
2024-07-25,6296,360,354,5384,198,0,0,0,0,6296,0,0,0,0,0,0,0,0,6296,0,0,6296,BRA
2024-07-26,6408,419,357,5434,198,0,0,0,0,6408,0,0,0,0,0,0,0,0,6408,0,0,6408,BRA
2024-07-27,5432,358,365,4479,230,0,0,0,0,5432,0,0,0,0,0,0,0,0,5432,0,0,5432,BRA
2024-07-28,5354,324,376,4448,206,0,0,0,0,5354,0,0,0,0,0,0,0,0,5354,0,0,5354,BRA
2024-07-29,5675,370,342,4765,198,0,0,0,0,5675,0,0,0,0,0,0,0,0,5675,0,0,5675,BRA
2024-07-30,5397,316,307,4601,173,0,0,0,0,5397,0,0,0,0,0,0,0,0,5397,0,0,5397,BRA
2024-07-31,6123,382,356,5193,192,0,0,0,0,6123,0,0,0,0,0,0,0,0,6123,0,0,6123,BRA
2024-08-01,6290,377,360,5341,212,0,0,0,0,6290,0,0,0,0,0,0,0,0,6290,0,0,6290,BRA
2024-08-02,6402,385,356,5469,192,0,0,0,0,6402,0,0,0,0,0,0,0,0,6402,0,0,6402,BRA
2024-08-03,5358,359,334,4475,190,0,0,0,0,5358,0,0,0,0,0,0,0,0,5358,0,0,5358,BRA
2024-08-04,5359,340,336,4499,184,0,0,0,0,5359,0,0,0,0,0,0,0,0,5359,0,0,5359,BRA
2024-08-05,5764,343,347,4868,206,0,0,0,0,5764,0,0,0,0,0,0,0,0,5764,0,0,5764,BRA
2024-08-06,5775,334,324,4931,186,0,0,0,0,5775,0,0,0,0,0,0,0,0,5775,0,0,5775,BRA
2024-08-07,5936,347,340,5080,169,0,0,0,0,5936,0,0,0,0,0,0,0,0,5936,0,0,5936,BRA
2024-08-08,5907,342,341,5020,204,0,0,0,0,5907,0,0,0,0,0,0,0,0,5907,0,0,5907,BRA
2024-08-09,5821,375,340,4912,194,0,0,0,0,5821,0,0,0,0,0,0,0,0,5821,0,0,5821,BRA
2024-08-10,4610,295,275,3852,188,0,0,0,0,4610,0,0,0,0,0,0,0,0,4610,0,0,4610,BRA
2024-08-11,4619,323,325,3807,164,0,0,0,0,4619,0,0,0,0,0,0,0,0,4619,0,0,4619,BRA
2024-08-12,5584,363,341,4706,174,0,0,0,0,5584,0,0,0,0,0,0,0,0,5584,0,0,5584,BRA
2024-08-13,5708,335,309,4870,194,0,0,0,0,5708,0,0,0,0,0,0,0,0,5708,0,0,5708,BRA
2024-08-14,5985,340,319,5153,173,0,0,0,0,5985,0,0,0,0,0,0,0,0,5985,0,0,5985,BRA
2024-08-15,6198,371,345,5278,204,0,0,0,0,6198,0,0,0,0,0,0,0,0,6198,0,0,6198,BRA
2024-08-16,6332,399,359,5398,176,0,0,0,0,6332,0,0,0,0,0,0,0,0,6332,0,0,6332,BRA
2024-08-17,5335,370,362,4411,192,0,0,0,0,5335,0,0,0,0,0,0,0,0,5335,0,0,5335,BRA
2024-08-18,5158,334,334,4323,167,0,0,0,0,5158,0,0,0,0,0,0,0,0,5158,0,0,5158,BRA
2024-08-19,5578,342,332,4708,196,0,0,0,0,5578,0,0,0,0,0,0,0,0,5578,0,0,5578,BRA
2024-08-20,5909,343,314,5055,197,0,0,0,0,5909,0,0,0,0,0,0,0,0,5909,0,0,5909,BRA
2024-08-21,5938,376,345,5028,189,0,0,0,0,5938,0,0,0,0,0,0,0,0,5938,0,0,5938,BRA
2024-08-22,6159,368,347,5243,201,0,0,0,0,6159,0,0,0,0,0,0,0,0,6159,0,0,6159,BRA
2024-08-23,6127,384,337,5210,196,0,0,0,0,6127,0,0,0,0,0,0,0,0,6127,0,0,6127,BRA
2024-08-24,4791,355,324,3911,201,0,0,0,0,4791,0,0,0,0,0,0,0,0,4791,0,0,4791,BRA
2024-08-25,4571,310,321,3765,175,0,0,0,0,4571,0,0,0,0,0,0,0,0,4571,0,0,4571,BRA
2024-08-26,5623,338,324,4774,187,0,0,0,0,5623,0,0,0,0,0,0,0,0,5623,0,0,5623,BRA
2024-08-27,5718,338,338,4864,178,0,0,0,0,5718,0,0,0,0,0,0,0,0,5718,0,0,5718,BRA
2024-08-28,5865,356,345,4993,171,0,0,0,0,5865,0,0,0,0,0,0,0,0,5865,0,0,5865,BRA
2024-08-29,5933,369,354,5034,176,0,0,0,0,5933,0,0,0,0,0,0,0,0,5933,0,0,5933,BRA
2024-08-30,6206,384,376,5273,173,0,0,0,0,6206,0,0,0,0,0,0,0,0,6206,0,0,6206,BRA
2024-08-31,5163,376,336,4270,181,0,0,0,0,5163,0,0,0,0,0,0,0,0,5163,0,0,5163,BRA
2024-09-01,5039,340,348,4191,160,0,0,0,0,5039,0,0,0,0,0,0,0,0,5039,0,0,5039,BRA
2024-09-02,5483,373,363,4572,175,0,0,0,0,5483,0,0,0,0,0,0,0,0,5483,0,0,5483,BRA
2024-09-03,5580,355,326,4720,179,0,0,0,0,5580,0,0,0,0,0,0,0,0,5580,0,0,5580,BRA
2024-09-04,5713,372,336,4842,163,0,0,0,0,5713,0,0,0,0,0,0,0,0,5713,0,0,5713,BRA
2024-09-05,5949,366,361,5031,191,0,0,0,0,5949,0,0,0,0,0,0,0,0,5949,0,0,5949,BRA
2024-09-06,6101,350,340,5229,182,0,0,0,0,6101,0,0,0,0,0,0,0,0,6101,0,0,6101,BRA
2024-09-07,5129,373,329,4222,205,0,0,0,0,5129,0,0,0,0,0,0,0,0,5129,0,0,5129,BRA
2024-09-08,5008,343,351,4147,167,0,0,0,0,5008,0,0,0,0,0,0,0,0,5008,0,0,5008,BRA
2024-09-09,5470,353,340,4598,179,0,0,0,0,5470,0,0,0,0,0,0,0,0,5470,0,0,5470,BRA
2024-09-10,5662,332,310,4832,188,0,0,0,0,5662,0,0,0,0,0,0,0,0,5662,0,0,5662,BRA
2024-09-11,5885,367,352,4984,182,0,0,0,0,5885,0,0,0,0,0,0,0,0,5885,0,0,5885,BRA
2024-09-12,6019,356,330,5138,195,0,0,0,0,6019,0,0,0,0,0,0,0,0,6019,0,0,6019,BRA
2024-09-13,6117,389,367,5180,181,0,0,0,0,6117,0,0,0,0,0,0,0,0,6117,0,0,6117,BRA
2024-09-14,5046,363,326,4176,181,0,0,0,0,5046,0,0,0,0,0,0,0,0,5046,0,0,5046,BRA
2024-09-15,4703,326,352,3852,173,0,0,0,0,4703,0,0,0,0,0,0,0,0,4703,0,0,4703,BRA
2024-09-16,5378,350,334,4494,200,0,0,0,0,5378,0,0,0,0,0,0,0,0,5378,0,0,5378,BRA
2024-09-17,5610,311,303,4810,186,0,0,0,0,5610,0,0,0,0,0,0,0,0,5610,0,0,5610,BRA
2024-09-18,5838,363,340,4946,189,0,0,0,0,5838,0,0,0,0,0,0,0,0,5838,0,0,5838,BRA
2024-09-19,6080,371,360,5140,209,0,0,0,0,6080,0,0,0,0,0,0,0,0,6080,0,0,6080,BRA
2024-09-20,6125,380,361,5190,194,0,0,0,0,6125,0,0,0,0,0,0,0,0,6125,0,0,6125,BRA
2024-09-21,5255,397,347,4332,179,0,0,0,0,5255,0,0,0,0,0,0,0,0,5255,0,0,5255,BRA
2024-09-22,5128,342,344,4268,174,0,0,0,0,5128,0,0,0,0,0,0,0,0,5128,0,0,5128,BRA
2024-09-23,5803,360,351,4894,198,0,0,0,0,5803,0,0,0,0,0,0,0,0,5803,0,0,5803,BRA
2024-09-24,5799,360,346,4888,205,0,0,0,0,5799,0,0,0,0,0,0,0,0,5799,0,0,5799,BRA
2024-09-25,6026,347,315,5168,196,0,0,0,0,6026,0,0,0,0,0,0,0,0,6026,0,0,6026,BRA
2024-09-26,6004,343,346,5123,192,0,0,0,0,6004,0,0,0,0,0,0,0,0,6004,0,0,6004,BRA
2024-09-27,6220,381,378,5269,192,0,0,0,0,6220,0,0,0,0,0,0,0,0,6220,0,0,6220,BRA
2024-09-28,5419,386,375,4456,202,0,0,0,0,5419,0,0,0,0,0,0,0,0,5419,0,0,5419,BRA
2024-09-29,5137,351,355,4248,183,0,0,0,0,5137,0,0,0,0,0,0,0,0,5137,0,0,5137,BRA
2024-09-30,5795,353,317,4913,212,0,0,0,0,5795,0,0,0,0,0,0,0,0,5795,0,0,5795,BRA
2024-10-01,5913,373,347,4971,222,0,0,0,0,5913,0,0,0,0,0,0,0,0,5913,0,0,5913,BRA
2024-10-02,5922,382,359,4992,189,0,0,0,0,5922,0,0,0,0,0,0,0,0,5922,0,0,5922,BRA
2024-10-03,5999,365,355,5068,211,0,0,0,0,5999,0,0,0,0,0,0,0,0,5999,0,0,5999,BRA
2024-10-04,5982,353,342,5041,246,0,0,0,0,5982,0,0,0,0,0,0,0,0,5982,0,0,5982,BRA
2024-10-05,5273,377,356,4322,218,0,0,0,0,5273,0,0,0,0,0,0,0,0,5273,0,0,5273,BRA
2024-10-06,4879,373,366,3948,192,0,0,0,0,4879,0,0,0,0,0,0,0,0,4879,0,0,4879,BRA
2024-10-07,5589,347,332,4722,188,0,0,0,0,5589,0,0,0,0,0,0,0,0,5589,0,0,5589,BRA
2024-10-08,5748,369,344,4848,187,0,0,0,0,5748,0,0,0,0,0,0,0,0,5748,0,0,5748,BRA
2024-10-09,5495,354,346,4608,187,0,0,0,0,5495,0,0,0,0,0,0,0,0,5495,0,0,5495,BRA
2024-10-10,5343,334,322,4496,191,0,0,0,0,5343,0,0,0,0,0,0,0,0,5343,0,0,5343,BRA
2024-10-11,5486,356,332,4599,199,0,0,0,0,5486,0,0,0,0,0,0,0,0,5486,0,0,5486,BRA
2024-10-12,5210,376,343,4279,212,0,0,0,0,5210,0,0,0,0,0,0,0,0,5210,0,0,5210,BRA
2024-10-13,4882,362,351,3958,211,0,0,0,0,4882,0,0,0,0,0,0,0,0,4882,0,0,4882,BRA
2024-10-14,5649,369,390,4676,214,0,0,0,0,5649,0,0,0,0,0,0,0,0,5649,0,0,5649,BRA
2024-10-15,5618,354,326,4727,211,0,0,0,0,5618,0,0,0,0,0,0,0,0,5618,0,0,5618,BRA
2024-10-16,5731,382,342,4827,180,0,0,0,0,5731,0,0,0,0,0,0,0,0,5731,0,0,5731,BRA
2024-10-17,6082,358,352,5162,210,0,0,0,0,6082,0,0,0,0,0,0,0,0,6082,0,0,6082,BRA
2024-10-18,5983,377,333,5084,189,0,0,0,0,5983,0,0,0,0,0,0,0,0,5983,0,0,5983,BRA
2024-10-19,4490,334,311,3642,203,0,0,0,0,4490,0,0,0,0,0,0,0,0,4490,0,0,4490,BRA
2024-10-20,4522,275,305,3756,186,0,0,0,0,4522,0,0,0,0,0,0,0,0,4522,0,0,4522,BRA
2024-10-21,5230,361,374,4306,189,0,0,0,0,5230,0,0,0,0,0,0,0,0,5230,0,0,5230,BRA
2024-10-22,5789,360,338,4888,203,0,0,0,0,5789,0,0,0,0,0,0,0,0,5789,0,0,5789,BRA
2024-10-23,5598,376,346,4710,166,0,0,0,0,5598,0,0,0,0,0,0,0,0,5598,0,0,5598,BRA
2024-10-24,5537,372,350,4618,197,0,0,0,0,5537,0,0,0,0,0,0,0,0,5537,0,0,5537,BRA
2024-10-25,5797,379,367,4851,200,0,0,0,0,5797,0,0,0,0,0,0,0,0,5797,0,0,5797,BRA
2024-10-26,4952,360,343,4052,197,0,0,0,0,4952,0,0,0,0,0,0,0,0,4952,0,0,4952,BRA
2024-10-27,4498,318,341,3647,192,0,0,0,0,4498,0,0,0,0,0,0,0,0,4498,0,0,4498,BRA
2024-10-28,5367,349,345,4464,209,0,0,0,0,5367,0,0,0,0,0,0,0,0,5367,0,0,5367,BRA
2024-10-29,5523,373,311,4616,223,0,0,0,0,5523,0,0,0,0,0,0,0,0,5523,0,0,5523,BRA
2024-10-30,5745,332,319,4938,156,0,0,0,0,5745,0,0,0,0,0,0,0,0,5745,0,0,5745,BRA
2024-10-31,6184,409,385,5162,228,0,0,0,0,6184,0,0,0,0,0,0,0,0,6184,0,0,6184,BRA
2024-11-01,6149,395,379,5170,205,0,0,0,0,6149,0,0,0,0,0,0,0,0,6149,0,0,6149,BRA
2024-11-02,4737,373,350,3804,210,0,0,0,0,4737,0,0,0,0,0,0,0,0,4737,0,0,4737,BRA
2024-11-03,4523,337,345,3681,160,0,0,0,0,4523,0,0,0,0,0,0,0,0,4523,0,0,4523,BRA
2024-11-04,5105,360,343,4232,170,0,0,0,0,5105,0,0,0,0,0,0,0,0,5105,0,0,5105,BRA
2024-11-05,5271,349,342,4397,183,0,0,0,0,5271,0,0,0,0,0,0,0,0,5271,0,0,5271,BRA
2024-11-06,5518,357,344,4625,192,0,0,0,0,5518,0,0,0,0,0,0,0,0,5518,0,0,5518,BRA
2024-11-07,5316,367,346,4401,202,0,0,0,0,5316,0,0,0,0,0,0,0,0,5316,0,0,5316,BRA
2024-11-08,5579,370,340,4668,201,0,0,0,0,5579,0,0,0,0,0,0,0,0,5579,0,0,5579,BRA
2024-11-09,4932,384,348,3995,205,0,0,0,0,4932,0,0,0,0,0,0,0,0,4932,0,0,4932,BRA
2024-11-10,5221,373,379,4289,180,0,0,0,0,5221,0,0,0,0,0,0,0,0,5221,0,0,5221,BRA
2024-11-11,5933,380,367,4989,197,0,0,0,0,5933,0,0,0,0,0,0,0,0,5933,0,0,5933,BRA
2024-11-12,5799,364,337,4893,205,0,0,0,0,5799,0,0,0,0,0,0,0,0,5799,0,0,5799,BRA
2024-11-13,5347,312,281,4561,193,0,0,0,0,5347,0,0,0,0,0,0,0,0,5347,0,0,5347,BRA
2024-11-14,6558,435,404,5507,212,0,0,0,0,6558,0,0,0,0,0,0,0,0,6558,0,0,6558,BRA
2024-11-15,5447,376,326,4536,209,0,0,0,0,5447,0,0,0,0,0,0,0,0,5447,0,0,5447,BRA
2024-11-16,3965,318,322,3110,215,0,0,0,0,3965,0,0,0,0,0,0,0,0,3965,0,0,3965,BRA
2024-11-17,5304,356,421,4309,218,0,0,0,0,5304,0,0,0,0,0,0,0,0,5304,0,0,5304,BRA
2024-11-18,5713,433,417,4652,211,0,0,0,0,5713,0,0,0,0,0,0,0,0,5713,0,0,5713,BRA
2024-11-19,5494,401,341,4550,202,0,0,0,0,5494,0,0,0,0,0,0,0,0,5494,0,0,5494,BRA
2024-11-20,5448,408,386,4463,191,0,0,0,0,5448,0,0,0,0,0,0,0,0,5448,0,0,5448,BRA
2024-11-21,5433,373,361,4497,202,0,0,0,0,5433,0,0,0,0,0,0,0,0,5433,0,0,5433,BRA
2024-11-22,5603,410,373,4630,190,0,0,0,0,5603,0,0,0,0,0,0,0,0,5603,0,0,5603,BRA
2024-11-23,4969,384,351,4026,208,0,0,0,0,4969,0,0,0,0,0,0,0,0,4969,0,0,4969,BRA
2024-11-24,5191,397,412,4184,198,0,0,0,0,5191,0,0,0,0,0,0,0,0,5191,0,0,5191,BRA
2024-11-25,5969,369,375,5031,194,0,0,0,0,5969,0,0,0,0,0,0,0,0,5969,0,0,5969,BRA
2024-11-26,6156,391,348,5213,204,0,0,0,0,6156,0,0,0,0,0,0,0,0,6156,0,0,6156,BRA
2024-11-27,6214,382,349,5279,204,0,0,0,0,6214,0,0,0,0,0,0,0,0,6214,0,0,6214,BRA
2024-11-28,6054,382,346,5114,212,0,0,0,0,6054,0,0,0,0,0,0,0,0,6054,0,0,6054,BRA
2024-11-29,6118,466,392,5057,203,0,0,0,0,6118,0,0,0,0,0,0,0,0,6118,0,0,6118,BRA
2024-11-30,5089,386,355,4143,205,0,0,0,0,5089,0,0,0,0,0,0,0,0,5089,0,0,5089,BRA
2024-12-01,5072,365,420,4096,191,0,0,0,0,5072,0,0,0,0,0,0,0,0,5072,0,0,5072,BRA
2024-12-02,5418,375,368,4467,208,0,0,0,0,5418,0,0,0,0,0,0,0,0,5418,0,0,5418,BRA
2024-12-03,5227,341,324,4363,199,0,0,0,0,5227,0,0,0,0,0,0,0,0,5227,0,0,5227,BRA
2024-12-04,5478,288,305,4706,179,0,0,0,0,5478,0,0,0,0,0,0,0,0,5478,0,0,5478,BRA
2024-12-05,6088,399,356,5129,204,0,0,0,0,6088,0,0,0,0,0,0,0,0,6088,0,0,6088,BRA
2024-12-06,6167,401,370,5196,200,0,0,0,0,6167,0,0,0,0,0,0,0,0,6167,0,0,6167,BRA
2024-12-07,5113,421,390,4106,196,0,0,0,0,5113,0,0,0,0,0,0,0,0,5113,0,0,5113,BRA
2024-12-08,4916,361,374,3990,191,0,0,0,0,4916,0,0,0,0,0,0,0,0,4916,0,0,4916,BRA
2024-12-09,5542,386,355,4597,204,0,0,0,0,5542,0,0,0,0,0,0,0,0,5542,0,0,5542,BRA
2024-12-10,5744,379,342,4809,214,0,0,0,0,5744,0,0,0,0,0,0,0,0,5744,0,0,5744,BRA
2024-12-11,6180,376,382,5230,192,0,0,0,0,6180,0,0,0,0,0,0,0,0,6180,0,0,6180,BRA
2024-12-12,6644,433,385,5616,210,0,0,0,0,6644,0,0,0,0,0,0,0,0,6644,0,0,6644,BRA
2024-12-13,6478,433,386,5484,175,0,0,0,0,6478,0,0,0,0,0,0,0,0,6478,0,0,6478,BRA
2024-12-14,4900,409,398,3881,212,0,0,0,0,4900,0,0,0,0,0,0,0,0,4900,0,0,4900,BRA
2024-12-15,4994,371,392,4030,201,0,0,0,0,4994,0,0,0,0,0,0,0,0,4994,0,0,4994,BRA
2024-12-16,5858,385,386,4881,206,0,0,0,0,5858,0,0,0,0,0,0,0,0,5858,0,0,5858,BRA
2024-12-17,6468,419,370,5465,214,0,0,0,0,6468,0,0,0,0,0,0,0,0,6468,0,0,6468,BRA
2024-12-18,6610,418,399,5598,195,0,0,0,0,6610,0,0,0,0,0,0,0,0,6610,0,0,6610,BRA
2024-12-19,6715,436,406,5665,208,0,0,0,0,6715,0,0,0,0,0,0,0,0,6715,0,0,6715,BRA
2024-12-20,6254,407,386,5262,199,0,0,0,0,6254,0,0,0,0,0,0,0,0,6254,0,0,6254,BRA
2024-12-21,5527,404,380,4525,218,0,0,0,0,5527,0,0,0,0,0,0,0,0,5527,0,0,5527,BRA
2024-12-22,4819,362,379,3875,203,0,0,0,0,4819,0,0,0,0,0,0,0,0,4819,0,0,4819,BRA
2024-12-23,5188,356,341,4291,200,0,0,0,0,5188,0,0,0,0,0,0,0,0,5188,0,0,5188,BRA
2024-12-24,3979,361,323,3105,190,0,0,0,0,3979,0,0,0,0,0,0,0,0,3979,0,0,3979,BRA
2024-12-25,3243,319,318,2453,153,0,0,0,0,3243,0,0,0,0,0,0,0,0,3243,0,0,3243,BRA
2024-12-26,5724,431,386,4680,227,0,0,0,0,5724,0,0,0,0,0,0,0,0,5724,0,0,5724,BRA
2024-12-27,6083,427,380,5037,239,0,0,0,0,6083,0,0,0,0,0,0,0,0,6083,0,0,6083,BRA
2024-12-28,5241,431,385,4193,232,0,0,0,0,5241,0,0,0,0,0,0,0,0,5241,0,0,5241,BRA
2024-12-29,4634,399,386,3618,231,0,0,0,0,4634,0,0,0,0,0,0,0,0,4634,0,0,4634,BRA
2024-12-30,4935,404,381,3914,236,0,0,0,0,4935,0,0,0,0,0,0,0,0,4935,0,0,4935,BRA
2024-12-31,3837,341,315,2982,199,0,0,0,0,3837,0,0,0,0,0,0,0,0,3837,0,0,3837,BRA
2025-01-01,3387,291,297,2614,185,0,0,0,0,3387,0,0,0,0,0,0,0,0,3387,0,0,3387,BRA
2025-01-02,5254,423,399,4240,192,0,0,0,0,5254,0,0,0,0,0,0,0,0,5254,0,0,5254,BRA
2025-01-03,5515,429,408,4482,196,0,0,0,0,5515,0,0,0,0,0,0,0,0,5515,0,0,5515,BRA
2025-01-04,5258,436,392,4195,235,0,0,0,0,5258,0,0,0,0,0,0,0,0,5258,0,0,5258,BRA
2025-01-05,5248,420,429,4167,232,0,0,0,0,5248,0,0,0,0,0,0,0,0,5248,0,0,5248,BRA
2025-01-06,5618,404,393,4612,209,0,0,0,0,5618,0,0,0,0,0,0,0,0,5618,0,0,5618,BRA
2025-01-07,5365,427,368,4335,235,0,0,0,0,5365,0,0,0,0,0,0,0,0,5365,0,0,5365,BRA
2025-01-08,5535,412,411,4511,201,0,0,0,0,5535,0,0,0,0,0,0,0,0,5535,0,0,5535,BRA
2025-01-09,5476,387,378,4507,204,0,0,0,0,5476,0,0,0,0,0,0,0,0,5476,0,0,5476,BRA
2025-01-10,5894,444,394,4841,215,0,0,0,0,5894,0,0,0,0,0,0,0,0,5894,0,0,5894,BRA
2025-01-11,5119,435,412,4059,213,0,0,0,0,5119,0,0,0,0,0,0,0,0,5119,0,0,5119,BRA
2025-01-12,4812,390,395,3824,203,0,0,0,0,4812,0,0,0,0,0,0,0,0,4812,0,0,4812,BRA
2025-01-13,5576,395,395,4595,191,0,0,0,0,5576,0,0,0,0,0,0,0,0,5576,0,0,5576,BRA
2025-01-14,5573,409,400,4549,215,0,0,0,0,5573,0,0,0,0,0,0,0,0,5573,0,0,5573,BRA
2025-01-15,5725,438,409,4651,227,0,0,0,0,5725,0,0,0,0,0,0,0,0,5725,0,0,5725,BRA
2025-01-16,5608,400,397,4587,224,0,0,0,0,5608,0,0,0,0,0,0,0,0,5608,0,0,5608,BRA
2025-01-17,5696,415,411,4662,208,0,0,0,0,5696,0,0,0,0,0,0,0,0,5696,0,0,5696,BRA
2025-01-18,4999,398,385,3993,223,0,0,0,0,4999,0,0,0,0,0,0,0,0,4999,0,0,4999,BRA
2025-01-19,4868,403,380,3877,208,0,0,0,0,4868,0,0,0,0,0,0,0,0,4868,0,0,4868,BRA
2025-01-20,5563,400,388,4584,191,0,0,0,0,5563,0,0,0,0,0,0,0,0,5563,0,0,5563,BRA
2025-01-21,5842,412,385,4835,210,0,0,0,0,5842,0,0,0,0,0,0,0,0,5842,0,0,5842,BRA
2025-01-22,5875,457,416,4816,186,0,0,0,0,5875,0,0,0,0,0,0,0,0,5875,0,0,5875,BRA
2025-01-23,5890,407,410,4884,189,0,0,0,0,5890,0,0,0,0,0,0,0,0,5890,0,0,5890,BRA
2025-01-24,6021,427,428,4942,224,0,0,0,0,6021,0,0,0,0,0,0,0,0,6021,0,0,6021,BRA
2025-01-25,5055,422,391,4034,208,0,0,0,0,5055,0,0,0,0,0,0,0,0,5055,0,0,5055,BRA
2025-01-26,4844,380,402,3859,203,0,0,0,0,4844,0,0,0,0,0,0,0,0,4844,0,0,4844,BRA
2025-01-27,5486,396,392,4493,205,0,0,0,0,5486,0,0,0,0,0,0,0,0,5486,0,0,5486,BRA
2025-01-28,5557,401,381,4565,210,0,0,0,0,5557,0,0,0,0,0,0,0,0,5557,0,0,5557,BRA
2025-01-29,5603,418,395,4594,196,0,0,0,0,5603,0,0,0,0,0,0,0,0,5603,0,0,5603,BRA
2025-01-30,5744,432,429,4678,205,0,0,0,0,5744,0,0,0,0,0,0,0,0,5744,0,0,5744,BRA
2025-01-31,5852,435,402,4782,233,0,0,0,0,5852,0,0,0,0,0,0,0,0,5852,0,0,5852,BRA
2025-02-01,4680,386,396,3688,210,0,0,0,0,4680,0,0,0,0,0,0,0,0,4680,0,0,4680,BRA
2025-02-02,4702,381,402,3708,211,0,0,0,0,4702,0,0,0,0,0,0,0,0,4702,0,0,4702,BRA
2025-02-03,5328,399,380,4333,216,0,0,0,0,5328,0,0,0,0,0,0,0,0,5328,0,0,5328,BRA
2025-02-04,5548,397,373,4578,200,0,0,0,0,5548,0,0,0,0,0,0,0,0,5548,0,0,5548,BRA
2025-02-05,5778,417,387,4801,173,0,0,0,0,5778,0,0,0,0,0,0,0,0,5778,0,0,5778,BRA
2025-02-06,5945,413,388,4936,208,0,0,0,0,5945,0,0,0,0,0,0,0,0,5945,0,0,5945,BRA
2025-02-07,6384,462,421,5285,216,0,0,0,0,6384,0,0,0,0,0,0,0,0,6384,0,0,6384,BRA
2025-02-08,5194,435,417,4067,275,0,0,0,0,5194,0,0,0,0,0,0,0,0,5194,0,0,5194,BRA
2025-02-09,4906,393,397,3914,202,0,0,0,0,4906,0,0,0,0,0,0,0,0,4906,0,0,4906,BRA
2025-02-10,5764,413,406,4727,218,0,0,0,0,5764,0,0,0,0,0,0,0,0,5764,0,0,5764,BRA
2025-02-11,5921,462,398,4863,198,0,0,0,0,5921,0,0,0,0,0,0,0,0,5921,0,0,5921,BRA
2025-02-12,5886,431,411,4849,195,0,0,0,0,5886,0,0,0,0,0,0,0,0,5886,0,0,5886,BRA
2025-02-13,5940,408,408,4919,205,0,0,0,0,5940,0,0,0,0,0,0,0,0,5940,0,0,5940,BRA
2025-02-14,6251,443,393,5226,189,0,0,0,0,6251,0,0,0,0,0,0,0,0,6251,0,0,6251,BRA
2025-02-15,5020,429,390,3981,220,0,0,0,0,5020,0,0,0,0,0,0,0,0,5020,0,0,5020,BRA
2025-02-16,4960,399,402,3957,202,0,0,0,0,4960,0,0,0,0,0,0,0,0,4960,0,0,4960,BRA
2025-02-17,5778,414,416,4736,212,0,0,0,0,5778,0,0,0,0,0,0,0,0,5778,0,0,5778,BRA
2025-02-18,5820,423,376,4825,196,0,0,0,0,5820,0,0,0,0,0,0,0,0,5820,0,0,5820,BRA
2025-02-19,6063,437,382,5059,185,0,0,0,0,6063,0,0,0,0,0,0,0,0,6063,0,0,6063,BRA
2025-02-20,6216,426,405,5189,196,0,0,0,0,6216,0,0,0,0,0,0,0,0,6216,0,0,6216,BRA
2025-02-21,6565,457,415,5497,196,0,0,0,0,6565,0,0,0,0,0,0,0,0,6565,0,0,6565,BRA
2025-02-22,5253,439,386,4197,231,0,0,0,0,5253,0,0,0,0,0,0,0,0,5253,0,0,5253,BRA
2025-02-23,5010,384,384,4034,208,0,0,0,0,5010,0,0,0,0,0,0,0,0,5010,0,0,5010,BRA
2025-02-24,5786,414,392,4774,206,0,0,0,0,5786,0,0,0,0,0,0,0,0,5786,0,0,5786,BRA
2025-02-25,6036,426,370,5032,208,0,0,0,0,6036,0,0,0,0,0,0,0,0,6036,0,0,6036,BRA
2025-02-26,6141,449,430,5080,182,0,0,0,0,6141,0,0,0,0,0,0,0,0,6141,0,0,6141,BRA
2025-02-27,6484,456,442,5366,220,0,0,0,0,6484,0,0,0,0,0,0,0,0,6484,0,0,6484,BRA
2025-02-28,7192,507,413,6065,207,0,0,0,0,7192,0,0,0,0,0,0,0,0,7192,0,0,7192,BRA
2025-03-01,5723,493,415,4541,274,0,0,0,0,5723,0,0,0,0,0,0,0,0,5723,0,0,5723,BRA
2025-03-02,3971,374,365,3029,203,0,0,0,0,3971,0,0,0,0,0,0,0,0,3971,0,0,3971,BRA
2025-03-03,4094,390,371,3120,213,0,0,0,0,4094,0,0,0,0,0,0,0,0,4094,0,0,4094,BRA
2025-03-04,4808,405,404,3783,216,0,0,0,0,4808,0,0,0,0,0,0,0,0,4808,0,0,4808,BRA
2025-03-05,6037,414,427,4992,204,0,0,0,0,6037,0,0,0,0,0,0,0,0,6037,0,0,6037,BRA
2025-03-06,5789,409,405,4769,206,0,0,0,0,5789,0,0,0,0,0,0,0,0,5789,0,0,5789,BRA
2025-03-07,5836,419,393,4815,209,0,0,0,0,5836,0,0,0,0,0,0,0,0,5836,0,0,5836,BRA
2025-03-08,5208,411,402,4196,199,0,0,0,0,5208,0,0,0,0,0,0,0,0,5208,0,0,5208,BRA
2025-03-09,5203,402,440,4153,208,0,0,0,0,5203,0,0,0,0,0,0,0,0,5203,0,0,5203,BRA
2025-03-10,5665,392,387,4671,215,0,0,0,0,5665,0,0,0,0,0,0,0,0,5665,0,0,5665,BRA
2025-03-11,5688,400,360,4711,217,0,0,0,0,5688,0,0,0,0,0,0,0,0,5688,0,0,5688,BRA
2025-03-12,5948,410,389,4941,208,0,0,0,0,5948,0,0,0,0,0,0,0,0,5948,0,0,5948,BRA
2025-03-13,6026,398,382,5031,215,0,0,0,0,6026,0,0,0,0,0,0,0,0,6026,0,0,6026,BRA
2025-03-14,6146,382,382,5162,220,0,0,0,0,6146,0,0,0,0,0,0,0,0,6146,0,0,6146,BRA
2025-03-15,5016,385,386,4009,236,0,0,0,0,5016,0,0,0,0,0,0,0,0,5016,0,0,5016,BRA
2025-03-16,4786,371,388,3817,210,0,0,0,0,4786,0,0,0,0,0,0,0,0,4786,0,0,4786,BRA
2025-03-17,5752,390,373,4786,203,0,0,0,0,5752,0,0,0,0,0,0,0,0,5752,0,0,5752,BRA
2025-03-18,5821,384,348,4885,204,0,0,0,0,5821,0,0,0,0,0,0,0,0,5821,0,0,5821,BRA
2025-03-19,6045,394,370,5083,198,0,0,0,0,6045,0,0,0,0,0,0,0,0,6045,0,0,6045,BRA
2025-03-20,6283,418,397,5242,226,0,0,0,0,6283,0,0,0,0,0,0,0,0,6283,0,0,6283,BRA
2025-03-21,6527,444,412,5455,216,0,0,0,0,6527,0,0,0,0,0,0,0,0,6527,0,0,6527,BRA
2025-03-22,5133,398,372,4156,207,0,0,0,0,5133,0,0,0,0,0,0,0,0,5133,0,0,5133,BRA
2025-03-23,4775,366,354,3851,204,0,0,0,0,4775,0,0,0,0,0,0,0,0,4775,0,0,4775,BRA
2025-03-24,5564,377,378,4578,231,0,0,0,0,5564,0,0,0,0,0,0,0,0,5564,0,0,5564,BRA
2025-03-25,5848,410,391,4830,217,0,0,0,0,5848,0,0,0,0,0,0,0,0,5848,0,0,5848,BRA
2025-03-26,5901,403,349,4924,225,0,0,0,0,5901,0,0,0,0,0,0,0,0,5901,0,0,5901,BRA
2025-03-27,6171,397,388,5168,218,0,0,0,0,6171,0,0,0,0,0,0,0,0,6171,0,0,6171,BRA
2025-03-28,6281,412,374,5286,209,0,0,0,0,6281,0,0,0,0,0,0,0,0,6281,0,0,6281,BRA
2025-03-29,5089,392,389,4101,207,0,0,0,0,5089,0,0,0,0,0,0,0,0,5089,0,0,5089,BRA
2025-03-30,4968,361,377,4029,201,0,0,0,0,4968,0,0,0,0,0,0,0,0,4968,0,0,4968,BRA
2025-03-31,5471,390,381,4495,205,0,0,0,0,5471,0,0,0,0,0,0,0,0,5471,0,0,5471,BRA
2025-04-01,5644,366,353,4740,185,0,0,0,0,5644,0,0,0,0,0,0,0,0,5644,0,0,5644,BRA
2025-04-02,5968,382,349,5052,185,0,0,0,0,5968,0,0,0,0,0,0,0,0,5968,0,0,5968,BRA
2025-04-03,5941,377,374,4996,194,0,0,0,0,5941,0,0,0,0,0,0,0,0,5941,0,0,5941,BRA
2025-04-04,5910,349,321,5053,187,0,0,0,0,5910,0,0,0,0,0,0,0,0,5910,0,0,5910,BRA
2025-04-05,4514,312,297,3701,204,0,0,0,0,4514,0,0,0,0,0,0,0,0,4514,0,0,4514,BRA
2025-04-06,4701,341,361,3782,217,0,0,0,0,4701,0,0,0,0,0,0,0,0,4701,0,0,4701,BRA
2025-04-07,5506,373,353,4575,205,0,0,0,0,5506,0,0,0,0,0,0,0,0,5506,0,0,5506,BRA
2025-04-08,5736,381,354,4785,216,0,0,0,0,5736,0,0,0,0,0,0,0,0,5736,0,0,5736,BRA
2025-04-09,6054,386,360,5110,198,0,0,0,0,6054,0,0,0,0,0,0,0,0,6054,0,0,6054,BRA
2025-04-10,5923,337,337,5101,148,0,0,0,0,5923,0,0,0,0,0,0,0,0,5923,0,0,5923,BRA
2025-04-11,6556,412,375,5549,220,0,0,0,0,6556,0,0,0,0,0,0,0,0,6556,0,0,6556,BRA
2025-04-12,5213,403,384,4217,209,0,0,0,0,5213,0,0,0,0,0,0,0,0,5213,0,0,5213,BRA
2025-04-13,4791,378,382,3824,207,0,0,0,0,4791,0,0,0,0,0,0,0,0,4791,0,0,4791,BRA
2025-04-14,5582,368,346,4660,208,0,0,0,0,5582,0,0,0,0,0,0,0,0,5582,0,0,5582,BRA
2025-04-15,5958,374,330,5039,215,0,0,0,0,5958,0,0,0,0,0,0,0,0,5958,0,0,5958,BRA
2025-04-16,6005,384,352,5079,190,0,0,0,0,6005,0,0,0,0,0,0,0,0,6005,0,0,6005,BRA
2025-04-17,6896,417,379,5889,211,0,0,0,0,6896,0,0,0,0,0,0,0,0,6896,0,0,6896,BRA
2025-04-18,5145,401,354,4182,208,0,0,0,0,5145,0,0,0,0,0,0,0,0,5145,0,0,5145,BRA
2025-04-19,3724,390,338,2792,204,0,0,0,0,3724,0,0,0,0,0,0,0,0,3724,0,0,3724,BRA
2025-04-20,3747,366,366,2813,202,0,0,0,0,3747,0,0,0,0,0,0,0,0,3747,0,0,3747,BRA
2025-04-21,6304,400,449,5236,219,0,0,0,0,6304,0,0,0,0,0,0,0,0,6304,0,0,6304,BRA
2025-04-22,6001,389,345,5062,205,0,0,0,0,6001,0,0,0,0,0,0,0,0,6001,0,0,6001,BRA
2025-04-23,5956,382,358,5032,184,0,0,0,0,5956,0,0,0,0,0,0,0,0,5956,0,0,5956,BRA
2025-04-24,5890,389,390,4909,202,0,0,0,0,5890,0,0,0,0,0,0,0,0,5890,0,0,5890,BRA
2025-04-25,5719,361,344,4815,199,0,0,0,0,5719,0,0,0,0,0,0,0,0,5719,0,0,5719,BRA
2025-04-26,5023,388,363,4074,198,0,0,0,0,5023,0,0,0,0,0,0,0,0,5023,0,0,5023,BRA
2025-04-27,4843,342,356,3949,196,0,0,0,0,4843,0,0,0,0,0,0,0,0,4843,0,0,4843,BRA
2025-04-28,5507,361,352,4597,197,0,0,0,0,5507,0,0,0,0,0,0,0,0,5507,0,0,5507,BRA
2025-04-29,6202,386,364,5235,217,0,0,0,0,6202,0,0,0,0,0,0,0,0,6202,0,0,6202,BRA
2025-04-30,6908,421,366,5925,196,0,0,0,0,6908,0,0,0,0,0,0,0,0,6908,0,0,6908,BRA
2025-05-01,6384,427,384,5358,215,0,0,0,0,6384,0,0,0,0,0,0,0,0,6384,0,0,6384,BRA
2025-05-02,5037,380,336,4126,195,0,0,0,0,5037,0,0,0,0,0,0,0,0,5037,0,0,5037,BRA
2025-05-03,4693,386,366,3756,185,0,0,0,0,4693,0,0,0,0,0,0,0,0,4693,0,0,4693,BRA
2025-05-04,5699,362,383,4747,207,0,0,0,0,5699,0,0,0,0,0,0,0,0,5699,0,0,5699,BRA
2025-05-05,6071,438,431,4992,210,0,0,0,0,6071,0,0,0,0,0,0,0,0,6071,0,0,6071,BRA
2025-05-06,5960,378,364,5024,194,0,0,0,0,5960,0,0,0,0,0,0,0,0,5960,0,0,5960,BRA
2025-05-07,6191,386,371,5264,170,0,0,0,0,6191,0,0,0,0,0,0,0,0,6191,0,0,6191,BRA
2025-05-08,6357,370,372,5402,213,0,0,0,0,6357,0,0,0,0,0,0,0,0,6357,0,0,6357,BRA
2025-05-09,6308,396,365,5360,187,0,0,0,0,6308,0,0,0,0,0,0,0,0,6308,0,0,6308,BRA
2025-05-10,5195,395,370,4216,214,0,0,0,0,5195,0,0,0,0,0,0,0,0,5195,0,0,5195,BRA
2025-05-11,4509,282,297,3727,203,0,0,0,0,4509,0,0,0,0,0,0,0,0,4509,0,0,4509,BRA
2025-05-12,5692,414,366,4723,189,0,0,0,0,5692,0,0,0,0,0,0,0,0,5692,0,0,5692,BRA
2025-05-13,5983,400,353,5041,189,0,0,0,0,5983,0,0,0,0,0,0,0,0,5983,0,0,5983,BRA
2025-05-14,6178,402,371,5234,171,0,0,0,0,6178,0,0,0,0,0,0,0,0,6178,0,0,6178,BRA
2025-05-15,6377,403,389,5372,213,0,0,0,0,6377,0,0,0,0,0,0,0,0,6377,0,0,6377,BRA
2025-05-16,6480,400,369,5505,206,0,0,0,0,6480,0,0,0,0,0,0,0,0,6480,0,0,6480,BRA
2025-05-17,5245,375,350,4311,209,0,0,0,0,5245,0,0,0,0,0,0,0,0,5245,0,0,5245,BRA
2025-05-18,5111,346,350,4220,195,0,0,0,0,5111,0,0,0,0,0,0,0,0,5111,0,0,5111,BRA
2025-05-19,5854,369,352,4921,212,0,0,0,0,5854,0,0,0,0,0,0,0,0,5854,0,0,5854,BRA
2025-05-20,6057,395,344,5124,194,0,0,0,0,6057,0,0,0,0,0,0,0,0,6057,0,0,6057,BRA
2025-05-21,6121,394,361,5189,177,0,0,0,0,6121,0,0,0,0,0,0,0,0,6121,0,0,6121,BRA
2025-05-22,6274,391,387,5285,211,0,0,0,0,6274,0,0,0,0,0,0,0,0,6274,0,0,6274,BRA
2025-05-23,6356,389,360,5406,201,0,0,0,0,6356,0,0,0,0,0,0,0,0,6356,0,0,6356,BRA
2025-05-24,5167,404,371,4204,188,0,0,0,0,5167,0,0,0,0,0,0,0,0,5167,0,0,5167,BRA
2025-05-25,5237,340,391,4297,209,0,0,0,0,5237,0,0,0,0,0,0,0,0,5237,0,0,5237,BRA
2025-05-26,5763,371,347,4856,189,0,0,0,0,5763,0,0,0,0,0,0,0,0,5763,0,0,5763,BRA
2025-05-27,6004,352,340,5135,177,0,0,0,0,6004,0,0,0,0,0,0,0,0,6004,0,0,6004,BRA
2025-05-28,5542,373,366,4623,180,0,0,0,0,5542,0,0,0,0,0,0,0,0,5542,0,0,5542,BRA
2025-05-29,6101,393,363,5136,209,0,0,0,0,6101,0,0,0,0,0,0,0,0,6101,0,0,6101,BRA
2025-05-30,6455,390,346,5523,196,0,0,0,0,6455,0,0,0,0,0,0,0,0,6455,0,0,6455,BRA
2025-05-31,5341,395,350,4398,198,0,0,0,0,5341,0,0,0,0,0,0,0,0,5341,0,0,5341,BRA
2025-06-01,5081,340,391,4161,189,0,0,0,0,5081,0,0,0,0,0,0,0,0,5081,0,0,5081,BRA
2025-06-02,5892,367,369,4963,193,0,0,0,0,5892,0,0,0,0,0,0,0,0,5892,0,0,5892,BRA
2025-06-03,5793,365,356,4860,212,0,0,0,0,5793,0,0,0,0,0,0,0,0,5793,0,0,5793,BRA
2025-06-04,6180,385,344,5265,186,0,0,0,0,6180,0,0,0,0,0,0,0,0,6180,0,0,6180,BRA
2025-06-05,6085,374,379,5130,202,0,0,0,0,6085,0,0,0,0,0,0,0,0,6085,0,0,6085,BRA
2025-06-06,6555,386,380,5577,212,0,0,0,0,6555,0,0,0,0,0,0,0,0,6555,0,0,6555,BRA
2025-06-07,5128,385,360,4175,208,0,0,0,0,5128,0,0,0,0,0,0,0,0,5128,0,0,5128,BRA
2025-06-08,4965,352,365,4053,195,0,0,0,0,4965,0,0,0,0,0,0,0,0,4965,0,0,4965,BRA
2025-06-09,5492,364,355,4564,209,0,0,0,0,5492,0,0,0,0,0,0,0,0,5492,0,0,5492,BRA
2025-06-10,5997,376,339,5080,202,0,0,0,0,5997,0,0,0,0,0,0,0,0,5997,0,0,5997,BRA
2025-06-11,6365,381,324,5472,188,0,0,0,0,6365,0,0,0,0,0,0,0,0,6365,0,0,6365,BRA
2025-06-12,6327,387,382,5349,209,0,0,0,0,6327,0,0,0,0,0,0,0,0,6327,0,0,6327,BRA
2025-06-13,6089,391,364,5118,216,0,0,0,0,6089,0,0,0,0,0,0,0,0,6089,0,0,6089,BRA
2025-06-14,5062,327,302,4241,192,0,0,0,0,5062,0,0,0,0,0,0,0,0,5062,0,0,5062,BRA
2025-06-15,4776,301,307,3972,196,0,0,0,0,4776,0,0,0,0,0,0,0,0,4776,0,0,4776,BRA
2025-06-16,5802,326,318,4951,207,0,0,0,0,5802,0,0,0,0,0,0,0,0,5802,0,0,5802,BRA
2025-06-17,5898,303,296,5094,205,0,0,0,0,5898,0,0,0,0,0,0,0,0,5898,0,0,5898,BRA
2025-06-18,6580,351,313,5717,199,0,0,0,0,6580,0,0,0,0,0,0,0,0,6580,0,0,6580,BRA
2025-06-19,6416,476,410,5307,223,0,0,0,0,6416,0,0,0,0,0,0,0,0,6416,0,0,6416,BRA
2025-06-20,4968,372,371,4020,205,0,0,0,0,4968,0,0,0,0,0,0,0,0,4968,0,0,4968,BRA
2025-06-21,4742,395,367,3766,214,0,0,0,0,4742,0,0,0,0,0,0,0,0,4742,0,0,4742,BRA
2025-06-22,5723,359,403,4757,204,0,0,0,0,5723,0,0,0,0,0,0,0,0,5723,0,0,5723,BRA
2025-06-23,5633,392,396,4627,218,0,0,0,0,5633,0,0,0,0,0,0,0,0,5633,0,0,5633,BRA
2025-06-24,6161,354,348,5233,226,0,0,0,0,6161,0,0,0,0,0,0,0,0,6161,0,0,6161,BRA
2025-06-25,6649,410,386,5656,197,0,0,0,0,6649,0,0,0,0,0,0,0,0,6649,0,0,6649,BRA
2025-06-26,6606,423,402,5555,226,0,0,0,0,6606,0,0,0,0,0,0,0,0,6606,0,0,6606,BRA
2025-06-27,6620,428,377,5611,204,0,0,0,0,6620,0,0,0,0,0,0,0,0,6620,0,0,6620,BRA
2025-06-28,5522,415,394,4508,205,0,0,0,0,5522,0,0,0,0,0,0,0,0,5522,0,0,5522,BRA
2025-06-29,5219,375,372,4281,191,0,0,0,0,5219,0,0,0,0,0,0,0,0,5219,0,0,5219,BRA
2025-06-30,5811,410,382,4801,218,0,0,0,0,5811,0,0,0,0,0,0,0,0,5811,0,0,5811,BRA
2025-07-01,5765,371,362,4831,201,0,0,0,0,5765,0,0,0,0,0,0,0,0,5765,0,0,5765,BRA
2025-07-02,5833,338,304,4989,202,0,0,0,0,5833,0,0,0,0,0,0,0,0,5833,0,0,5833,BRA
2025-07-03,6066,352,328,5177,209,0,0,0,0,6066,0,0,0,0,0,0,0,0,6066,0,0,6066,BRA
2025-07-04,6435,445,425,5342,223,0,0,0,0,6435,0,0,0,0,0,0,0,0,6435,0,0,6435,BRA
2025-07-05,5645,477,453,4472,243,0,0,0,0,5645,0,0,0,0,0,0,0,0,5645,0,0,5645,BRA
2025-07-06,5292,447,450,4164,231,0,0,0,0,5292,0,0,0,0,0,0,0,0,5292,0,0,5292,BRA
2025-07-07,6048,428,393,5002,225,0,0,0,0,6048,0,0,0,0,0,0,0,0,6048,0,0,6048,BRA
2025-07-08,6169,439,393,5136,201,0,0,0,0,6169,0,0,0,0,0,0,0,0,6169,0,0,6169,BRA
2025-07-09,6282,448,425,5206,203,0,0,0,0,6282,0,0,0,0,0,0,0,0,6282,0,0,6282,BRA
2025-07-10,6427,443,443,5324,217,0,0,0,0,6427,0,0,0,0,0,0,0,0,6427,0,0,6427,BRA
2025-07-11,6644,480,440,5508,216,0,0,0,0,6644,0,0,0,0,0,0,0,0,6644,0,0,6644,BRA
2025-07-12,5458,430,401,4401,226,0,0,0,0,5458,0,0,0,0,0,0,0,0,5458,0,0,5458,BRA
2025-07-13,5315,410,415,4277,213,0,0,0,0,5315,0,0,0,0,0,0,0,0,5315,0,0,5315,BRA
2025-07-14,6000,434,417,4936,213,0,0,0,0,6000,0,0,0,0,0,0,0,0,6000,0,0,6000,BRA
2025-07-15,6120,431,418,5050,221,0,0,0,0,6120,0,0,0,0,0,0,0,0,6120,0,0,6120,BRA
2025-07-16,6475,457,419,5369,230,0,0,0,0,6475,0,0,0,0,0,0,0,0,6475,0,0,6475,BRA
2025-07-17,6505,478,432,5373,222,0,0,0,0,6505,0,0,0,0,0,0,0,0,6505,0,0,6505,BRA
2025-07-18,6525,456,429,5424,216,0,0,0,0,6525,0,0,0,0,0,0,0,0,6525,0,0,6525,BRA
2025-07-19,5647,453,423,4543,228,0,0,0,0,5647,0,0,0,0,0,0,0,0,5647,0,0,5647,BRA
2025-07-20,5384,412,435,4322,215,0,0,0,0,5384,0,0,0,0,0,0,0,0,5384,0,0,5384,BRA
2025-07-21,5932,437,400,4865,230,0,0,0,0,5932,0,0,0,0,0,0,0,0,5932,0,0,5932,BRA
2025-07-22,6193,424,419,5123,227,0,0,0,0,6193,0,0,0,0,0,0,0,0,6193,0,0,6193,BRA
2025-07-23,6364,462,419,5264,219,0,0,0,0,6364,0,0,0,0,0,0,0,0,6364,0,0,6364,BRA
2025-07-24,6047,430,391,5023,203,0,0,0,0,6047,0,0,0,0,0,0,0,0,6047,0,0,6047,BRA
2025-07-25,6347,463,455,5185,244,0,0,0,0,6347,0,0,0,0,0,0,0,0,6347,0,0,6347,BRA
2025-07-26,5621,441,420,4543,217,0,0,0,0,5621,0,0,0,0,0,0,0,0,5621,0,0,5621,BRA
2025-07-27,5311,414,445,4244,208,0,0,0,0,5311,0,0,0,0,0,0,0,0,5311,0,0,5311,BRA
2025-07-28,5371,414,412,4346,199,0,0,0,0,5371,0,0,0,0,0,0,0,0,5371,0,0,5371,BRA
2025-07-29,5965,386,367,5001,211,0,0,0,0,5965,0,0,0,0,0,0,0,0,5965,0,0,5965,BRA
2025-07-30,6169,431,391,5134,213,0,0,0,0,6169,0,0,0,0,0,0,0,0,6169,0,0,6169,BRA
2025-07-31,6445,432,448,5318,247,0,0,0,0,6445,0,0,0,0,0,0,0,0,6445,0,0,6445,BRA
2025-08-01,6411,426,416,5352,217,0,0,0,0,6411,0,0,0,0,0,0,0,0,6411,0,0,6411,BRA
2025-08-02,5575,448,434,4480,213,0,0,0,0,5575,0,0,0,0,0,0,0,0,5575,0,0,5575,BRA
2025-08-03,5185,399,409,4171,206,0,0,0,0,5185,0,0,0,0,0,0,0,0,5185,0,0,5185,BRA
2025-08-04,5572,419,403,4543,207,0,0,0,0,5572,0,0,0,0,0,0,0,0,5572,0,0,5572,BRA
2025-08-05,5925,412,395,4908,210,0,0,0,0,5925,0,0,0,0,0,0,0,0,5925,0,0,5925,BRA
2025-08-06,6186,417,394,5182,193,0,0,0,0,6186,0,0,0,0,0,0,0,0,6186,0,0,6186,BRA
2025-08-07,6513,441,439,5401,232,0,0,0,0,6513,0,0,0,0,0,0,0,0,6513,0,0,6513,BRA
2025-08-08,6269,434,407,5203,225,0,0,0,0,6269,0,0,0,0,0,0,0,0,6269,0,0,6269,BRA
2025-08-09,5111,400,362,4126,223,0,0,0,0,5111,0,0,0,0,0,0,0,0,5111,0,0,5111,BRA
2025-08-10,4866,395,399,3868,204,0,0,0,0,4866,0,0,0,0,0,0,0,0,4866,0,0,4866,BRA
2025-08-11,5965,387,379,4987,212,0,0,0,0,5965,0,0,0,0,0,0,0,0,5965,0,0,5965,BRA
2025-08-12,6229,421,390,5191,227,0,0,0,0,6229,0,0,0,0,0,0,0,0,6229,0,0,6229,BRA
2025-08-13,6482,459,396,5431,196,0,0,0,0,6482,0,0,0,0,0,0,0,0,6482,0,0,6482,BRA
2025-08-14,6779,448,428,5684,219,0,0,0,0,6779,0,0,0,0,0,0,0,0,6779,0,0,6779,BRA
2025-08-15,6688,454,441,5562,231,0,0,0,0,6688,0,0,0,0,0,0,0,0,6688,0,0,6688,BRA
2025-08-16,5426,425,401,4371,229,0,0,0,0,5426,0,0,0,0,0,0,0,0,5426,0,0,5426,BRA
2025-08-17,5496,391,409,4485,211,0,0,0,0,5496,0,0,0,0,0,0,0,0,5496,0,0,5496,BRA
2025-08-18,5874,406,381,4882,205,0,0,0,0,5874,0,0,0,0,0,0,0,0,5874,0,0,5874,BRA
2025-08-19,6047,416,373,5050,208,0,0,0,0,6047,0,0,0,0,0,0,0,0,6047,0,0,6047,BRA
2025-08-20,6274,441,387,5225,221,0,0,0,0,6274,0,0,0,0,0,0,0,0,6274,0,0,6274,BRA
2025-08-21,6555,439,410,5479,227,0,0,0,0,6555,0,0,0,0,0,0,0,0,6555,0,0,6555,BRA
2025-08-22,6855,454,414,5779,208,0,0,0,0,6855,0,0,0,0,0,0,0,0,6855,0,0,6855,BRA
2025-08-23,5291,416,381,4272,222,0,0,0,0,5291,0,0,0,0,0,0,0,0,5291,0,0,5291,BRA
2025-08-24,5144,411,420,4113,200,0,0,0,0,5144,0,0,0,0,0,0,0,0,5144,0,0,5144,BRA
2025-08-25,5909,408,382,4909,210,0,0,0,0,5909,0,0,0,0,0,0,0,0,5909,0,0,5909,BRA
2025-08-26,5738,383,356,4792,207,0,0,0,0,5738,0,0,0,0,0,0,0,0,5738,0,0,5738,BRA
2025-08-27,6270,449,403,5212,206,0,0,0,0,6270,0,0,0,0,0,0,0,0,6270,0,0,6270,BRA
2025-08-28,6550,447,420,5465,218,0,0,0,0,6550,0,0,0,0,0,0,0,0,6550,0,0,6550,BRA
2025-08-29,6627,456,436,5514,221,0,0,0,0,6627,0,0,0,0,0,0,0,0,6627,0,0,6627,BRA
2025-08-30,5355,445,398,4301,211,0,0,0,0,5355,0,0,0,0,0,0,0,0,5355,0,0,5355,BRA
2025-08-31,5359,387,391,4384,197,0,0,0,0,5359,0,0,0,0,0,0,0,0,5359,0,0,5359,BRA
2025-09-01,5944,407,401,4922,214,0,0,0,0,5944,0,0,0,0,0,0,0,0,5944,0,0,5944,BRA
2025-09-02,6016,406,357,5021,232,0,0,0,0,6016,0,0,0,0,0,0,0,0,6016,0,0,6016,BRA
2025-09-03,6342,407,394,5341,200,0,0,0,0,6342,0,0,0,0,0,0,0,0,6342,0,0,6342,BRA
2025-09-04,6477,429,374,5466,208,0,0,0,0,6477,0,0,0,0,0,0,0,0,6477,0,0,6477,BRA
2025-09-05,6480,437,413,5405,225,0,0,0,0,6480,0,0,0,0,0,0,0,0,6480,0,0,6480,BRA
2025-09-06,5179,412,389,4168,210,0,0,0,0,5179,0,0,0,0,0,0,0,0,5179,0,0,5179,BRA
2025-09-07,5089,369,376,4136,208,0,0,0,0,5089,0,0,0,0,0,0,0,0,5089,0,0,5089,BRA
2025-09-08,5809,408,416,4780,205,0,0,0,0,5809,0,0,0,0,0,0,0,0,5809,0,0,5809,BRA
2025-09-09,5804,367,354,4856,227,0,0,0,0,5804,0,0,0,0,0,0,0,0,5804,0,0,5804,BRA
2025-09-10,6548,446,420,5463,219,0,0,0,0,6548,0,0,0,0,0,0,0,0,6548,0,0,6548,BRA
2025-09-11,6645,405,396,5608,236,0,0,0,0,6645,0,0,0,0,0,0,0,0,6645,0,0,6645,BRA
2025-09-12,6711,414,410,5672,215,0,0,0,0,6711,0,0,0,0,0,0,0,0,6711,0,0,6711,BRA
2025-09-13,5368,395,378,4361,234,0,0,0,0,5368,0,0,0,0,0,0,0,0,5368,0,0,5368,BRA
2025-09-14,5243,380,398,4256,209,0,0,0,0,5243,0,0,0,0,0,0,0,0,5243,0,0,5243,BRA
2025-09-15,5851,374,358,4914,205,0,0,0,0,5851,0,0,0,0,0,0,0,0,5851,0,0,5851,BRA
2025-09-16,5765,375,340,4837,213,0,0,0,0,5765,0,0,0,0,0,0,0,0,5765,0,0,5765,BRA
2025-09-17,6194,424,400,5158,212,0,0,0,0,6194,0,0,0,0,0,0,0,0,6194,0,0,6194,BRA
2025-09-18,6570,429,386,5538,217,0,0,0,0,6570,0,0,0,0,0,0,0,0,6570,0,0,6570,BRA
2025-09-19,6731,416,399,5714,202,0,0,0,0,6731,0,0,0,0,0,0,0,0,6731,0,0,6731,BRA
2025-09-20,5495,402,398,4463,232,0,0,0,0,5495,0,0,0,0,0,0,0,0,5495,0,0,5495,BRA
2025-09-21,5129,357,379,4196,197,0,0,0,0,5129,0,0,0,0,0,0,0,0,5129,0,0,5129,BRA
2025-09-22,5095,351,353,4175,216,0,0,0,0,5095,0,0,0,0,0,0,0,0,5095,0,0,5095,BRA
2025-09-23,5909,385,354,4936,234,0,0,0,0,5909,0,0,0,0,0,0,0,0,5909,0,0,5909,BRA
2025-09-24,6023,436,381,4979,227,0,0,0,0,6023,0,0,0,0,0,0,0,0,6023,0,0,6023,BRA
2025-09-25,6439,405,381,5420,233,0,0,0,0,6439,0,0,0,0,0,0,0,0,6439,0,0,6439,BRA
2025-09-26,6730,445,428,5608,249,0,0,0,0,6730,0,0,0,0,0,0,0,0,6730,0,0,6730,BRA
2025-09-27,5604,405,383,4568,248,0,0,0,0,5604,0,0,0,0,0,0,0,0,5604,0,0,5604,BRA
2025-09-28,5360,393,395,4352,220,0,0,0,0,5360,0,0,0,0,0,0,0,0,5360,0,0,5360,BRA
2025-09-29,6079,399,367,5098,215,0,0,0,0,6079,0,0,0,0,0,0,0,0,6079,0,0,6079,BRA
2025-09-30,5807,395,356,4847,209,0,0,0,0,5807,0,0,0,0,0,0,0,0,5807,0,0,5807,BRA
2025-10-01,6007,404,359,5057,187,0,0,0,0,6007,0,0,0,0,0,0,0,0,6007,0,0,6007,BRA
2025-10-02,6337,418,400,5312,207,0,0,0,0,6337,0,0,0,0,0,0,0,0,6337,0,0,6337,BRA
2025-10-03,6422,418,380,5431,193,0,0,0,0,6422,0,0,0,0,0,0,0,0,6422,0,0,6422,BRA
2025-10-04,5229,390,349,4272,218,0,0,0,0,5229,0,0,0,0,0,0,0,0,5229,0,0,5229,BRA
2025-10-05,5307,370,377,4343,217,0,0,0,0,5307,0,0,0,0,0,0,0,0,5307,0,0,5307,BRA
2025-10-06,5829,363,352,4897,217,0,0,0,0,5829,0,0,0,0,0,0,0,0,5829,0,0,5829,BRA
2025-10-07,5818,368,332,4909,209,0,0,0,0,5818,0,0,0,0,0,0,0,0,5818,0,0,5818,BRA
2025-10-08,5802,338,317,4943,204,0,0,0,0,5802,0,0,0,0,0,0,0,0,5802,0,0,5802,BRA
2025-10-09,6213,426,410,5133,244,0,0,0,0,6213,0,0,0,0,0,0,0,0,6213,0,0,6213,BRA
2025-10-10,6390,434,428,5308,220,0,0,0,0,6390,0,0,0,0,0,0,0,0,6390,0,0,6390,BRA
2025-10-11,5473,433,363,4461,216,0,0,0,0,5473,0,0,0,0,0,0,0,0,5473,0,0,5473,BRA
2025-10-12,4944,366,384,3993,201,0,0,0,0,4944,0,0,0,0,0,0,0,0,4944,0,0,4944,BRA
2025-10-13,5648,353,378,4702,215,0,0,0,0,5648,0,0,0,0,0,0,0,0,5648,0,0,5648,BRA
2025-10-14,6298,408,390,5288,212,0,0,0,0,6298,0,0,0,0,0,0,0,0,6298,0,0,6298,BRA
2025-10-15,6484,403,399,5478,204,0,0,0,0,6484,0,0,0,0,0,0,0,0,6484,0,0,6484,BRA
2025-10-16,6474,434,416,5410,214,0,0,0,0,6474,0,0,0,0,0,0,0,0,6474,0,0,6474,BRA
2025-10-17,6538,462,428,5439,209,0,0,0,0,6538,0,0,0,0,0,0,0,0,6538,0,0,6538,BRA
2025-10-18,5007,389,372,4042,204,0,0,0,0,5007,0,0,0,0,0,0,0,0,5007,0,0,5007,BRA
2025-10-19,5010,328,357,4136,189,0,0,0,0,5010,0,0,0,0,0,0,0,0,5010,0,0,5010,BRA
2025-10-20,5806,406,363,4820,217,0,0,0,0,5806,0,0,0,0,0,0,0,0,5806,0,0,5806,BRA
2025-10-21,6085,419,389,5034,243,0,0,0,0,6085,0,0,0,0,0,0,0,0,6085,0,0,6085,BRA
2025-10-22,6502,433,406,5458,205,0,0,0,0,6502,0,0,0,0,0,0,0,0,6502,0,0,6502,BRA
2025-10-23,6780,427,407,5722,224,0,0,0,0,6780,0,0,0,0,0,0,0,0,6780,0,0,6780,BRA
2025-10-24,6742,425,397,5702,218,0,0,0,0,6742,0,0,0,0,0,0,0,0,6742,0,0,6742,BRA
2025-10-25,5398,373,351,4460,214,0,0,0,0,5398,0,0,0,0,0,0,0,0,5398,0,0,5398,BRA
2025-10-26,5199,369,393,4253,184,0,0,0,0,5199,0,0,0,0,0,0,0,0,5199,0,0,5199,BRA
2025-10-27,5358,343,322,4487,206,0,0,0,0,5358,0,0,0,0,0,0,0,0,5358,0,0,5358,BRA
2025-10-28,5425,357,344,4521,203,0,0,0,0,5425,0,0,0,0,0,0,0,0,5425,0,0,5425,BRA
2025-10-29,5758,393,356,4823,186,0,0,0,0,5758,0,0,0,0,0,0,0,0,5758,0,0,5758,BRA
2025-10-30,6158,388,389,5165,216,0,0,0,0,6158,0,0,0,0,0,0,0,0,6158,0,0,6158,BRA
2025-10-31,6171,407,368,5173,223,0,0,0,0,6171,0,0,0,0,0,0,0,0,6171,0,0,6171,BRA
2025-11-01,5280,392,369,4286,233,0,0,0,0,5280,0,0,0,0,0,0,0,0,5280,0,0,5280,BRA
2025-11-02,4683,355,381,3734,213,0,0,0,0,4683,0,0,0,0,0,0,0,0,4683,0,0,4683,BRA
2025-11-03,5584,393,380,4597,214,0,0,0,0,5584,0,0,0,0,0,0,0,0,5584,0,0,5584,BRA
2025-11-04,6133,407,370,5142,214,0,0,0,0,6133,0,0,0,0,0,0,0,0,6133,0,0,6133,BRA
2025-11-05,6178,395,402,5160,221,0,0,0,0,6178,0,0,0,0,0,0,0,0,6178,0,0,6178,BRA
2025-11-06,6399,414,402,5376,207,0,0,0,0,6399,0,0,0,0,0,0,0,0,6399,0,0,6399,BRA
2025-11-07,6323,432,419,5248,224,0,0,0,0,6323,0,0,0,0,0,0,0,0,6323,0,0,6323,BRA
2025-11-08,4884,394,372,3907,211,0,0,0,0,4884,0,0,0,0,0,0,0,0,4884,0,0,4884,BRA
2025-11-09,5303,395,388,4328,192,0,0,0,0,5303,0,0,0,0,0,0,0,0,5303,0,0,5303,BRA
2025-11-10,6305,457,425,5202,221,0,0,0,0,6305,0,0,0,0,0,0,0,0,6305,0,0,6305,BRA
2025-11-11,6419,429,365,5401,224,0,0,0,0,6419,0,0,0,0,0,0,0,0,6419,0,0,6419,BRA
2025-11-12,6382,413,396,5363,210,0,0,0,0,6382,0,0,0,0,0,0,0,0,6382,0,0,6382,BRA
2025-11-13,6293,398,361,5314,220,0,0,0,0,6293,0,0,0,0,0,0,0,0,6293,0,0,6293,BRA
2025-11-14,6571,432,417,5507,215,0,0,0,0,6571,0,0,0,0,0,0,0,0,6571,0,0,6571,BRA
2025-11-15,5243,386,363,4287,207,0,0,0,0,5243,0,0,0,0,0,0,0,0,5243,0,0,5243,BRA
2025-11-16,4893,382,398,3922,191,0,0,0,0,4893,0,0,0,0,0,0,0,0,4893,0,0,4893,BRA
2025-11-17,5463,383,381,4492,207,0,0,0,0,5463,0,0,0,0,0,0,0,0,5463,0,0,5463,BRA
2025-11-18,5777,392,356,4811,218,0,0,0,0,5777,0,0,0,0,0,0,0,0,5777,0,0,5777,BRA
2025-11-19,7010,418,397,5974,221,0,0,0,0,7010,0,0,0,0,0,0,0,0,7010,0,0,7010,BRA
2025-11-20,6467,452,407,5368,240,0,0,0,0,6467,0,0,0,0,0,0,0,0,6467,0,0,6467,BRA
2025-11-21,5671,433,398,4620,220,0,0,0,0,5671,0,0,0,0,0,0,0,0,5671,0,0,5671,BRA
2025-11-22,4971,391,355,4017,208,0,0,0,0,4971,0,0,0,0,0,0,0,0,4971,0,0,4971,BRA
2025-11-23,5740,374,437,4721,208,0,0,0,0,5740,0,0,0,0,0,0,0,0,5740,0,0,5740,BRA
2025-11-24,5575,385,373,4574,243,0,0,0,0,5575,0,0,0,0,0,0,0,0,5575,0,0,5575,BRA
2025-11-25,6279,392,358,5290,239,0,0,0,0,6279,0,0,0,0,0,0,0,0,6279,0,0,6279,BRA
2025-11-26,6568,400,385,5573,210,0,0,0,0,6568,0,0,0,0,0,0,0,0,6568,0,0,6568,BRA
2025-11-27,6773,426,379,5747,221,0,0,0,0,6773,0,0,0,0,0,0,0,0,6773,0,0,6773,BRA
2025-11-28,6649,465,399,5588,197,0,0,0,0,6649,0,0,0,0,0,0,0,0,6649,0,0,6649,BRA
2025-11-29,5584,397,363,4571,253,0,0,0,0,5584,0,0,0,0,0,0,0,0,5584,0,0,5584,BRA
2025-11-30,5397,386,464,4330,217,0,0,0,0,5397,0,0,0,0,0,0,0,0,5397,0,0,5397,BRA
2025-12-01,6088,409,417,5041,221,0,0,0,0,6088,0,0,0,0,0,0,0,0,6088,0,0,6088,BRA
2025-12-02,5927,419,373,4934,201,0,0,0,0,5927,0,0,0,0,0,0,0,0,5927,0,0,5927,BRA
2025-12-03,6273,419,404,5227,223,0,0,0,0,6273,0,0,0,0,0,0,0,0,6273,0,0,6273,BRA
2025-12-04,6424,425,409,5356,234,0,0,0,0,6424,0,0,0,0,0,0,0,0,6424,0,0,6424,BRA
2025-12-05,6837,450,433,5735,219,0,0,0,0,6837,0,0,0,0,0,0,0,0,6837,0,0,6837,BRA
2025-12-06,5619,409,392,4579,239,0,0,0,0,5619,0,0,0,0,0,0,0,0,5619,0,0,5619,BRA
2025-12-07,5272,403,383,4260,226,0,0,0,0,5272,0,0,0,0,0,0,0,0,5272,0,0,5272,BRA
2025-12-08,5816,442,417,4748,209,0,0,0,0,5816,0,0,0,0,0,0,0,0,5816,0,0,5816,BRA
2025-12-09,5309,384,367,4350,208,0,0,0,0,5309,0,0,0,0,0,0,0,0,5309,0,0,5309,BRA
2025-12-10,5711,398,393,4695,225,0,0,0,0,5711,0,0,0,0,0,0,0,0,5711,0,0,5711,BRA
2025-12-11,6727,457,416,5610,244,0,0,0,0,6727,0,0,0,0,0,0,0,0,6727,0,0,6727,BRA
2025-12-12,6528,443,424,5442,219,0,0,0,0,6528,0,0,0,0,0,0,0,0,6528,0,0,6528,BRA
2025-12-13,5224,410,387,4186,241,0,0,0,0,5224,0,0,0,0,0,0,0,0,5224,0,0,5224,BRA
2025-12-14,5145,392,412,4122,219,0,0,0,0,5145,0,0,0,0,0,0,0,0,5145,0,0,5145,BRA
2025-12-15,6130,449,408,5040,233,0,0,0,0,6130,0,0,0,0,0,0,0,0,6130,0,0,6130,BRA
2025-12-16,5952,403,401,4934,214,0,0,0,0,5952,0,0,0,0,0,0,0,0,5952,0,0,5952,BRA
2025-12-17,6088,409,391,5090,198,0,0,0,0,6088,0,0,0,0,0,0,0,0,6088,0,0,6088,BRA
2025-12-18,6431,428,414,5361,228,0,0,0,0,6431,0,0,0,0,0,0,0,0,6431,0,0,6431,BRA
2025-12-19,6681,463,449,5537,232,0,0,0,0,6681,0,0,0,0,0,0,0,0,6681,0,0,6681,BRA
2025-12-20,6044,458,430,4936,220,0,0,0,0,6044,0,0,0,0,0,0,0,0,6044,0,0,6044,BRA
2025-12-21,5475,449,439,4388,199,0,0,0,0,5475,0,0,0,0,0,0,0,0,5475,0,0,5475,BRA
2025-12-22,6114,431,403,5057,223,0,0,0,0,6114,0,0,0,0,0,0,0,0,6114,0,0,6114,BRA
2025-12-23,6159,436,408,5089,226,0,0,0,0,6159,0,0,0,0,0,0,0,0,6159,0,0,6159,BRA
2025-12-24,4364,372,369,3452,171,0,0,0,0,4364,0,0,0,0,0,0,0,0,4364,0,0,4364,BRA
2025-12-25,3719,349,355,2830,185,0,0,0,0,3719,0,0,0,0,0,0,0,0,3719,0,0,3719,BRA
2025-12-26,6517,495,455,5352,215,0,0,0,0,6517,0,0,0,0,0,0,0,0,6517,0,0,6517,BRA
2025-12-27,6256,451,430,5148,227,0,0,0,0,6256,0,0,0,0,0,0,0,0,6256,0,0,6256,BRA
2025-12-28,5285,446,447,4165,227,0,0,0,0,5285,0,0,0,0,0,0,0,0,5285,0,0,5285,BRA
2025-12-29,5727,471,465,4532,259,0,0,0,0,5727,0,0,0,0,0,0,0,0,5727,0,0,5727,BRA
2025-12-30,5556,436,415,4449,256,0,0,0,0,5556,0,0,0,0,0,0,0,0,5556,0,0,5556,BRA
2025-12-31,4559,418,397,3517,227,0,0,0,0,4559,0,0,0,0,0,0,0,0,4559,0,0,4559,BRA
